filepath,source,source_group,class_name,label,is_plant,split,unknown_subtype,source_id
/kaggle/input/datasets/dhamur/cotton-plant-disease/Cotton leaves/40 Images/Healthy/pil_color_16.jpg,cotton,cotton::Healthy,Healthy,3,1,train,,
/kaggle/input/datasets/dhamur/cotton-plant-disease/Cotton leaves/40 Images/Aphids/vertical_flippil_sharpness_12.jpg,cotton,cotton::Aphids,Aphids,0,1,train,,
/kaggle/input/datasets/dhamur/cotton-plant-disease/Cotton leaves/40 Images/Army worm/rotate_zoompil_constract_11.jpg,cotton,cotton::Army worm,Army worm,1,1,train,,
/kaggle/input/datasets/dhamur/cotton-plant-disease/Cotton leaves/40 Images/Powdery mildew/random_crop_pil_sharpness_12.jpg,cotton,cotton::Powdery mildew,Powdery mildew,4,1,train,,
/kaggle/working/exp02_robust_open_set/unknown_sources/cifar10/train/00236_f4eb1c7eae64.png,cifar10,cifar10::f4eb1c7eae64d707,Unclassified,6,0,train,animal,cat
/kaggle/input/datasets/dhamur/cotton-plant-disease/Cotton leaves/40 Images/Bacterial blight/random_crop_pil_brightness_16.jpg,cotton,cotton::Bacterial blight,Bacterial blight,2,1,train,,
/kaggle/input/datasets/dhamur/cotton-plant-disease/Cotton leaves/40 Images/Healthy/rotate_zoompil_color_6.jpg,cotton,cotton::Healthy,Healthy,3,1,train,,
/kaggle/input/datasets/dhamur/cotton-plant-disease/Cotton leaves/40 Images/Powdery mildew/random_crop_pil_color_36.jpg,cotton,cotton::Powdery mildew,Powdery mildew,4,1,train,,
/kaggle/input/datasets/dhamur/cotton-plant-disease/Cotton leaves/40 Images/Aphids/rotate_zoompil_color_16.jpg,cotton,cotton::Aphids,Aphids,0,1,train,,
/kaggle/input/datasets/dhamur/cotton-plant-disease/Cotton leaves/40 Images/Army worm/vertical_flippil_brightness_20.jpg,cotton,cotton::Army worm,Army worm,1,1,train,,
/kaggle/input/datasets/dhamur/cotton-plant-disease/Cotton leaves/40 Images/Powdery mildew/random_crop_pil_brightness_33.jpg,cotton,cotton::Powdery mildew,Powdery mildew,4,1,train,,
/kaggle/input/datasets/dhamur/cotton-plant-disease/Cotton leaves/40 Images/Target spot/vertical_flip6.jpg,cotton,cotton::Target spot,Target spot,5,1,train,,
/kaggle/input/datasets/dhamur/cotton-plant-disease/Cotton leaves/40 Images/Aphids/pil_sharpness_35.jpg,cotton,cotton::Aphids,Aphids,0,1,train,,
/kaggle/input/datasets/dhamur/cotton-plant-disease/Cotton leaves/40 Images/Bacterial blight/vertical_flippil_brightness_19.jpg,cotton,cotton::Bacterial blight,Bacterial blight,2,1,train,,
/kaggle/input/datasets/dhamur/cotton-plant-disease/Cotton leaves/40 Images/Aphids/random_crop_pil_sharpness_16.jpg,cotton,cotton::Aphids,Aphids,0,1,train,,
/kaggle/input/datasets/dhamur/cotton-plant-disease/Cotton leaves/40 Images/Healthy/rotate_zoompil_constract_24.jpg,cotton,cotton::Healthy,Healthy,3,1,train,,
/kaggle/input/datasets/dhamur/cotton-plant-disease/Cotton leaves/40 Images/Army worm/random_translation_pil_color_9.jpg,cotton,cotton::Army worm,Army worm,1,1,train,,
/kaggle/input/datasets/dhamur/cotton-plant-disease/Cotton leaves/40 Images/Powdery mildew/rotate_zoom4.jpg,cotton,cotton::Powdery mildew,Powdery mildew,4,1,train,,
/kaggle/input/datasets/dhamur/cotton-plant-disease/Cotton leaves/40 Images/Bacterial blight/pil_color_40.jpg,cotton,cotton::Bacterial blight,Bacterial blight,2,1,train,,
/kaggle/working/exp02_robust_open_set/unknown_sources/cifar10/train/00476_b3decccbd25b.png,cifar10,cifar10::b3decccbd25b2861,Unclassified,6,0,train,animal,cat
/kaggle/input/datasets/dhamur/cotton-plant-disease/Cotton leaves/40 Images/Healthy/vertical_flippil_constract_17.jpg,cotton,cotton::Healthy,Healthy,3,1,train,,
/kaggle/input/datasets/dhamur/cotton-plant-disease/Cotton leaves/40 Images/Bacterial blight/random_crop_pil_color_24.jpg,cotton,cotton::Bacterial blight,Bacterial blight,2,1,train,,
/kaggle/input/datasets/dhamur/cotton-plant-disease/Cotton leaves/40 Images/Army worm/vertical_flippil_constract_11.jpg,cotton,cotton::Army worm,Army worm,1,1,train,,
/kaggle/input/datasets/dhamur/cotton-plant-disease/Cotton leaves/40 Images/Bacterial blight/random_crop_pil_color_32.jpg,cotton,cotton::Bacterial blight,Bacterial blight,2,1,train,,
/kaggle/input/datasets/dhamur/cotton-plant-disease/Cotton leaves/40 Images/Bacterial blight/10.jpg,cotton,cotton::Bacterial blight,Bacterial blight,2,1,train,,
/kaggle/input/datasets/dhamur/cotton-plant-disease/Cotton leaves/40 Images/Powdery mildew/random_crop_pil_constract_32.jpg,cotton,cotton::Powdery mildew,Powdery mildew,4,1,train,,
/kaggle/input/datasets/dhamur/cotton-plant-disease/Cotton leaves/40 Images/Aphids/28.jpg,cotton,cotton::Aphids,Aphids,0,1,train,,
/kaggle/working/exp02_robust_open_set/unknown_sources/cifar10/train/00795_95a593a7c44e.png,cifar10,cifar10::95a593a7c44e4cc7,Unclassified,6,0,train,object_vehicle,airplane
/kaggle/input/datasets/dhamur/cotton-plant-disease/Cotton leaves/40 Images/Powdery mildew/vertical_flippil_brightness_22.jpg,cotton,cotton::Powdery mildew,Powdery mildew,4,1,train,,
/kaggle/input/datasets/dhamur/cotton-plant-disease/Cotton leaves/40 Images/Aphids/pil_sharpness_10.jpg,cotton,cotton::Aphids,Aphids,0,1,train,,
/kaggle/input/datasets/dhamur/cotton-plant-disease/Cotton leaves/40 Images/Bacterial blight/random_crop_pil_brightness_34.jpg,cotton,cotton::Bacterial blight,Bacterial blight,2,1,train,,
/kaggle/input/datasets/dhamur/cotton-plant-disease/Cotton leaves/40 Images/Target spot/vertical_flippil_color_5.jpg,cotton,cotton::Target spot,Target spot,5,1,train,,
/kaggle/input/datasets/dhamur/cotton-plant-disease/Cotton leaves/40 Images/Aphids/vertical_flippil_constract_9.jpg,cotton,cotton::Aphids,Aphids,0,1,train,,
/kaggle/input/datasets/dhamur/cotton-plant-disease/Cotton leaves/40 Images/Aphids/pil_color_20.jpg,cotton,cotton::Aphids,Aphids,0,1,train,,
/kaggle/input/datasets/dhamur/cotton-plant-disease/Cotton leaves/40 Images/Bacterial blight/rotate_zoompil_brightness_20.jpg,cotton,cotton::Bacterial blight,Bacterial blight,2,1,train,,
/kaggle/input/datasets/dhamur/cotton-plant-disease/Cotton leaves/40 Images/Aphids/vertical_flippil_sharpness_33.jpg,cotton,cotton::Aphids,Aphids,0,1,train,,
/kaggle/input/datasets/dhamur/cotton-plant-disease/Cotton leaves/40 Images/Target spot/random_crop_pil_brightness_26.jpg,cotton,cotton::Target spot,Target spot,5,1,train,,
/kaggle/working/exp02_robust_open_set/unknown_sources/cifar10/train/00274_cfa6496cd06d.png,cifar10,cifar10::cfa6496cd06de4dd,Unclassified,6,0,train,animal,horse
/kaggle/input/datasets/dhamur/cotton-plant-disease/Cotton leaves/40 Images/Army worm/random_translation_pil_constract_17.jpg,cotton,cotton::Army worm,Army worm,1,1,train,,
/kaggle/working/exp02_robust_open_set/unknown_sources/cifar10/train/00759_7fc4dd1ea60c.png,cifar10,cifar10::7fc4dd1ea60ccd68,Unclassified,6,0,train,animal,cat
/kaggle/input/datasets/dhamur/cotton-plant-disease/Cotton leaves/40 Images/Army worm/rotate_zoompil_color_28.jpg,cotton,cotton::Army worm,Army worm,1,1,train,,
/kaggle/working/exp02_robust_open_set/unknown_sources/cifar10/train/00243_f479e4ba4928.png,cifar10,cifar10::f479e4ba4928461f,Unclassified,6,0,train,animal,deer
/kaggle/working/exp02_robust_open_set/unknown_sources/cifar10/train/00769_e8a4f1b544da.png,cifar10,cifar10::e8a4f1b544da7c31,Unclassified,6,0,train,animal,frog
/kaggle/input/datasets/dhamur/cotton-plant-disease/Cotton leaves/40 Images/Bacterial blight/pil_brightness_4.jpg,cotton,cotton::Bacterial blight,Bacterial blight,2,1,train,,
/kaggle/working/exp02_robust_open_set/unknown_sources/cifar10/train/00420_16e9c03d9b9a.png,cifar10,cifar10::16e9c03d9b9a0c07,Unclassified,6,0,train,object_vehicle,ship
/kaggle/input/datasets/dhamur/cotton-plant-disease/Cotton leaves/40 Images/Healthy/rotate_zoom3.jpg,cotton,cotton::Healthy,Healthy,3,1,train,,
/kaggle/input/datasets/dhamur/cotton-plant-disease/Cotton leaves/40 Images/Bacterial blight/pil_sharpness_10.jpg,cotton,cotton::Bacterial blight,Bacterial blight,2,1,train,,
/kaggle/working/exp02_robust_open_set/unknown_sources/cifar10/train/00683_45d397dfa1f4.png,cifar10,cifar10::45d397dfa1f4989c,Unclassified,6,0,train,animal,deer
/kaggle/working/exp02_robust_open_set/unknown_sources/cifar10/train/00478_3ec1784d76a1.png,cifar10,cifar10::3ec1784d76a15d84,Unclassified,6,0,train,animal,deer
/kaggle/working/exp02_robust_open_set/unknown_sources/cifar10/train/00637_18b4fa9136fd.png,cifar10,cifar10::18b4fa9136fd4eb3,Unclassified,6,0,train,object_vehicle,ship
/kaggle/input/datasets/dhamur/cotton-plant-disease/Cotton leaves/40 Images/Healthy/vertical_flippil_sharpness_5.jpg,cotton,cotton::Healthy,Healthy,3,1,train,,
/kaggle/input/datasets/dhamur/cotton-plant-disease/Cotton leaves/40 Images/Target spot/pil_color_29.jpg,cotton,cotton::Target spot,Target spot,5,1,train,,
/kaggle/input/datasets/dhamur/cotton-plant-disease/Cotton leaves/40 Images/Army worm/random_translation_pil_brightness_2.jpg,cotton,cotton::Army worm,Army worm,1,1,train,,
/kaggle/input/datasets/dhamur/cotton-plant-disease/Cotton leaves/40 Images/Bacterial blight/rotate_zoompil_sharpness_1.jpg,cotton,cotton::Bacterial blight,Bacterial blight,2,1,train,,
/kaggle/input/datasets/dhamur/cotton-plant-disease/Cotton leaves/40 Images/Healthy/vertical_flippil_brightness_28.jpg,cotton,cotton::Healthy,Healthy,3,1,train,,
/kaggle/input/datasets/dhamur/cotton-plant-disease/Cotton leaves/40 Images/Bacterial blight/random_crop_8.jpg,cotton,cotton::Bacterial blight,Bacterial blight,2,1,train,,
/kaggle/input/datasets/dhamur/cotton-plant-disease/Cotton leaves/40 Images/Healthy/pil_constract_18.jpg,cotton,cotton::Healthy,Healthy,3,1,train,,
/kaggle/input/datasets/dhamur/cotton-plant-disease/Cotton leaves/40 Images/Aphids/8.jpg,cotton,cotton::Aphids,Aphids,0,1,train,,
/kaggle/input/datasets/dhamur/cotton-plant-disease/Cotton leaves/40 Images/Aphids/pil_sharpness_38.jpg,cotton,cotton::Aphids,Aphids,0,1,train,,
/kaggle/input/datasets/dhamur/cotton-plant-disease/Cotton leaves/40 Images/Army worm/random_translation_pil_constract_40.jpg,cotton,cotton::Army worm,Army worm,1,1,train,,
/kaggle/input/datasets/dhamur/cotton-plant-disease/Cotton leaves/40 Images/Powdery mildew/random_crop_pil_brightness_15.jpg,cotton,cotton::Powdery mildew,Powdery mildew,4,1,train,,
/kaggle/input/datasets/dhamur/cotton-plant-disease/Cotton leaves/40 Images/Bacterial blight/pil_constract_17.jpg,cotton,cotton::Bacterial blight,Bacterial blight,2,1,train,,
/kaggle/working/exp02_robust_open_set/unknown_sources/cifar10/train/00388_6ce73c745704.png,cifar10,cifar10::6ce73c745704aadc,Unclassified,6,0,train,animal,deer
/kaggle/working/exp02_robust_open_set/unknown_sources/cifar10/train/00640_b7f59825f12b.png,cifar10,cifar10::b7f59825f12b9089,Unclassified,6,0,train,object_vehicle,airplane
/kaggle/working/exp02_robust_open_set/unknown_sources/cifar10/train/00597_4253a1fede35.png,cifar10,cifar10::4253a1fede3549fb,Unclassified,6,0,train,object_vehicle,ship
/kaggle/working/exp02_robust_open_set/unknown_sources/cifar10/train/00522_c3b26d1252c2.png,cifar10,cifar10::c3b26d1252c22941,Unclassified,6,0,train,animal,bird
/kaggle/input/datasets/dhamur/cotton-plant-disease/Cotton leaves/40 Images/Healthy/rotate_zoompil_sharpness_38.jpg,cotton,cotton::Healthy,Healthy,3,1,train,,
/kaggle/input/datasets/dhamur/cotton-plant-disease/Cotton leaves/40 Images/Aphids/vertical_flippil_brightness_7.jpg,cotton,cotton::Aphids,Aphids,0,1,train,,
/kaggle/input/datasets/dhamur/cotton-plant-disease/Cotton leaves/40 Images/Target spot/vertical_flippil_color_28.jpg,cotton,cotton::Target spot,Target spot,5,1,train,,
/kaggle/input/datasets/dhamur/cotton-plant-disease/Cotton leaves/40 Images/Aphids/rotate_zoompil_brightness_20.jpg,cotton,cotton::Aphids,Aphids,0,1,train,,
/kaggle/input/datasets/dhamur/cotton-plant-disease/Cotton leaves/40 Images/Aphids/random_crop_pil_color_35.jpg,cotton,cotton::Aphids,Aphids,0,1,train,,
/kaggle/input/datasets/dhamur/cotton-plant-disease/Cotton leaves/40 Images/Aphids/vertical_flip7.jpg,cotton,cotton::Aphids,Aphids,0,1,train,,
/kaggle/input/datasets/dhamur/cotton-plant-disease/Cotton leaves/40 Images/Army worm/random_translation_pil_sharpness_13.jpg,cotton,cotton::Army worm,Army worm,1,1,train,,
/kaggle/input/datasets/dhamur/cotton-plant-disease/Cotton leaves/40 Images/Powdery mildew/rotate_zoompil_color_36.jpg,cotton,cotton::Powdery mildew,Powdery mildew,4,1,train,,
/kaggle/working/exp02_robust_open_set/unknown_sources/cifar10/train/00390_80119c11ea07.png,cifar10,cifar10::80119c11ea079779,Unclassified,6,0,train,object_vehicle,ship
/kaggle/input/datasets/dhamur/cotton-plant-disease/Cotton leaves/40 Images/Aphids/pil_sharpness_8.jpg,cotton,cotton::Aphids,Aphids,0,1,train,,
/kaggle/input/datasets/dhamur/cotton-plant-disease/Cotton leaves/40 Images/Bacterial blight/random_crop_pil_brightness_31.jpg,cotton,cotton::Bacterial blight,Bacterial blight,2,1,train,,
/kaggle/input/datasets/dhamur/cotton-plant-disease/Cotton leaves/40 Images/Aphids/rotate_zoompil_brightness_30.jpg,cotton,cotton::Aphids,Aphids,0,1,train,,
/kaggle/input/datasets/dhamur/cotton-plant-disease/Cotton leaves/40 Images/Target spot/25.jpg,cotton,cotton::Target spot,Target spot,5,1,train,,
/kaggle/input/datasets/dhamur/cotton-plant-disease/Cotton leaves/40 Images/Army worm/vertical_flippil_brightness_16.jpg,cotton,cotton::Army worm,Army worm,1,1,train,,
/kaggle/input/datasets/dhamur/cotton-plant-disease/Cotton leaves/40 Images/Aphids/vertical_flip13.jpg,cotton,cotton::Aphids,Aphids,0,1,train,,
/kaggle/input/datasets/dhamur/cotton-plant-disease/Cotton leaves/40 Images/Bacterial blight/rotate_zoompil_sharpness_24.jpg,cotton,cotton::Bacterial blight,Bacterial blight,2,1,train,,
/kaggle/input/datasets/dhamur/cotton-plant-disease/Cotton leaves/40 Images/Aphids/random_crop_pil_constract_4.jpg,cotton,cotton::Aphids,Aphids,0,1,train,,
/kaggle/input/datasets/dhamur/cotton-plant-disease/Cotton leaves/40 Images/Aphids/random_crop_pil_sharpness_29.jpg,cotton,cotton::Aphids,Aphids,0,1,train,,
/kaggle/input/datasets/dhamur/cotton-plant-disease/Cotton leaves/40 Images/Powdery mildew/random_crop_pil_brightness_12.jpg,cotton,cotton::Powdery mildew,Powdery mildew,4,1,train,,
/kaggle/input/datasets/dhamur/cotton-plant-disease/Cotton leaves/40 Images/Healthy/random_crop_pil_sharpness_3.jpg,cotton,cotton::Healthy,Healthy,3,1,train,,
/kaggle/input/datasets/dhamur/cotton-plant-disease/Cotton leaves/40 Images/Healthy/random_crop_pil_sharpness_31.jpg,cotton,cotton::Healthy,Healthy,3,1,train,,
/kaggle/input/datasets/dhamur/cotton-plant-disease/Cotton leaves/40 Images/Target spot/random_crop_pil_sharpness_33.jpg,cotton,cotton::Target spot,Target spot,5,1,train,,
/kaggle/input/datasets/dhamur/cotton-plant-disease/Cotton leaves/40 Images/Healthy/pil_sharpness_15.jpg,cotton,cotton::Healthy,Healthy,3,1,train,,
/kaggle/input/datasets/dhamur/cotton-plant-disease/Cotton leaves/40 Images/Army worm/random_translation_pil_brightness_1.jpg,cotton,cotton::Army worm,Army worm,1,1,train,,
/kaggle/input/datasets/dhamur/cotton-plant-disease/Cotton leaves/40 Images/Powdery mildew/vertical_flip22.jpg,cotton,cotton::Powdery mildew,Powdery mildew,4,1,train,,
/kaggle/input/datasets/dhamur/cotton-plant-disease/Cotton leaves/40 Images/Healthy/random_crop_38.jpg,cotton,cotton::Healthy,Healthy,3,1,train,,
/kaggle/input/datasets/dhamur/cotton-plant-disease/Cotton leaves/40 Images/Target spot/pil_sharpness_25.jpg,cotton,cotton::Target spot,Target spot,5,1,train,,
/kaggle/input/datasets/dhamur/cotton-plant-disease/Cotton leaves/40 Images/Aphids/rotate_zoompil_constract_8.jpg,cotton,cotton::Aphids,Aphids,0,1,train,,
/kaggle/input/datasets/dhamur/cotton-plant-disease/Cotton leaves/40 Images/Aphids/vertical_flippil_color_16.jpg,cotton,cotton::Aphids,Aphids,0,1,train,,
/kaggle/input/datasets/dhamur/cotton-plant-disease/Cotton leaves/40 Images/Army worm/vertical_flippil_sharpness_13.jpg,cotton,cotton::Army worm,Army worm,1,1,train,,
/kaggle/input/datasets/dhamur/cotton-plant-disease/Cotton leaves/40 Images/Aphids/random_crop_pil_color_39.jpg,cotton,cotton::Aphids,Aphids,0,1,train,,
/kaggle/input/datasets/dhamur/cotton-plant-disease/Cotton leaves/40 Images/Healthy/random_crop_pil_brightness_40.jpg,cotton,cotton::Healthy,Healthy,3,1,train,,
/kaggle/working/exp02_robust_open_set/unknown_sources/cifar10/train/00319_97c13819e289.png,cifar10,cifar10::97c13819e289f031,Unclassified,6,0,train,animal,deer
/kaggle/input/datasets/dhamur/cotton-plant-disease/Cotton leaves/40 Images/Target spot/vertical_flip18.jpg,cotton,cotton::Target spot,Target spot,5,1,train,,
/kaggle/working/exp02_robust_open_set/unknown_sources/cifar10/train/00460_3e4ce0663a8f.png,cifar10,cifar10::3e4ce0663a8f41d2,Unclassified,6,0,train,object_vehicle,automobile
/kaggle/input/datasets/dhamur/cotton-plant-disease/Cotton leaves/40 Images/Powdery mildew/vertical_flip39.jpg,cotton,cotton::Powdery mildew,Powdery mildew,4,1,train,,
/kaggle/input/datasets/dhamur/cotton-plant-disease/Cotton leaves/40 Images/Target spot/vertical_flippil_brightness_15.jpg,cotton,cotton::Target spot,Target spot,5,1,train,,
/kaggle/input/datasets/dhamur/cotton-plant-disease/Cotton leaves/40 Images/Target spot/vertical_flippil_constract_6.jpg,cotton,cotton::Target spot,Target spot,5,1,train,,
/kaggle/working/exp02_robust_open_set/unknown_sources/cifar10/train/00593_9816c866a8ee.png,cifar10,cifar10::9816c866a8ee88e1,Unclassified,6,0,train,object_vehicle,truck
/kaggle/input/datasets/dhamur/cotton-plant-disease/Cotton leaves/40 Images/Healthy/pil_constract_9.jpg,cotton,cotton::Healthy,Healthy,3,1,train,,
/kaggle/input/datasets/dhamur/cotton-plant-disease/Cotton leaves/40 Images/Powdery mildew/random_crop_pil_color_26.jpg,cotton,cotton::Powdery mildew,Powdery mildew,4,1,train,,
/kaggle/input/datasets/dhamur/cotton-plant-disease/Cotton leaves/40 Images/Aphids/pil_brightness_10.jpg,cotton,cotton::Aphids,Aphids,0,1,train,,
/kaggle/input/datasets/dhamur/cotton-plant-disease/Cotton leaves/40 Images/Aphids/vertical_flippil_color_18.jpg,cotton,cotton::Aphids,Aphids,0,1,train,,
/kaggle/input/datasets/dhamur/cotton-plant-disease/Cotton leaves/40 Images/Aphids/rotate_zoompil_color_8.jpg,cotton,cotton::Aphids,Aphids,0,1,train,,
/kaggle/input/datasets/dhamur/cotton-plant-disease/Cotton leaves/40 Images/Healthy/vertical_flip31.jpg,cotton,cotton::Healthy,Healthy,3,1,train,,
/kaggle/input/datasets/dhamur/cotton-plant-disease/Cotton leaves/40 Images/Powdery mildew/random_crop_1.jpg,cotton,cotton::Powdery mildew,Powdery mildew,4,1,train,,
/kaggle/input/datasets/dhamur/cotton-plant-disease/Cotton leaves/40 Images/Healthy/rotate_zoompil_brightness_16.jpg,cotton,cotton::Healthy,Healthy,3,1,train,,
/kaggle/input/datasets/dhamur/cotton-plant-disease/Cotton leaves/40 Images/Army worm/rotate_zoompil_color_35.jpg,cotton,cotton::Army worm,Army worm,1,1,train,,
/kaggle/input/datasets/dhamur/cotton-plant-disease/Cotton leaves/40 Images/Powdery mildew/vertical_flippil_constract_17.jpg,cotton,cotton::Powdery mildew,Powdery mildew,4,1,train,,
/kaggle/input/datasets/dhamur/cotton-plant-disease/Cotton leaves/40 Images/Army worm/random_translation_pil_color_19.jpg,cotton,cotton::Army worm,Army worm,1,1,train,,
/kaggle/input/datasets/dhamur/cotton-plant-disease/Cotton leaves/40 Images/Army worm/random_translation_35.jpg,cotton,cotton::Army worm,Army worm,1,1,train,,
/kaggle/input/datasets/dhamur/cotton-plant-disease/Cotton leaves/40 Images/Aphids/pil_sharpness_5.jpg,cotton,cotton::Aphids,Aphids,0,1,train,,
/kaggle/input/datasets/dhamur/cotton-plant-disease/Cotton leaves/40 Images/Army worm/vertical_flippil_color_3.jpg,cotton,cotton::Army worm,Army worm,1,1,train,,
/kaggle/working/exp02_robust_open_set/unknown_sources/cifar10/train/00248_de015ebcc463.png,cifar10,cifar10::de015ebcc4631854,Unclassified,6,0,train,animal,horse
/kaggle/input/datasets/dhamur/cotton-plant-disease/Cotton leaves/40 Images/Target spot/vertical_flip9.jpg,cotton,cotton::Target spot,Target spot,5,1,train,,
/kaggle/input/datasets/dhamur/cotton-plant-disease/Cotton leaves/40 Images/Powdery mildew/vertical_flip29.jpg,cotton,cotton::Powdery mildew,Powdery mildew,4,1,train,,
/kaggle/input/datasets/dhamur/cotton-plant-disease/Cotton leaves/40 Images/Army worm/pil_sharpness_8.jpg,cotton,cotton::Army worm,Army worm,1,1,train,,
/kaggle/working/exp02_robust_open_set/unknown_sources/cifar10/train/00101_55bd461b9af7.png,cifar10,cifar10::55bd461b9af7b78f,Unclassified,6,0,train,animal,deer
/kaggle/working/exp02_robust_open_set/unknown_sources/cifar10/train/00197_0a75d9845ef6.png,cifar10,cifar10::0a75d9845ef6f4e1,Unclassified,6,0,train,animal,deer
/kaggle/input/datasets/dhamur/cotton-plant-disease/Cotton leaves/40 Images/Army worm/rotate_zoompil_constract_28.jpg,cotton,cotton::Army worm,Army worm,1,1,train,,
/kaggle/input/datasets/dhamur/cotton-plant-disease/Cotton leaves/40 Images/Powdery mildew/pil_constract_18.jpg,cotton,cotton::Powdery mildew,Powdery mildew,4,1,train,,
/kaggle/input/datasets/dhamur/cotton-plant-disease/Cotton leaves/40 Images/Target spot/rotate_zoom37.jpg,cotton,cotton::Target spot,Target spot,5,1,train,,
/kaggle/input/datasets/dhamur/cotton-plant-disease/Cotton leaves/40 Images/Army worm/vertical_flippil_sharpness_39.jpg,cotton,cotton::Army worm,Army worm,1,1,train,,
/kaggle/input/datasets/dhamur/cotton-plant-disease/Cotton leaves/40 Images/Army worm/pil_sharpness_38.jpg,cotton,cotton::Army worm,Army worm,1,1,train,,
/kaggle/input/datasets/dhamur/cotton-plant-disease/Cotton leaves/40 Images/Army worm/random_translation_1.jpg,cotton,cotton::Army worm,Army worm,1,1,train,,
/kaggle/input/datasets/dhamur/cotton-plant-disease/Cotton leaves/40 Images/Healthy/vertical_flippil_color_6.jpg,cotton,cotton::Healthy,Healthy,3,1,train,,
/kaggle/input/datasets/dhamur/cotton-plant-disease/Cotton leaves/40 Images/Aphids/random_crop_pil_color_12.jpg,cotton,cotton::Aphids,Aphids,0,1,train,,
/kaggle/input/datasets/dhamur/cotton-plant-disease/Cotton leaves/40 Images/Target spot/rotate_zoompil_constract_13.jpg,cotton,cotton::Target spot,Target spot,5,1,train,,
/kaggle/input/datasets/dhamur/cotton-plant-disease/Cotton leaves/40 Images/Healthy/vertical_flip25.jpg,cotton,cotton::Healthy,Healthy,3,1,train,,
/kaggle/input/datasets/dhamur/cotton-plant-disease/Cotton leaves/40 Images/Powdery mildew/vertical_flippil_brightness_31.jpg,cotton,cotton::Powdery mildew,Powdery mildew,4,1,train,,
/kaggle/input/datasets/dhamur/cotton-plant-disease/Cotton leaves/40 Images/Bacterial blight/vertical_flippil_color_29.jpg,cotton,cotton::Bacterial blight,Bacterial blight,2,1,train,,
/kaggle/input/datasets/dhamur/cotton-plant-disease/Cotton leaves/40 Images/Aphids/random_crop_pil_brightness_22_.jpg,cotton,cotton::Aphids,Aphids,0,1,train,,
/kaggle/input/datasets/dhamur/cotton-plant-disease/Cotton leaves/40 Images/Powdery mildew/vertical_flippil_constract_4.jpg,cotton,cotton::Powdery mildew,Powdery mildew,4,1,train,,
/kaggle/input/datasets/dhamur/cotton-plant-disease/Cotton leaves/40 Images/Army worm/rotate_zoom35.jpg,cotton,cotton::Army worm,Army worm,1,1,train,,
/kaggle/input/datasets/dhamur/cotton-plant-disease/Cotton leaves/40 Images/Aphids/vertical_flippil_brightness_18.jpg,cotton,cotton::Aphids,Aphids,0,1,train,,
/kaggle/input/datasets/dhamur/cotton-plant-disease/Cotton leaves/40 Images/Bacterial blight/random_crop_pil_brightness_23.jpg,cotton,cotton::Bacterial blight,Bacterial blight,2,1,train,,
/kaggle/input/datasets/dhamur/cotton-plant-disease/Cotton leaves/40 Images/Healthy/vertical_flip34.jpg,cotton,cotton::Healthy,Healthy,3,1,train,,
/kaggle/working/exp02_robust_open_set/unknown_sources/cifar10/train/00601_243d40e29a84.png,cifar10,cifar10::243d40e29a846693,Unclassified,6,0,train,object_vehicle,ship
/kaggle/input/datasets/dhamur/cotton-plant-disease/Cotton leaves/40 Images/Powdery mildew/rotate_zoompil_constract_24.jpg,cotton,cotton::Powdery mildew,Powdery mildew,4,1,train,,
/kaggle/input/datasets/dhamur/cotton-plant-disease/Cotton leaves/40 Images/Bacterial blight/rotate_zoompil_brightness_6.jpg,cotton,cotton::Bacterial blight,Bacterial blight,2,1,train,,
/kaggle/input/datasets/dhamur/cotton-plant-disease/Cotton leaves/40 Images/Target spot/random_crop_pil_brightness_31.jpg,cotton,cotton::Target spot,Target spot,5,1,train,,
/kaggle/input/datasets/dhamur/cotton-plant-disease/Cotton leaves/40 Images/Target spot/rotate_zoompil_sharpness_30.jpg,cotton,cotton::Target spot,Target spot,5,1,train,,
/kaggle/input/datasets/dhamur/cotton-plant-disease/Cotton leaves/40 Images/Army worm/random_translation_pil_sharpness_12.jpg,cotton,cotton::Army worm,Army worm,1,1,train,,
/kaggle/input/datasets/dhamur/cotton-plant-disease/Cotton leaves/40 Images/Army worm/random_translation_12.jpg,cotton,cotton::Army worm,Army worm,1,1,train,,
/kaggle/input/datasets/dhamur/cotton-plant-disease/Cotton leaves/40 Images/Target spot/rotate_zoompil_sharpness_7.jpg,cotton,cotton::Target spot,Target spot,5,1,train,,
/kaggle/input/datasets/dhamur/cotton-plant-disease/Cotton leaves/40 Images/Powdery mildew/random_crop_pil_color_17.jpg,cotton,cotton::Powdery mildew,Powdery mildew,4,1,train,,
/kaggle/input/datasets/dhamur/cotton-plant-disease/Cotton leaves/40 Images/Army worm/random_translation_32.jpg,cotton,cotton::Army worm,Army worm,1,1,train,,
/kaggle/input/datasets/dhamur/cotton-plant-disease/Cotton leaves/40 Images/Powdery mildew/random_crop_pil_sharpness_5.jpg,cotton,cotton::Powdery mildew,Powdery mildew,4,1,train,,
/kaggle/input/datasets/dhamur/cotton-plant-disease/Cotton leaves/40 Images/Army worm/vertical_flippil_constract_7.jpg,cotton,cotton::Army worm,Army worm,1,1,train,,
/kaggle/input/datasets/dhamur/cotton-plant-disease/Cotton leaves/40 Images/Target spot/pil_constract_31.jpg,cotton,cotton::Target spot,Target spot,5,1,train,,
/kaggle/input/datasets/dhamur/cotton-plant-disease/Cotton leaves/40 Images/Aphids/vertical_flippil_constract_23.jpg,cotton,cotton::Aphids,Aphids,0,1,train,,
/kaggle/input/datasets/dhamur/cotton-plant-disease/Cotton leaves/40 Images/Powdery mildew/random_crop_6.jpg,cotton,cotton::Powdery mildew,Powdery mildew,4,1,train,,
/kaggle/working/exp02_robust_open_set/unknown_sources/cifar10/train/00112_14714856bbf9.png,cifar10,cifar10::14714856bbf9bd18,Unclassified,6,0,train,object_vehicle,airplane
/kaggle/working/exp02_robust_open_set/unknown_sources/cifar10/train/00155_82ac4193d8bd.png,cifar10,cifar10::82ac4193d8bd6e9e,Unclassified,6,0,train,animal,cat
/kaggle/input/datasets/dhamur/cotton-plant-disease/Cotton leaves/40 Images/Aphids/rotate_zoompil_color_2.jpg,cotton,cotton::Aphids,Aphids,0,1,train,,
/kaggle/working/exp02_robust_open_set/unknown_sources/cifar10/train/00288_ff6559b6d21e.png,cifar10,cifar10::ff6559b6d21e0211,Unclassified,6,0,train,animal,deer
/kaggle/working/exp02_robust_open_set/unknown_sources/cifar10/train/00056_0ae5467c892b.png,cifar10,cifar10::0ae5467c892b2440,Unclassified,6,0,train,object_vehicle,automobile
/kaggle/input/datasets/dhamur/cotton-plant-disease/Cotton leaves/40 Images/Bacterial blight/rotate_zoompil_color_39.jpg,cotton,cotton::Bacterial blight,Bacterial blight,2,1,train,,
/kaggle/input/datasets/dhamur/cotton-plant-disease/Cotton leaves/40 Images/Aphids/vertical_flippil_brightness_29.jpg,cotton,cotton::Aphids,Aphids,0,1,train,,
/kaggle/working/exp02_robust_open_set/unknown_sources/cifar10/train/00136_c24b5759df86.png,cifar10,cifar10::c24b5759df869717,Unclassified,6,0,train,animal,horse
/kaggle/input/datasets/dhamur/cotton-plant-disease/Cotton leaves/40 Images/Army worm/pil_color_33.jpg,cotton,cotton::Army worm,Army worm,1,1,train,,
/kaggle/input/datasets/dhamur/cotton-plant-disease/Cotton leaves/40 Images/Army worm/vertical_flippil_constract_30.jpg,cotton,cotton::Army worm,Army worm,1,1,train,,
/kaggle/input/datasets/dhamur/cotton-plant-disease/Cotton leaves/40 Images/Healthy/vertical_flippil_constract_3.jpg,cotton,cotton::Healthy,Healthy,3,1,train,,
/kaggle/input/datasets/dhamur/cotton-plant-disease/Cotton leaves/40 Images/Army worm/vertical_flippil_brightness_2.jpg,cotton,cotton::Army worm,Army worm,1,1,train,,
/kaggle/working/exp02_robust_open_set/unknown_sources/cifar10/train/00505_651b55ff2ae5.png,cifar10,cifar10::651b55ff2ae5d48b,Unclassified,6,0,train,object_vehicle,airplane
/kaggle/input/datasets/dhamur/cotton-plant-disease/Cotton leaves/40 Images/Target spot/pil_color_6.jpg,cotton,cotton::Target spot,Target spot,5,1,train,,
/kaggle/input/datasets/dhamur/cotton-plant-disease/Cotton leaves/40 Images/Aphids/pil_brightness_5.jpg,cotton,cotton::Aphids,Aphids,0,1,train,,
/kaggle/input/datasets/dhamur/cotton-plant-disease/Cotton leaves/40 Images/Powdery mildew/pil_sharpness_39.jpg,cotton,cotton::Powdery mildew,Powdery mildew,4,1,train,,
/kaggle/input/datasets/dhamur/cotton-plant-disease/Cotton leaves/40 Images/Bacterial blight/vertical_flippil_color_5.jpg,cotton,cotton::Bacterial blight,Bacterial blight,2,1,train,,
/kaggle/input/datasets/dhamur/cotton-plant-disease/Cotton leaves/40 Images/Aphids/rotate_zoompil_sharpness_28.jpg,cotton,cotton::Aphids,Aphids,0,1,train,,
/kaggle/input/datasets/dhamur/cotton-plant-disease/Cotton leaves/40 Images/Powdery mildew/random_crop_pil_brightness_30.jpg,cotton,cotton::Powdery mildew,Powdery mildew,4,1,train,,
/kaggle/input/datasets/dhamur/cotton-plant-disease/Cotton leaves/40 Images/Powdery mildew/vertical_flippil_color_8.jpg,cotton,cotton::Powdery mildew,Powdery mildew,4,1,train,,
/kaggle/input/datasets/dhamur/cotton-plant-disease/Cotton leaves/40 Images/Bacterial blight/random_crop_pil_color_4.jpg,cotton,cotton::Bacterial blight,Bacterial blight,2,1,train,,
/kaggle/input/datasets/dhamur/cotton-plant-disease/Cotton leaves/40 Images/Bacterial blight/vertical_flippil_brightness_20.jpg,cotton,cotton::Bacterial blight,Bacterial blight,2,1,train,,
/kaggle/input/datasets/dhamur/cotton-plant-disease/Cotton leaves/40 Images/Bacterial blight/27.jpg,cotton,cotton::Bacterial blight,Bacterial blight,2,1,train,,
/kaggle/input/datasets/dhamur/cotton-plant-disease/Cotton leaves/40 Images/Aphids/vertical_flip31.jpg,cotton,cotton::Aphids,Aphids,0,1,train,,
/kaggle/input/datasets/dhamur/cotton-plant-disease/Cotton leaves/40 Images/Bacterial blight/rotate_zoompil_brightness_1.jpg,cotton,cotton::Bacterial blight,Bacterial blight,2,1,train,,
/kaggle/input/datasets/dhamur/cotton-plant-disease/Cotton leaves/40 Images/Aphids/vertical_flippil_color_5.jpg,cotton,cotton::Aphids,Aphids,0,1,train,,
/kaggle/input/datasets/dhamur/cotton-plant-disease/Cotton leaves/40 Images/Army worm/7.jpg,cotton,cotton::Army worm,Army worm,1,1,train,,
/kaggle/input/datasets/dhamur/cotton-plant-disease/Cotton leaves/40 Images/Powdery mildew/pil_color_27.jpg,cotton,cotton::Powdery mildew,Powdery mildew,4,1,train,,
/kaggle/input/datasets/dhamur/cotton-plant-disease/Cotton leaves/40 Images/Target spot/rotate_zoompil_sharpness_11.jpg,cotton,cotton::Target spot,Target spot,5,1,train,,
/kaggle/input/datasets/dhamur/cotton-plant-disease/Cotton leaves/40 Images/Bacterial blight/pil_constract_5.jpg,cotton,cotton::Bacterial blight,Bacterial blight,2,1,train,,
/kaggle/input/datasets/dhamur/cotton-plant-disease/Cotton leaves/40 Images/Healthy/random_crop_pil_color_35.jpg,cotton,cotton::Healthy,Healthy,3,1,train,,
/kaggle/input/datasets/dhamur/cotton-plant-disease/Cotton leaves/40 Images/Powdery mildew/pil_sharpness_16.jpg,cotton,cotton::Powdery mildew,Powdery mildew,4,1,train,,
/kaggle/working/exp02_robust_open_set/unknown_sources/cifar10/train/00779_f1b9d873cbc8.png,cifar10,cifar10::f1b9d873cbc84367,Unclassified,6,0,train,object_vehicle,airplane
/kaggle/input/datasets/dhamur/cotton-plant-disease/Cotton leaves/40 Images/Aphids/rotate_zoompil_sharpness_13.jpg,cotton,cotton::Aphids,Aphids,0,1,train,,
/kaggle/input/datasets/dhamur/cotton-plant-disease/Cotton leaves/40 Images/Powdery mildew/random_crop_pil_brightness_8.jpg,cotton,cotton::Powdery mildew,Powdery mildew,4,1,train,,
/kaggle/input/datasets/dhamur/cotton-plant-disease/Cotton leaves/40 Images/Target spot/pil_brightness_21.jpg,cotton,cotton::Target spot,Target spot,5,1,train,,
/kaggle/input/datasets/dhamur/cotton-plant-disease/Cotton leaves/40 Images/Bacterial blight/rotate_zoompil_sharpness_11.jpg,cotton,cotton::Bacterial blight,Bacterial blight,2,1,train,,
/kaggle/input/datasets/dhamur/cotton-plant-disease/Cotton leaves/40 Images/Powdery mildew/random_crop_pil_sharpness_23.jpg,cotton,cotton::Powdery mildew,Powdery mildew,4,1,train,,
/kaggle/input/datasets/dhamur/cotton-plant-disease/Cotton leaves/40 Images/Powdery mildew/random_crop_pil_sharpness_16.jpg,cotton,cotton::Powdery mildew,Powdery mildew,4,1,train,,
/kaggle/working/exp02_robust_open_set/unknown_sources/cifar10/train/00400_8f3023265740.png,cifar10,cifar10::8f3023265740cf14,Unclassified,6,0,train,animal,horse
/kaggle/input/datasets/dhamur/cotton-plant-disease/Cotton leaves/40 Images/Bacterial blight/vertical_flippil_constract_18.jpg,cotton,cotton::Bacterial blight,Bacterial blight,2,1,train,,
/kaggle/input/datasets/dhamur/cotton-plant-disease/Cotton leaves/40 Images/Bacterial blight/random_crop_18.jpg,cotton,cotton::Bacterial blight,Bacterial blight,2,1,train,,
/kaggle/input/datasets/dhamur/cotton-plant-disease/Cotton leaves/40 Images/Army worm/rotate_zoompil_sharpness_35.jpg,cotton,cotton::Army worm,Army worm,1,1,train,,
/kaggle/input/datasets/dhamur/cotton-plant-disease/Cotton leaves/40 Images/Healthy/random_crop_pil_sharpness_38.jpg,cotton,cotton::Healthy,Healthy,3,1,train,,
/kaggle/input/datasets/dhamur/cotton-plant-disease/Cotton leaves/40 Images/Bacterial blight/random_crop_pil_constract_19.jpg,cotton,cotton::Bacterial blight,Bacterial blight,2,1,train,,
/kaggle/input/datasets/dhamur/cotton-plant-disease/Cotton leaves/40 Images/Army worm/pil_constract_9.jpg,cotton,cotton::Army worm,Army worm,1,1,train,,
/kaggle/working/exp02_robust_open_set/unknown_sources/cifar10/train/00054_55c17795011f.png,cifar10,cifar10::55c17795011fe0c3,Unclassified,6,0,train,animal,cat
/kaggle/working/exp02_robust_open_set/unknown_sources/cifar10/train/00310_d954ad6fd86d.png,cifar10,cifar10::d954ad6fd86d556a,Unclassified,6,0,train,animal,cat
/kaggle/input/datasets/dhamur/cotton-plant-disease/Cotton leaves/40 Images/Army worm/vertical_flippil_constract_29.jpg,cotton,cotton::Army worm,Army worm,1,1,train,,
/kaggle/input/datasets/dhamur/cotton-plant-disease/Cotton leaves/40 Images/Target spot/rotate_zoom21.jpg,cotton,cotton::Target spot,Target spot,5,1,train,,
/kaggle/working/exp02_robust_open_set/unknown_sources/cifar10/train/00501_d6b671da92ec.png,cifar10,cifar10::d6b671da92ecb5ce,Unclassified,6,0,train,object_vehicle,airplane
/kaggle/input/datasets/dhamur/cotton-plant-disease/Cotton leaves/40 Images/Aphids/vertical_flippil_constract_12.jpg,cotton,cotton::Aphids,Aphids,0,1,train,,
/kaggle/input/datasets/dhamur/cotton-plant-disease/Cotton leaves/40 Images/Healthy/random_crop_9.jpg,cotton,cotton::Healthy,Healthy,3,1,train,,
/kaggle/input/datasets/dhamur/cotton-plant-disease/Cotton leaves/40 Images/Target spot/pil_color_38.jpg,cotton,cotton::Target spot,Target spot,5,1,train,,
/kaggle/input/datasets/dhamur/cotton-plant-disease/Cotton leaves/40 Images/Target spot/pil_constract_6.jpg,cotton,cotton::Target spot,Target spot,5,1,train,,
/kaggle/working/exp02_robust_open_set/unknown_sources/cifar10/train/00263_d2f930c8e3a9.png,cifar10,cifar10::d2f930c8e3a95228,Unclassified,6,0,train,object_vehicle,truck
/kaggle/input/datasets/dhamur/cotton-plant-disease/Cotton leaves/40 Images/Healthy/vertical_flip15.jpg,cotton,cotton::Healthy,Healthy,3,1,train,,
/kaggle/working/exp02_robust_open_set/unknown_sources/cifar10/train/00382_07ef538a278a.png,cifar10,cifar10::07ef538a278a695c,Unclassified,6,0,train,animal,frog
/kaggle/input/datasets/dhamur/cotton-plant-disease/Cotton leaves/40 Images/Powdery mildew/rotate_zoom27.jpg,cotton,cotton::Powdery mildew,Powdery mildew,4,1,train,,
/kaggle/working/exp02_robust_open_set/unknown_sources/cifar10/train/00649_6dbee18303d3.png,cifar10,cifar10::6dbee18303d30fc8,Unclassified,6,0,train,animal,cat
/kaggle/input/datasets/dhamur/cotton-plant-disease/Cotton leaves/40 Images/Bacterial blight/rotate_zoompil_color_40.jpg,cotton,cotton::Bacterial blight,Bacterial blight,2,1,train,,
/kaggle/input/datasets/dhamur/cotton-plant-disease/Cotton leaves/40 Images/Target spot/random_crop_pil_brightness_9.jpg,cotton,cotton::Target spot,Target spot,5,1,train,,
/kaggle/working/exp02_robust_open_set/unknown_sources/cifar10/train/00011_dcefed98207f.png,cifar10,cifar10::dcefed98207f4735,Unclassified,6,0,train,object_vehicle,airplane
/kaggle/input/datasets/dhamur/cotton-plant-disease/Cotton leaves/40 Images/Aphids/random_crop_11.jpg,cotton,cotton::Aphids,Aphids,0,1,train,,
/kaggle/working/exp02_robust_open_set/unknown_sources/cifar10/train/00235_59dd9322abf7.png,cifar10,cifar10::59dd9322abf7f3c9,Unclassified,6,0,train,animal,frog
/kaggle/input/datasets/dhamur/cotton-plant-disease/Cotton leaves/40 Images/Healthy/pil_color_2.jpg,cotton,cotton::Healthy,Healthy,3,1,train,,
/kaggle/input/datasets/dhamur/cotton-plant-disease/Cotton leaves/40 Images/Healthy/rotate_zoompil_brightness_22.jpg,cotton,cotton::Healthy,Healthy,3,1,train,,
/kaggle/input/datasets/dhamur/cotton-plant-disease/Cotton leaves/40 Images/Healthy/vertical_flip36.jpg,cotton,cotton::Healthy,Healthy,3,1,train,,
/kaggle/input/datasets/dhamur/cotton-plant-disease/Cotton leaves/40 Images/Bacterial blight/vertical_flippil_brightness_17.jpg,cotton,cotton::Bacterial blight,Bacterial blight,2,1,train,,
/kaggle/input/datasets/dhamur/cotton-plant-disease/Cotton leaves/40 Images/Aphids/pil_color_29.jpg,cotton,cotton::Aphids,Aphids,0,1,train,,
/kaggle/working/exp02_robust_open_set/unknown_sources/cifar10/train/00105_5f0649caeb89.png,cifar10,cifar10::5f0649caeb893653,Unclassified,6,0,train,animal,deer
/kaggle/input/datasets/dhamur/cotton-plant-disease/Cotton leaves/40 Images/Bacterial blight/vertical_flippil_color_1.jpg,cotton,cotton::Bacterial blight,Bacterial blight,2,1,train,,
/kaggle/input/datasets/dhamur/cotton-plant-disease/Cotton leaves/40 Images/Target spot/rotate_zoom40.jpg,cotton,cotton::Target spot,Target spot,5,1,train,,
/kaggle/input/datasets/dhamur/cotton-plant-disease/Cotton leaves/40 Images/Bacterial blight/pil_brightness_14.jpg,cotton,cotton::Bacterial blight,Bacterial blight,2,1,train,,
/kaggle/input/datasets/dhamur/cotton-plant-disease/Cotton leaves/40 Images/Healthy/pil_color_29.jpg,cotton,cotton::Healthy,Healthy,3,1,train,,
/kaggle/input/datasets/dhamur/cotton-plant-disease/Cotton leaves/40 Images/Army worm/random_translation_36.jpg,cotton,cotton::Army worm,Army worm,1,1,train,,
/kaggle/input/datasets/dhamur/cotton-plant-disease/Cotton leaves/40 Images/Target spot/pil_sharpness_5.jpg,cotton,cotton::Target spot,Target spot,5,1,train,,
/kaggle/input/datasets/dhamur/cotton-plant-disease/Cotton leaves/40 Images/Army worm/pil_brightness_39.jpg,cotton,cotton::Army worm,Army worm,1,1,train,,
/kaggle/input/datasets/dhamur/cotton-plant-disease/Cotton leaves/40 Images/Army worm/random_translation_8.jpg,cotton,cotton::Army worm,Army worm,1,1,train,,
/kaggle/input/datasets/dhamur/cotton-plant-disease/Cotton leaves/40 Images/Target spot/27.jpg,cotton,cotton::Target spot,Target spot,5,1,train,,
/kaggle/input/datasets/dhamur/cotton-plant-disease/Cotton leaves/40 Images/Healthy/vertical_flippil_brightness_29.jpg,cotton,cotton::Healthy,Healthy,3,1,train,,
/kaggle/working/exp02_robust_open_set/unknown_sources/cifar10/train/00760_b4ffb3d3e99b.png,cifar10,cifar10::b4ffb3d3e99b3535,Unclassified,6,0,train,animal,horse
/kaggle/input/datasets/dhamur/cotton-plant-disease/Cotton leaves/40 Images/Healthy/pil_sharpness_30.jpg,cotton,cotton::Healthy,Healthy,3,1,train,,
/kaggle/input/datasets/dhamur/cotton-plant-disease/Cotton leaves/40 Images/Aphids/random_crop_pil_constract_37.jpg,cotton,cotton::Aphids,Aphids,0,1,train,,
/kaggle/input/datasets/dhamur/cotton-plant-disease/Cotton leaves/40 Images/Powdery mildew/random_crop_pil_constract_40.jpg,cotton,cotton::Powdery mildew,Powdery mildew,4,1,train,,
/kaggle/working/exp02_robust_open_set/unknown_sources/cifar10/train/00772_bb5dbfdbd3b8.png,cifar10,cifar10::bb5dbfdbd3b8595b,Unclassified,6,0,train,animal,deer
/kaggle/input/datasets/dhamur/cotton-plant-disease/Cotton leaves/40 Images/Army worm/pil_sharpness_31.jpg,cotton,cotton::Army worm,Army worm,1,1,train,,
/kaggle/input/datasets/dhamur/cotton-plant-disease/Cotton leaves/40 Images/Bacterial blight/vertical_flippil_brightness_37.jpg,cotton,cotton::Bacterial blight,Bacterial blight,2,1,train,,
/kaggle/input/datasets/dhamur/cotton-plant-disease/Cotton leaves/40 Images/Powdery mildew/rotate_zoompil_sharpness_27.jpg,cotton,cotton::Powdery mildew,Powdery mildew,4,1,train,,
/kaggle/input/datasets/dhamur/cotton-plant-disease/Cotton leaves/40 Images/Healthy/random_crop_pil_sharpness_23.jpg,cotton,cotton::Healthy,Healthy,3,1,train,,
/kaggle/input/datasets/dhamur/cotton-plant-disease/Cotton leaves/40 Images/Healthy/random_crop_pil_sharpness_32.jpg,cotton,cotton::Healthy,Healthy,3,1,train,,
/kaggle/working/exp02_robust_open_set/unknown_sources/cifar10/train/00238_fa8eb6cfb58e.png,cifar10,cifar10::fa8eb6cfb58e7d8e,Unclassified,6,0,train,animal,deer
/kaggle/input/datasets/dhamur/cotton-plant-disease/Cotton leaves/40 Images/Bacterial blight/vertical_flip40.jpg,cotton,cotton::Bacterial blight,Bacterial blight,2,1,train,,
/kaggle/input/datasets/dhamur/cotton-plant-disease/Cotton leaves/40 Images/Army worm/17.jpg,cotton,cotton::Army worm,Army worm,1,1,train,,
/kaggle/input/datasets/dhamur/cotton-plant-disease/Cotton leaves/40 Images/Healthy/rotate_zoompil_brightness_32.jpg,cotton,cotton::Healthy,Healthy,3,1,train,,
/kaggle/input/datasets/dhamur/cotton-plant-disease/Cotton leaves/40 Images/Powdery mildew/pil_color_22.jpg,cotton,cotton::Powdery mildew,Powdery mildew,4,1,train,,
/kaggle/working/exp02_robust_open_set/unknown_sources/cifar10/train/00492_70fdff1e1420.png,cifar10,cifar10::70fdff1e14201cad,Unclassified,6,0,train,animal,dog
/kaggle/input/datasets/dhamur/cotton-plant-disease/Cotton leaves/40 Images/Powdery mildew/vertical_flip10.jpg,cotton,cotton::Powdery mildew,Powdery mildew,4,1,train,,
/kaggle/input/datasets/dhamur/cotton-plant-disease/Cotton leaves/40 Images/Target spot/vertical_flippil_brightness_37.jpg,cotton,cotton::Target spot,Target spot,5,1,train,,
/kaggle/input/datasets/dhamur/cotton-plant-disease/Cotton leaves/40 Images/Target spot/rotate_zoompil_sharpness_5.jpg,cotton,cotton::Target spot,Target spot,5,1,train,,
/kaggle/input/datasets/dhamur/cotton-plant-disease/Cotton leaves/40 Images/Target spot/random_crop_pil_color_37.jpg,cotton,cotton::Target spot,Target spot,5,1,train,,
/kaggle/input/datasets/dhamur/cotton-plant-disease/Cotton leaves/40 Images/Bacterial blight/vertical_flip24.jpg,cotton,cotton::Bacterial blight,Bacterial blight,2,1,train,,
/kaggle/input/datasets/dhamur/cotton-plant-disease/Cotton leaves/40 Images/Army worm/pil_brightness_23.jpg,cotton,cotton::Army worm,Army worm,1,1,train,,
/kaggle/input/datasets/dhamur/cotton-plant-disease/Cotton leaves/40 Images/Powdery mildew/pil_color_14.jpg,cotton,cotton::Powdery mildew,Powdery mildew,4,1,train,,
/kaggle/input/datasets/dhamur/cotton-plant-disease/Cotton leaves/40 Images/Healthy/random_crop_pil_brightness_2.jpg,cotton,cotton::Healthy,Healthy,3,1,train,,
/kaggle/input/datasets/dhamur/cotton-plant-disease/Cotton leaves/40 Images/Bacterial blight/vertical_flippil_brightness_29.jpg,cotton,cotton::Bacterial blight,Bacterial blight,2,1,train,,
/kaggle/input/datasets/dhamur/cotton-plant-disease/Cotton leaves/40 Images/Powdery mildew/rotate_zoompil_constract_28.jpg,cotton,cotton::Powdery mildew,Powdery mildew,4,1,train,,
/kaggle/input/datasets/dhamur/cotton-plant-disease/Cotton leaves/40 Images/Healthy/vertical_flippil_constract_36.jpg,cotton,cotton::Healthy,Healthy,3,1,train,,
/kaggle/input/datasets/dhamur/cotton-plant-disease/Cotton leaves/40 Images/Target spot/pil_brightness_29.jpg,cotton,cotton::Target spot,Target spot,5,1,train,,
/kaggle/input/datasets/dhamur/cotton-plant-disease/Cotton leaves/40 Images/Powdery mildew/27.jpg,cotton,cotton::Powdery mildew,Powdery mildew,4,1,train,,
/kaggle/input/datasets/dhamur/cotton-plant-disease/Cotton leaves/40 Images/Army worm/random_translation_40.jpg,cotton,cotton::Army worm,Army worm,1,1,train,,
/kaggle/input/datasets/dhamur/cotton-plant-disease/Cotton leaves/40 Images/Healthy/random_crop_pil_color_17.jpg,cotton,cotton::Healthy,Healthy,3,1,train,,
/kaggle/input/datasets/dhamur/cotton-plant-disease/Cotton leaves/40 Images/Army worm/pil_color_30.jpg,cotton,cotton::Army worm,Army worm,1,1,train,,
/kaggle/working/exp02_robust_open_set/unknown_sources/cifar10/train/00385_84caf52d854e.png,cifar10,cifar10::84caf52d854ed5e2,Unclassified,6,0,train,animal,frog
/kaggle/input/datasets/dhamur/cotton-plant-disease/Cotton leaves/40 Images/Healthy/pil_sharpness_6.jpg,cotton,cotton::Healthy,Healthy,3,1,train,,
/kaggle/input/datasets/dhamur/cotton-plant-disease/Cotton leaves/40 Images/Army worm/vertical_flippil_brightness_18.jpg,cotton,cotton::Army worm,Army worm,1,1,train,,
/kaggle/input/datasets/dhamur/cotton-plant-disease/Cotton leaves/40 Images/Target spot/rotate_zoompil_sharpness_39.jpg,cotton,cotton::Target spot,Target spot,5,1,train,,
/kaggle/input/datasets/dhamur/cotton-plant-disease/Cotton leaves/40 Images/Healthy/random_crop_pil_color_20.jpg,cotton,cotton::Healthy,Healthy,3,1,train,,
/kaggle/working/exp02_robust_open_set/unknown_sources/cifar10/train/00115_62cb2a924ce2.png,cifar10,cifar10::62cb2a924ce29a72,Unclassified,6,0,train,animal,dog
/kaggle/input/datasets/dhamur/cotton-plant-disease/Cotton leaves/40 Images/Powdery mildew/rotate_zoompil_sharpness_9.jpg,cotton,cotton::Powdery mildew,Powdery mildew,4,1,train,,
/kaggle/input/datasets/dhamur/cotton-plant-disease/Cotton leaves/40 Images/Powdery mildew/rotate_zoompil_sharpness_34.jpg,cotton,cotton::Powdery mildew,Powdery mildew,4,1,train,,
/kaggle/input/datasets/dhamur/cotton-plant-disease/Cotton leaves/40 Images/Bacterial blight/rotate_zoom30.jpg,cotton,cotton::Bacterial blight,Bacterial blight,2,1,train,,
/kaggle/input/datasets/dhamur/cotton-plant-disease/Cotton leaves/40 Images/Powdery mildew/pil_sharpness_24.jpg,cotton,cotton::Powdery mildew,Powdery mildew,4,1,train,,
/kaggle/input/datasets/dhamur/cotton-plant-disease/Cotton leaves/40 Images/Target spot/vertical_flip16.jpg,cotton,cotton::Target spot,Target spot,5,1,train,,
/kaggle/input/datasets/dhamur/cotton-plant-disease/Cotton leaves/40 Images/Powdery mildew/random_crop_18.jpg,cotton,cotton::Powdery mildew,Powdery mildew,4,1,train,,
/kaggle/working/exp02_robust_open_set/unknown_sources/cifar10/train/00709_125b8e5b1fbd.png,cifar10,cifar10::125b8e5b1fbd3302,Unclassified,6,0,train,object_vehicle,ship
/kaggle/working/exp02_robust_open_set/unknown_sources/cifar10/train/00271_a681c8b8d4fc.png,cifar10,cifar10::a681c8b8d4fc4764,Unclassified,6,0,train,animal,bird
/kaggle/input/datasets/dhamur/cotton-plant-disease/Cotton leaves/40 Images/Healthy/vertical_flip5.jpg,cotton,cotton::Healthy,Healthy,3,1,train,,
/kaggle/working/exp02_robust_open_set/unknown_sources/cifar10/train/00269_d00685813a2a.png,cifar10,cifar10::d00685813a2ab8bb,Unclassified,6,0,train,animal,dog
/kaggle/working/exp02_robust_open_set/unknown_sources/cifar10/train/00162_3a216afaae6f.png,cifar10,cifar10::3a216afaae6f2c95,Unclassified,6,0,train,object_vehicle,truck
/kaggle/input/datasets/dhamur/cotton-plant-disease/Cotton leaves/40 Images/Target spot/pil_sharpness_24.jpg,cotton,cotton::Target spot,Target spot,5,1,train,,
/kaggle/input/datasets/dhamur/cotton-plant-disease/Cotton leaves/40 Images/Aphids/vertical_flippil_constract_4.jpg,cotton,cotton::Aphids,Aphids,0,1,train,,
/kaggle/input/datasets/dhamur/cotton-plant-disease/Cotton leaves/40 Images/Healthy/rotate_zoompil_constract_30.jpg,cotton,cotton::Healthy,Healthy,3,1,train,,
/kaggle/input/datasets/dhamur/cotton-plant-disease/Cotton leaves/40 Images/Bacterial blight/rotate_zoompil_color_16.jpg,cotton,cotton::Bacterial blight,Bacterial blight,2,1,train,,
/kaggle/input/datasets/dhamur/cotton-plant-disease/Cotton leaves/40 Images/Target spot/pil_sharpness_17.jpg,cotton,cotton::Target spot,Target spot,5,1,train,,
/kaggle/input/datasets/dhamur/cotton-plant-disease/Cotton leaves/40 Images/Aphids/random_crop_pil_constract_18.jpg,cotton,cotton::Aphids,Aphids,0,1,train,,
/kaggle/input/datasets/dhamur/cotton-plant-disease/Cotton leaves/40 Images/Army worm/vertical_flippil_sharpness_14.jpg,cotton,cotton::Army worm,Army worm,1,1,train,,
/kaggle/input/datasets/dhamur/cotton-plant-disease/Cotton leaves/40 Images/Bacterial blight/rotate_zoompil_brightness_3.jpg,cotton,cotton::Bacterial blight,Bacterial blight,2,1,train,,
/kaggle/input/datasets/dhamur/cotton-plant-disease/Cotton leaves/40 Images/Healthy/random_crop_pil_constract_37.jpg,cotton,cotton::Healthy,Healthy,3,1,train,,
/kaggle/input/datasets/dhamur/cotton-plant-disease/Cotton leaves/40 Images/Target spot/rotate_zoompil_sharpness_26.jpg,cotton,cotton::Target spot,Target spot,5,1,train,,
/kaggle/input/datasets/dhamur/cotton-plant-disease/Cotton leaves/40 Images/Healthy/random_crop_pil_sharpness_28.jpg,cotton,cotton::Healthy,Healthy,3,1,train,,
/kaggle/input/datasets/dhamur/cotton-plant-disease/Cotton leaves/40 Images/Target spot/pil_color_9.jpg,cotton,cotton::Target spot,Target spot,5,1,train,,
/kaggle/input/datasets/dhamur/cotton-plant-disease/Cotton leaves/40 Images/Target spot/vertical_flip13.jpg,cotton,cotton::Target spot,Target spot,5,1,train,,
/kaggle/input/datasets/dhamur/cotton-plant-disease/Cotton leaves/40 Images/Powdery mildew/random_crop_pil_sharpness_10.jpg,cotton,cotton::Powdery mildew,Powdery mildew,4,1,train,,
/kaggle/input/datasets/dhamur/cotton-plant-disease/Cotton leaves/40 Images/Bacterial blight/rotate_zoompil_constract_13.jpg,cotton,cotton::Bacterial blight,Bacterial blight,2,1,train,,
/kaggle/input/datasets/dhamur/cotton-plant-disease/Cotton leaves/40 Images/Target spot/rotate_zoompil_constract_4.jpg,cotton,cotton::Target spot,Target spot,5,1,train,,
/kaggle/input/datasets/dhamur/cotton-plant-disease/Cotton leaves/40 Images/Army worm/15.jpg,cotton,cotton::Army worm,Army worm,1,1,train,,
/kaggle/working/exp02_robust_open_set/unknown_sources/cifar10/train/00529_041c21427160.png,cifar10,cifar10::041c21427160ad08,Unclassified,6,0,train,animal,cat
/kaggle/input/datasets/dhamur/cotton-plant-disease/Cotton leaves/40 Images/Healthy/vertical_flippil_brightness_23.jpg,cotton,cotton::Healthy,Healthy,3,1,train,,
/kaggle/input/datasets/dhamur/cotton-plant-disease/Cotton leaves/40 Images/Target spot/vertical_flippil_brightness_35.jpg,cotton,cotton::Target spot,Target spot,5,1,train,,
/kaggle/working/exp02_robust_open_set/unknown_sources/cifar10/train/00695_ae0287fbaf24.png,cifar10,cifar10::ae0287fbaf24c2f5,Unclassified,6,0,train,animal,dog
/kaggle/input/datasets/dhamur/cotton-plant-disease/Cotton leaves/40 Images/Healthy/vertical_flippil_brightness_13.jpg,cotton,cotton::Healthy,Healthy,3,1,train,,
/kaggle/input/datasets/dhamur/cotton-plant-disease/Cotton leaves/40 Images/Target spot/vertical_flippil_constract_18.jpg,cotton,cotton::Target spot,Target spot,5,1,train,,
/kaggle/input/datasets/dhamur/cotton-plant-disease/Cotton leaves/40 Images/Powdery mildew/random_crop_pil_constract_17.jpg,cotton,cotton::Powdery mildew,Powdery mildew,4,1,train,,
/kaggle/input/datasets/dhamur/cotton-plant-disease/Cotton leaves/40 Images/Target spot/pil_brightness_27.jpg,cotton,cotton::Target spot,Target spot,5,1,train,,
/kaggle/input/datasets/dhamur/cotton-plant-disease/Cotton leaves/40 Images/Powdery mildew/rotate_zoompil_constract_7.jpg,cotton,cotton::Powdery mildew,Powdery mildew,4,1,train,,
/kaggle/input/datasets/dhamur/cotton-plant-disease/Cotton leaves/40 Images/Target spot/rotate_zoompil_constract_39.jpg,cotton,cotton::Target spot,Target spot,5,1,train,,
/kaggle/input/datasets/dhamur/cotton-plant-disease/Cotton leaves/40 Images/Bacterial blight/random_crop_19.jpg,cotton,cotton::Bacterial blight,Bacterial blight,2,1,train,,
/kaggle/input/datasets/dhamur/cotton-plant-disease/Cotton leaves/40 Images/Army worm/vertical_flippil_constract_19.jpg,cotton,cotton::Army worm,Army worm,1,1,train,,
/kaggle/input/datasets/dhamur/cotton-plant-disease/Cotton leaves/40 Images/Army worm/vertical_flippil_brightness_5.jpg,cotton,cotton::Army worm,Army worm,1,1,train,,
/kaggle/working/exp02_robust_open_set/unknown_sources/cifar10/train/00354_e6cc3194c863.png,cifar10,cifar10::e6cc3194c8635ed2,Unclassified,6,0,train,object_vehicle,ship
/kaggle/input/datasets/dhamur/cotton-plant-disease/Cotton leaves/40 Images/Aphids/random_crop_pil_sharpness_36.jpg,cotton,cotton::Aphids,Aphids,0,1,train,,
/kaggle/input/datasets/dhamur/cotton-plant-disease/Cotton leaves/40 Images/Powdery mildew/random_crop_pil_color_29.jpg,cotton,cotton::Powdery mildew,Powdery mildew,4,1,train,,
/kaggle/input/datasets/dhamur/cotton-plant-disease/Cotton leaves/40 Images/Aphids/24_.jpg,cotton,cotton::Aphids,Aphids,0,1,train,,
/kaggle/input/datasets/dhamur/cotton-plant-disease/Cotton leaves/40 Images/Army worm/vertical_flippil_color_2.jpg,cotton,cotton::Army worm,Army worm,1,1,train,,
/kaggle/input/datasets/dhamur/cotton-plant-disease/Cotton leaves/40 Images/Army worm/vertical_flip24.jpg,cotton,cotton::Army worm,Army worm,1,1,train,,
/kaggle/input/datasets/dhamur/cotton-plant-disease/Cotton leaves/40 Images/Aphids/vertical_flippil_color_19.jpg,cotton,cotton::Aphids,Aphids,0,1,train,,
/kaggle/input/datasets/dhamur/cotton-plant-disease/Cotton leaves/40 Images/Target spot/rotate_zoompil_constract_3.jpg,cotton,cotton::Target spot,Target spot,5,1,train,,
/kaggle/input/datasets/dhamur/cotton-plant-disease/Cotton leaves/40 Images/Healthy/pil_brightness_34.jpg,cotton,cotton::Healthy,Healthy,3,1,train,,
/kaggle/working/exp02_robust_open_set/unknown_sources/cifar10/train/00745_cc6310ab9d20.png,cifar10,cifar10::cc6310ab9d206b8b,Unclassified,6,0,train,object_vehicle,automobile
/kaggle/input/datasets/dhamur/cotton-plant-disease/Cotton leaves/40 Images/Bacterial blight/pil_constract_11.jpg,cotton,cotton::Bacterial blight,Bacterial blight,2,1,train,,
/kaggle/input/datasets/dhamur/cotton-plant-disease/Cotton leaves/40 Images/Powdery mildew/vertical_flippil_color_28.jpg,cotton,cotton::Powdery mildew,Powdery mildew,4,1,train,,
/kaggle/working/exp02_robust_open_set/unknown_sources/cifar10/train/00545_6da26a0c05e2.png,cifar10,cifar10::6da26a0c05e2cdf6,Unclassified,6,0,train,animal,bird
/kaggle/input/datasets/dhamur/cotton-plant-disease/Cotton leaves/40 Images/Target spot/rotate_zoompil_sharpness_24.jpg,cotton,cotton::Target spot,Target spot,5,1,train,,
/kaggle/input/datasets/dhamur/cotton-plant-disease/Cotton leaves/40 Images/Target spot/random_crop_pil_color_24.jpg,cotton,cotton::Target spot,Target spot,5,1,train,,
/kaggle/input/datasets/dhamur/cotton-plant-disease/Cotton leaves/40 Images/Target spot/random_crop_37.jpg,cotton,cotton::Target spot,Target spot,5,1,train,,
/kaggle/working/exp02_robust_open_set/unknown_sources/cifar10/train/00298_bfcd0f0b1776.png,cifar10,cifar10::bfcd0f0b17762b58,Unclassified,6,0,train,object_vehicle,ship
/kaggle/input/datasets/dhamur/cotton-plant-disease/Cotton leaves/40 Images/Healthy/vertical_flippil_brightness_15.jpg,cotton,cotton::Healthy,Healthy,3,1,train,,
/kaggle/input/datasets/dhamur/cotton-plant-disease/Cotton leaves/40 Images/Healthy/pil_brightness_32.jpg,cotton,cotton::Healthy,Healthy,3,1,train,,
/kaggle/input/datasets/dhamur/cotton-plant-disease/Cotton leaves/40 Images/Healthy/vertical_flippil_constract_12.jpg,cotton,cotton::Healthy,Healthy,3,1,train,,
/kaggle/input/datasets/dhamur/cotton-plant-disease/Cotton leaves/40 Images/Army worm/rotate_zoompil_sharpness_14.jpg,cotton,cotton::Army worm,Army worm,1,1,train,,
/kaggle/input/datasets/dhamur/cotton-plant-disease/Cotton leaves/40 Images/Target spot/vertical_flippil_constract_38.jpg,cotton,cotton::Target spot,Target spot,5,1,train,,
/kaggle/working/exp02_robust_open_set/unknown_sources/cifar10/train/00215_bf22be45a71c.png,cifar10,cifar10::bf22be45a71c47d9,Unclassified,6,0,train,object_vehicle,automobile
/kaggle/input/datasets/dhamur/cotton-plant-disease/Cotton leaves/40 Images/Army worm/rotate_zoompil_brightness_32.jpg,cotton,cotton::Army worm,Army worm,1,1,train,,
/kaggle/input/datasets/dhamur/cotton-plant-disease/Cotton leaves/40 Images/Aphids/rotate_zoompil_color_15.jpg,cotton,cotton::Aphids,Aphids,0,1,train,,
/kaggle/input/datasets/dhamur/cotton-plant-disease/Cotton leaves/40 Images/Aphids/pil_constract_22_.jpg,cotton,cotton::Aphids,Aphids,0,1,train,,
/kaggle/input/datasets/dhamur/cotton-plant-disease/Cotton leaves/40 Images/Healthy/pil_brightness_13.jpg,cotton,cotton::Healthy,Healthy,3,1,train,,
/kaggle/input/datasets/dhamur/cotton-plant-disease/Cotton leaves/40 Images/Powdery mildew/rotate_zoompil_color_12.jpg,cotton,cotton::Powdery mildew,Powdery mildew,4,1,train,,
/kaggle/input/datasets/dhamur/cotton-plant-disease/Cotton leaves/40 Images/Bacterial blight/rotate_zoompil_constract_6.jpg,cotton,cotton::Bacterial blight,Bacterial blight,2,1,train,,
/kaggle/input/datasets/dhamur/cotton-plant-disease/Cotton leaves/40 Images/Powdery mildew/pil_constract_33.jpg,cotton,cotton::Powdery mildew,Powdery mildew,4,1,train,,
/kaggle/working/exp02_robust_open_set/unknown_sources/cifar10/train/00083_8637f8e9f82d.png,cifar10,cifar10::8637f8e9f82d0381,Unclassified,6,0,train,object_vehicle,ship
/kaggle/working/exp02_robust_open_set/unknown_sources/cifar10/train/00268_4454663ac51d.png,cifar10,cifar10::4454663ac51dfe59,Unclassified,6,0,train,object_vehicle,automobile
/kaggle/input/datasets/dhamur/cotton-plant-disease/Cotton leaves/40 Images/Bacterial blight/pil_sharpness_31.jpg,cotton,cotton::Bacterial blight,Bacterial blight,2,1,train,,
/kaggle/input/datasets/dhamur/cotton-plant-disease/Cotton leaves/40 Images/Powdery mildew/random_crop_pil_color_33.jpg,cotton,cotton::Powdery mildew,Powdery mildew,4,1,train,,
/kaggle/input/datasets/dhamur/cotton-plant-disease/Cotton leaves/40 Images/Bacterial blight/pil_sharpness_13.jpg,cotton,cotton::Bacterial blight,Bacterial blight,2,1,train,,
/kaggle/input/datasets/dhamur/cotton-plant-disease/Cotton leaves/40 Images/Aphids/pil_constract_28.jpg,cotton,cotton::Aphids,Aphids,0,1,train,,
/kaggle/input/datasets/dhamur/cotton-plant-disease/Cotton leaves/40 Images/Healthy/rotate_zoompil_color_11.jpg,cotton,cotton::Healthy,Healthy,3,1,train,,
/kaggle/input/datasets/dhamur/cotton-plant-disease/Cotton leaves/40 Images/Bacterial blight/pil_brightness_21.jpg,cotton,cotton::Bacterial blight,Bacterial blight,2,1,train,,
/kaggle/input/datasets/dhamur/cotton-plant-disease/Cotton leaves/40 Images/Target spot/vertical_flippil_brightness_7.jpg,cotton,cotton::Target spot,Target spot,5,1,train,,
/kaggle/input/datasets/dhamur/cotton-plant-disease/Cotton leaves/40 Images/Army worm/rotate_zoompil_sharpness_30.jpg,cotton,cotton::Army worm,Army worm,1,1,train,,
/kaggle/input/datasets/dhamur/cotton-plant-disease/Cotton leaves/40 Images/Army worm/vertical_flip18.jpg,cotton,cotton::Army worm,Army worm,1,1,train,,
/kaggle/input/datasets/dhamur/cotton-plant-disease/Cotton leaves/40 Images/Army worm/pil_color_12.jpg,cotton,cotton::Army worm,Army worm,1,1,train,,
/kaggle/input/datasets/dhamur/cotton-plant-disease/Cotton leaves/40 Images/Army worm/pil_sharpness_34.jpg,cotton,cotton::Army worm,Army worm,1,1,train,,
/kaggle/input/datasets/dhamur/cotton-plant-disease/Cotton leaves/40 Images/Powdery mildew/vertical_flippil_constract_33.jpg,cotton,cotton::Powdery mildew,Powdery mildew,4,1,train,,
/kaggle/working/exp02_robust_open_set/unknown_sources/cifar10/train/00194_d46ed19e96e2.png,cifar10,cifar10::d46ed19e96e2d35a,Unclassified,6,0,train,animal,horse
/kaggle/input/datasets/dhamur/cotton-plant-disease/Cotton leaves/40 Images/Bacterial blight/rotate_zoompil_color_14.jpg,cotton,cotton::Bacterial blight,Bacterial blight,2,1,train,,
/kaggle/input/datasets/dhamur/cotton-plant-disease/Cotton leaves/40 Images/Powdery mildew/vertical_flippil_constract_35.jpg,cotton,cotton::Powdery mildew,Powdery mildew,4,1,train,,
/kaggle/working/exp02_robust_open_set/unknown_sources/cifar10/train/00755_7574ef006a30.png,cifar10,cifar10::7574ef006a305273,Unclassified,6,0,train,animal,frog
/kaggle/input/datasets/dhamur/cotton-plant-disease/Cotton leaves/40 Images/Target spot/rotate_zoompil_color_25.jpg,cotton,cotton::Target spot,Target spot,5,1,train,,
/kaggle/input/datasets/dhamur/cotton-plant-disease/Cotton leaves/40 Images/Aphids/random_crop_pil_constract_25.jpg,cotton,cotton::Aphids,Aphids,0,1,train,,
/kaggle/working/exp02_robust_open_set/unknown_sources/cifar10/train/00641_6028c2be5102.png,cifar10,cifar10::6028c2be51025cf3,Unclassified,6,0,train,object_vehicle,automobile
/kaggle/input/datasets/dhamur/cotton-plant-disease/Cotton leaves/40 Images/Army worm/random_translation_pil_color_32.jpg,cotton,cotton::Army worm,Army worm,1,1,train,,
/kaggle/input/datasets/dhamur/cotton-plant-disease/Cotton leaves/40 Images/Target spot/rotate_zoompil_sharpness_6.jpg,cotton,cotton::Target spot,Target spot,5,1,train,,
/kaggle/working/exp02_robust_open_set/unknown_sources/cifar10/train/00280_5fff3a5aafa0.png,cifar10,cifar10::5fff3a5aafa012d5,Unclassified,6,0,train,animal,deer
/kaggle/input/datasets/dhamur/cotton-plant-disease/Cotton leaves/40 Images/Healthy/random_crop_pil_brightness_19.jpg,cotton,cotton::Healthy,Healthy,3,1,train,,
/kaggle/input/datasets/dhamur/cotton-plant-disease/Cotton leaves/40 Images/Bacterial blight/vertical_flippil_color_27.jpg,cotton,cotton::Bacterial blight,Bacterial blight,2,1,train,,
/kaggle/input/datasets/dhamur/cotton-plant-disease/Cotton leaves/40 Images/Bacterial blight/random_crop_pil_constract_38.jpg,cotton,cotton::Bacterial blight,Bacterial blight,2,1,train,,
/kaggle/input/datasets/dhamur/cotton-plant-disease/Cotton leaves/40 Images/Army worm/32.jpg,cotton,cotton::Army worm,Army worm,1,1,train,,
/kaggle/input/datasets/dhamur/cotton-plant-disease/Cotton leaves/40 Images/Army worm/pil_constract_13.jpg,cotton,cotton::Army worm,Army worm,1,1,train,,
/kaggle/input/datasets/dhamur/cotton-plant-disease/Cotton leaves/40 Images/Aphids/vertical_flippil_color_20.jpg,cotton,cotton::Aphids,Aphids,0,1,train,,
/kaggle/input/datasets/dhamur/cotton-plant-disease/Cotton leaves/40 Images/Healthy/26.jpg,cotton,cotton::Healthy,Healthy,3,1,train,,
/kaggle/input/datasets/dhamur/cotton-plant-disease/Cotton leaves/40 Images/Healthy/random_crop_pil_constract_20.jpg,cotton,cotton::Healthy,Healthy,3,1,train,,
/kaggle/input/datasets/dhamur/cotton-plant-disease/Cotton leaves/40 Images/Aphids/vertical_flippil_constract_36.jpg,cotton,cotton::Aphids,Aphids,0,1,train,,
/kaggle/input/datasets/dhamur/cotton-plant-disease/Cotton leaves/40 Images/Army worm/vertical_flip2.jpg,cotton,cotton::Army worm,Army worm,1,1,train,,
/kaggle/input/datasets/dhamur/cotton-plant-disease/Cotton leaves/40 Images/Powdery mildew/rotate_zoom10.jpg,cotton,cotton::Powdery mildew,Powdery mildew,4,1,train,,
/kaggle/input/datasets/dhamur/cotton-plant-disease/Cotton leaves/40 Images/Aphids/pil_color_3.jpg,cotton,cotton::Aphids,Aphids,0,1,train,,
/kaggle/input/datasets/dhamur/cotton-plant-disease/Cotton leaves/40 Images/Army worm/random_translation_pil_constract_23.jpg,cotton,cotton::Army worm,Army worm,1,1,train,,
/kaggle/input/datasets/dhamur/cotton-plant-disease/Cotton leaves/40 Images/Healthy/random_crop_pil_brightness_35.jpg,cotton,cotton::Healthy,Healthy,3,1,train,,
/kaggle/input/datasets/dhamur/cotton-plant-disease/Cotton leaves/40 Images/Healthy/pil_color_31.jpg,cotton,cotton::Healthy,Healthy,3,1,train,,
/kaggle/working/exp02_robust_open_set/unknown_sources/cifar10/train/00580_52b7a4bc5dd3.png,cifar10,cifar10::52b7a4bc5dd32bfd,Unclassified,6,0,train,object_vehicle,ship
/kaggle/working/exp02_robust_open_set/unknown_sources/cifar10/train/00635_51a39eb58d8a.png,cifar10,cifar10::51a39eb58d8ad018,Unclassified,6,0,train,animal,horse
/kaggle/input/datasets/dhamur/cotton-plant-disease/Cotton leaves/40 Images/Powdery mildew/rotate_zoompil_brightness_17.jpg,cotton,cotton::Powdery mildew,Powdery mildew,4,1,train,,
/kaggle/working/exp02_robust_open_set/unknown_sources/cifar10/train/00399_485e99b3aa23.png,cifar10,cifar10::485e99b3aa23b7c3,Unclassified,6,0,train,animal,horse
/kaggle/input/datasets/dhamur/cotton-plant-disease/Cotton leaves/40 Images/Bacterial blight/vertical_flip39.jpg,cotton,cotton::Bacterial blight,Bacterial blight,2,1,train,,
/kaggle/input/datasets/dhamur/cotton-plant-disease/Cotton leaves/40 Images/Healthy/vertical_flippil_sharpness_31.jpg,cotton,cotton::Healthy,Healthy,3,1,train,,
/kaggle/input/datasets/dhamur/cotton-plant-disease/Cotton leaves/40 Images/Target spot/rotate_zoompil_sharpness_12.jpg,cotton,cotton::Target spot,Target spot,5,1,train,,
/kaggle/input/datasets/dhamur/cotton-plant-disease/Cotton leaves/40 Images/Target spot/rotate_zoompil_color_31.jpg,cotton,cotton::Target spot,Target spot,5,1,train,,
/kaggle/input/datasets/dhamur/cotton-plant-disease/Cotton leaves/40 Images/Powdery mildew/rotate_zoompil_brightness_7.jpg,cotton,cotton::Powdery mildew,Powdery mildew,4,1,train,,
/kaggle/working/exp02_robust_open_set/unknown_sources/cifar10/train/00434_1eb59e945e3c.png,cifar10,cifar10::1eb59e945e3ce626,Unclassified,6,0,train,object_vehicle,airplane
/kaggle/working/exp02_robust_open_set/unknown_sources/cifar10/train/00301_194f351b0238.png,cifar10,cifar10::194f351b0238e844,Unclassified,6,0,train,object_vehicle,airplane
/kaggle/input/datasets/dhamur/cotton-plant-disease/Cotton leaves/40 Images/Target spot/19.jpg,cotton,cotton::Target spot,Target spot,5,1,train,,
/kaggle/working/exp02_robust_open_set/unknown_sources/cifar10/train/00356_3d1671e7cdb6.png,cifar10,cifar10::3d1671e7cdb6208e,Unclassified,6,0,train,animal,deer
/kaggle/input/datasets/dhamur/cotton-plant-disease/Cotton leaves/40 Images/Healthy/pil_sharpness_19.jpg,cotton,cotton::Healthy,Healthy,3,1,train,,
/kaggle/input/datasets/dhamur/cotton-plant-disease/Cotton leaves/40 Images/Healthy/vertical_flippil_color_14.jpg,cotton,cotton::Healthy,Healthy,3,1,train,,
/kaggle/working/exp02_robust_open_set/unknown_sources/cifar10/train/00380_8a625d955154.png,cifar10,cifar10::8a625d955154ef5d,Unclassified,6,0,train,animal,horse
/kaggle/working/exp02_robust_open_set/unknown_sources/cifar10/train/00187_2ce5677170c8.png,cifar10,cifar10::2ce5677170c83e29,Unclassified,6,0,train,object_vehicle,automobile
/kaggle/input/datasets/dhamur/cotton-plant-disease/Cotton leaves/40 Images/Aphids/random_crop_9.jpg,cotton,cotton::Aphids,Aphids,0,1,train,,
/kaggle/input/datasets/dhamur/cotton-plant-disease/Cotton leaves/40 Images/Healthy/vertical_flippil_color_2.jpg,cotton,cotton::Healthy,Healthy,3,1,train,,
/kaggle/input/datasets/dhamur/cotton-plant-disease/Cotton leaves/40 Images/Bacterial blight/random_crop_pil_sharpness_27.jpg,cotton,cotton::Bacterial blight,Bacterial blight,2,1,train,,
/kaggle/input/datasets/dhamur/cotton-plant-disease/Cotton leaves/40 Images/Healthy/vertical_flippil_constract_23.jpg,cotton,cotton::Healthy,Healthy,3,1,train,,
/kaggle/input/datasets/dhamur/cotton-plant-disease/Cotton leaves/40 Images/Bacterial blight/vertical_flippil_constract_12.jpg,cotton,cotton::Bacterial blight,Bacterial blight,2,1,train,,
/kaggle/input/datasets/dhamur/cotton-plant-disease/Cotton leaves/40 Images/Healthy/pil_constract_24.jpg,cotton,cotton::Healthy,Healthy,3,1,train,,
/kaggle/input/datasets/dhamur/cotton-plant-disease/Cotton leaves/40 Images/Healthy/random_crop_pil_color_40.jpg,cotton,cotton::Healthy,Healthy,3,1,train,,
/kaggle/input/datasets/dhamur/cotton-plant-disease/Cotton leaves/40 Images/Target spot/33.jpg,cotton,cotton::Target spot,Target spot,5,1,train,,
/kaggle/input/datasets/dhamur/cotton-plant-disease/Cotton leaves/40 Images/Army worm/rotate_zoompil_sharpness_38.jpg,cotton,cotton::Army worm,Army worm,1,1,train,,
/kaggle/input/datasets/dhamur/cotton-plant-disease/Cotton leaves/40 Images/Healthy/vertical_flip17.jpg,cotton,cotton::Healthy,Healthy,3,1,train,,
/kaggle/input/datasets/dhamur/cotton-plant-disease/Cotton leaves/40 Images/Aphids/vertical_flippil_color_9.jpg,cotton,cotton::Aphids,Aphids,0,1,train,,
/kaggle/input/datasets/dhamur/cotton-plant-disease/Cotton leaves/40 Images/Bacterial blight/vertical_flippil_color_20.jpg,cotton,cotton::Bacterial blight,Bacterial blight,2,1,train,,
/kaggle/input/datasets/dhamur/cotton-plant-disease/Cotton leaves/40 Images/Target spot/pil_color_34.jpg,cotton,cotton::Target spot,Target spot,5,1,train,,
/kaggle/input/datasets/dhamur/cotton-plant-disease/Cotton leaves/40 Images/Healthy/random_crop_pil_brightness_37.jpg,cotton,cotton::Healthy,Healthy,3,1,train,,
/kaggle/input/datasets/dhamur/cotton-plant-disease/Cotton leaves/40 Images/Bacterial blight/vertical_flippil_color_39.jpg,cotton,cotton::Bacterial blight,Bacterial blight,2,1,train,,
/kaggle/input/datasets/dhamur/cotton-plant-disease/Cotton leaves/40 Images/Aphids/vertical_flip12.jpg,cotton,cotton::Aphids,Aphids,0,1,train,,
/kaggle/input/datasets/dhamur/cotton-plant-disease/Cotton leaves/40 Images/Aphids/rotate_zoom17.jpg,cotton,cotton::Aphids,Aphids,0,1,train,,
/kaggle/input/datasets/dhamur/cotton-plant-disease/Cotton leaves/40 Images/Army worm/pil_sharpness_12.jpg,cotton,cotton::Army worm,Army worm,1,1,train,,
/kaggle/input/datasets/dhamur/cotton-plant-disease/Cotton leaves/40 Images/Bacterial blight/random_crop_pil_sharpness_23.jpg,cotton,cotton::Bacterial blight,Bacterial blight,2,1,train,,
/kaggle/input/datasets/dhamur/cotton-plant-disease/Cotton leaves/40 Images/Powdery mildew/rotate_zoom17.jpg,cotton,cotton::Powdery mildew,Powdery mildew,4,1,train,,
/kaggle/working/exp02_robust_open_set/unknown_sources/cifar10/train/00575_b625c1f6afb8.png,cifar10,cifar10::b625c1f6afb833d0,Unclassified,6,0,train,animal,cat
/kaggle/input/datasets/dhamur/cotton-plant-disease/Cotton leaves/40 Images/Powdery mildew/rotate_zoompil_constract_35.jpg,cotton,cotton::Powdery mildew,Powdery mildew,4,1,train,,
/kaggle/input/datasets/dhamur/cotton-plant-disease/Cotton leaves/40 Images/Army worm/pil_constract_36.jpg,cotton,cotton::Army worm,Army worm,1,1,train,,
/kaggle/input/datasets/dhamur/cotton-plant-disease/Cotton leaves/40 Images/Target spot/7.jpg,cotton,cotton::Target spot,Target spot,5,1,train,,
/kaggle/input/datasets/dhamur/cotton-plant-disease/Cotton leaves/40 Images/Army worm/vertical_flippil_color_11.jpg,cotton,cotton::Army worm,Army worm,1,1,train,,
/kaggle/input/datasets/dhamur/cotton-plant-disease/Cotton leaves/40 Images/Army worm/pil_constract_2.jpg,cotton,cotton::Army worm,Army worm,1,1,train,,
/kaggle/input/datasets/dhamur/cotton-plant-disease/Cotton leaves/40 Images/Target spot/vertical_flippil_color_14.jpg,cotton,cotton::Target spot,Target spot,5,1,train,,
/kaggle/input/datasets/dhamur/cotton-plant-disease/Cotton leaves/40 Images/Bacterial blight/23.jpg,cotton,cotton::Bacterial blight,Bacterial blight,2,1,train,,
/kaggle/input/datasets/dhamur/cotton-plant-disease/Cotton leaves/40 Images/Target spot/random_crop_pil_sharpness_15.jpg,cotton,cotton::Target spot,Target spot,5,1,train,,
/kaggle/input/datasets/dhamur/cotton-plant-disease/Cotton leaves/40 Images/Healthy/rotate_zoompil_sharpness_8.jpg,cotton,cotton::Healthy,Healthy,3,1,train,,
/kaggle/working/exp02_robust_open_set/unknown_sources/cifar10/train/00445_41ef897d15db.png,cifar10,cifar10::41ef897d15dbdb42,Unclassified,6,0,train,animal,dog
/kaggle/input/datasets/dhamur/cotton-plant-disease/Cotton leaves/40 Images/Army worm/vertical_flippil_constract_6.jpg,cotton,cotton::Army worm,Army worm,1,1,train,,
/kaggle/input/datasets/dhamur/cotton-plant-disease/Cotton leaves/40 Images/Army worm/vertical_flip11.jpg,cotton,cotton::Army worm,Army worm,1,1,train,,
/kaggle/input/datasets/dhamur/cotton-plant-disease/Cotton leaves/40 Images/Powdery mildew/vertical_flippil_brightness_3.jpg,cotton,cotton::Powdery mildew,Powdery mildew,4,1,train,,
/kaggle/input/datasets/dhamur/cotton-plant-disease/Cotton leaves/40 Images/Healthy/pil_brightness_4.jpg,cotton,cotton::Healthy,Healthy,3,1,train,,
/kaggle/input/datasets/dhamur/cotton-plant-disease/Cotton leaves/40 Images/Bacterial blight/vertical_flippil_constract_28.jpg,cotton,cotton::Bacterial blight,Bacterial blight,2,1,train,,
/kaggle/input/datasets/dhamur/cotton-plant-disease/Cotton leaves/40 Images/Powdery mildew/pil_sharpness_6.jpg,cotton,cotton::Powdery mildew,Powdery mildew,4,1,train,,
/kaggle/working/exp02_robust_open_set/unknown_sources/cifar10/train/00794_959a65f014f5.png,cifar10,cifar10::959a65f014f567c6,Unclassified,6,0,train,animal,cat
/kaggle/input/datasets/dhamur/cotton-plant-disease/Cotton leaves/40 Images/Powdery mildew/pil_brightness_15.jpg,cotton,cotton::Powdery mildew,Powdery mildew,4,1,train,,
/kaggle/input/datasets/dhamur/cotton-plant-disease/Cotton leaves/40 Images/Bacterial blight/random_crop_pil_brightness_9.jpg,cotton,cotton::Bacterial blight,Bacterial blight,2,1,train,,
/kaggle/input/datasets/dhamur/cotton-plant-disease/Cotton leaves/40 Images/Target spot/random_crop_27.jpg,cotton,cotton::Target spot,Target spot,5,1,train,,
/kaggle/input/datasets/dhamur/cotton-plant-disease/Cotton leaves/40 Images/Target spot/random_crop_15.jpg,cotton,cotton::Target spot,Target spot,5,1,train,,
/kaggle/input/datasets/dhamur/cotton-plant-disease/Cotton leaves/40 Images/Powdery mildew/25.jpg,cotton,cotton::Powdery mildew,Powdery mildew,4,1,train,,
/kaggle/input/datasets/dhamur/cotton-plant-disease/Cotton leaves/40 Images/Powdery mildew/pil_sharpness_17.jpg,cotton,cotton::Powdery mildew,Powdery mildew,4,1,train,,
/kaggle/input/datasets/dhamur/cotton-plant-disease/Cotton leaves/40 Images/Healthy/vertical_flippil_sharpness_36.jpg,cotton,cotton::Healthy,Healthy,3,1,train,,
/kaggle/input/datasets/dhamur/cotton-plant-disease/Cotton leaves/40 Images/Healthy/37.jpg,cotton,cotton::Healthy,Healthy,3,1,train,,
/kaggle/input/datasets/dhamur/cotton-plant-disease/Cotton leaves/40 Images/Target spot/vertical_flippil_color_12.jpg,cotton,cotton::Target spot,Target spot,5,1,train,,
/kaggle/input/datasets/dhamur/cotton-plant-disease/Cotton leaves/40 Images/Bacterial blight/random_crop_pil_sharpness_12.jpg,cotton,cotton::Bacterial blight,Bacterial blight,2,1,train,,
/kaggle/input/datasets/dhamur/cotton-plant-disease/Cotton leaves/40 Images/Target spot/rotate_zoom27.jpg,cotton,cotton::Target spot,Target spot,5,1,train,,
/kaggle/working/exp02_robust_open_set/unknown_sources/cifar10/train/00218_d26d0024a476.png,cifar10,cifar10::d26d0024a476f571,Unclassified,6,0,train,object_vehicle,ship
/kaggle/input/datasets/dhamur/cotton-plant-disease/Cotton leaves/40 Images/Aphids/vertical_flippil_sharpness_3.jpg,cotton,cotton::Aphids,Aphids,0,1,train,,
/kaggle/input/datasets/dhamur/cotton-plant-disease/Cotton leaves/40 Images/Army worm/pil_color_2.jpg,cotton,cotton::Army worm,Army worm,1,1,train,,
/kaggle/input/datasets/dhamur/cotton-plant-disease/Cotton leaves/40 Images/Bacterial blight/rotate_zoompil_color_21.jpg,cotton,cotton::Bacterial blight,Bacterial blight,2,1,train,,
/kaggle/input/datasets/dhamur/cotton-plant-disease/Cotton leaves/40 Images/Powdery mildew/vertical_flip37.jpg,cotton,cotton::Powdery mildew,Powdery mildew,4,1,train,,
/kaggle/input/datasets/dhamur/cotton-plant-disease/Cotton leaves/40 Images/Army worm/random_translation_pil_color_8.jpg,cotton,cotton::Army worm,Army worm,1,1,train,,
/kaggle/input/datasets/dhamur/cotton-plant-disease/Cotton leaves/40 Images/Aphids/rotate_zoompil_constract_30.jpg,cotton,cotton::Aphids,Aphids,0,1,train,,
/kaggle/input/datasets/dhamur/cotton-plant-disease/Cotton leaves/40 Images/Aphids/37.jpg,cotton,cotton::Aphids,Aphids,0,1,train,,
/kaggle/working/exp02_robust_open_set/unknown_sources/cifar10/train/00291_eec035f63920.png,cifar10,cifar10::eec035f639202172,Unclassified,6,0,train,animal,deer
/kaggle/input/datasets/dhamur/cotton-plant-disease/Cotton leaves/40 Images/Army worm/rotate_zoompil_constract_40.jpg,cotton,cotton::Army worm,Army worm,1,1,train,,
/kaggle/input/datasets/dhamur/cotton-plant-disease/Cotton leaves/40 Images/Powdery mildew/16.jpg,cotton,cotton::Powdery mildew,Powdery mildew,4,1,train,,
/kaggle/input/datasets/dhamur/cotton-plant-disease/Cotton leaves/40 Images/Target spot/vertical_flippil_sharpness_22.jpg,cotton,cotton::Target spot,Target spot,5,1,train,,
/kaggle/input/datasets/dhamur/cotton-plant-disease/Cotton leaves/40 Images/Powdery mildew/rotate_zoom24.jpg,cotton,cotton::Powdery mildew,Powdery mildew,4,1,train,,
/kaggle/input/datasets/dhamur/cotton-plant-disease/Cotton leaves/40 Images/Healthy/vertical_flippil_brightness_26.jpg,cotton,cotton::Healthy,Healthy,3,1,train,,
/kaggle/input/datasets/dhamur/cotton-plant-disease/Cotton leaves/40 Images/Powdery mildew/vertical_flippil_sharpness_1.jpg,cotton,cotton::Powdery mildew,Powdery mildew,4,1,train,,
/kaggle/input/datasets/dhamur/cotton-plant-disease/Cotton leaves/40 Images/Powdery mildew/vertical_flip9.jpg,cotton,cotton::Powdery mildew,Powdery mildew,4,1,train,,
/kaggle/input/datasets/dhamur/cotton-plant-disease/Cotton leaves/40 Images/Powdery mildew/pil_color_34.jpg,cotton,cotton::Powdery mildew,Powdery mildew,4,1,train,,
/kaggle/input/datasets/dhamur/cotton-plant-disease/Cotton leaves/40 Images/Powdery mildew/rotate_zoompil_constract_12.jpg,cotton,cotton::Powdery mildew,Powdery mildew,4,1,train,,
/kaggle/input/datasets/dhamur/cotton-plant-disease/Cotton leaves/40 Images/Army worm/pil_color_32.jpg,cotton,cotton::Army worm,Army worm,1,1,train,,
/kaggle/input/datasets/dhamur/cotton-plant-disease/Cotton leaves/40 Images/Army worm/rotate_zoom30.jpg,cotton,cotton::Army worm,Army worm,1,1,train,,
/kaggle/working/exp02_robust_open_set/unknown_sources/cifar10/train/00403_dd9f5f844b56.png,cifar10,cifar10::dd9f5f844b5624a1,Unclassified,6,0,train,object_vehicle,ship
/kaggle/input/datasets/dhamur/cotton-plant-disease/Cotton leaves/40 Images/Powdery mildew/pil_brightness_22.jpg,cotton,cotton::Powdery mildew,Powdery mildew,4,1,train,,
/kaggle/input/datasets/dhamur/cotton-plant-disease/Cotton leaves/40 Images/Aphids/vertical_flippil_brightness_12.jpg,cotton,cotton::Aphids,Aphids,0,1,train,,
/kaggle/input/datasets/dhamur/cotton-plant-disease/Cotton leaves/40 Images/Bacterial blight/random_crop_pil_brightness_2.jpg,cotton,cotton::Bacterial blight,Bacterial blight,2,1,train,,
/kaggle/working/exp02_robust_open_set/unknown_sources/cifar10/train/00172_c995e246195a.png,cifar10,cifar10::c995e246195ac10e,Unclassified,6,0,train,object_vehicle,airplane
/kaggle/input/datasets/dhamur/cotton-plant-disease/Cotton leaves/40 Images/Powdery mildew/pil_constract_38.jpg,cotton,cotton::Powdery mildew,Powdery mildew,4,1,train,,
/kaggle/input/datasets/dhamur/cotton-plant-disease/Cotton leaves/40 Images/Powdery mildew/random_crop_pil_sharpness_37.jpg,cotton,cotton::Powdery mildew,Powdery mildew,4,1,train,,
/kaggle/input/datasets/dhamur/cotton-plant-disease/Cotton leaves/40 Images/Powdery mildew/random_crop_pil_sharpness_22.jpg,cotton,cotton::Powdery mildew,Powdery mildew,4,1,train,,
/kaggle/input/datasets/dhamur/cotton-plant-disease/Cotton leaves/40 Images/Bacterial blight/vertical_flip32.jpg,cotton,cotton::Bacterial blight,Bacterial blight,2,1,train,,
/kaggle/input/datasets/dhamur/cotton-plant-disease/Cotton leaves/40 Images/Army worm/rotate_zoompil_constract_33.jpg,cotton,cotton::Army worm,Army worm,1,1,train,,
/kaggle/working/exp02_robust_open_set/unknown_sources/cifar10/train/00266_4992130503c4.png,cifar10,cifar10::4992130503c48dbc,Unclassified,6,0,train,animal,deer
/kaggle/input/datasets/dhamur/cotton-plant-disease/Cotton leaves/40 Images/Target spot/pil_brightness_15.jpg,cotton,cotton::Target spot,Target spot,5,1,train,,
/kaggle/working/exp02_robust_open_set/unknown_sources/cifar10/train/00608_0cfa6e1df8d5.png,cifar10,cifar10::0cfa6e1df8d522d6,Unclassified,6,0,train,animal,frog
/kaggle/input/datasets/dhamur/cotton-plant-disease/Cotton leaves/40 Images/Army worm/pil_brightness_6.jpg,cotton,cotton::Army worm,Army worm,1,1,train,,
/kaggle/working/exp02_robust_open_set/unknown_sources/cifar10/train/00747_05ccdd71c35b.png,cifar10,cifar10::05ccdd71c35b0823,Unclassified,6,0,train,animal,horse
/kaggle/input/datasets/dhamur/cotton-plant-disease/Cotton leaves/40 Images/Aphids/vertical_flippil_color_37.jpg,cotton,cotton::Aphids,Aphids,0,1,train,,
/kaggle/input/datasets/dhamur/cotton-plant-disease/Cotton leaves/40 Images/Healthy/vertical_flippil_color_25.jpg,cotton,cotton::Healthy,Healthy,3,1,train,,
/kaggle/input/datasets/dhamur/cotton-plant-disease/Cotton leaves/40 Images/Aphids/pil_constract_16.jpg,cotton,cotton::Aphids,Aphids,0,1,train,,
/kaggle/input/datasets/dhamur/cotton-plant-disease/Cotton leaves/40 Images/Bacterial blight/random_crop_pil_constract_21.jpg,cotton,cotton::Bacterial blight,Bacterial blight,2,1,train,,
/kaggle/working/exp02_robust_open_set/unknown_sources/cifar10/train/00372_60204f026104.png,cifar10,cifar10::60204f026104bd06,Unclassified,6,0,train,object_vehicle,truck
/kaggle/input/datasets/dhamur/cotton-plant-disease/Cotton leaves/40 Images/Powdery mildew/random_crop_pil_color_10.jpg,cotton,cotton::Powdery mildew,Powdery mildew,4,1,train,,
/kaggle/input/datasets/dhamur/cotton-plant-disease/Cotton leaves/40 Images/Healthy/random_crop_30.jpg,cotton,cotton::Healthy,Healthy,3,1,train,,
/kaggle/input/datasets/dhamur/cotton-plant-disease/Cotton leaves/40 Images/Powdery mildew/rotate_zoompil_sharpness_17.jpg,cotton,cotton::Powdery mildew,Powdery mildew,4,1,train,,
/kaggle/input/datasets/dhamur/cotton-plant-disease/Cotton leaves/40 Images/Healthy/vertical_flippil_sharpness_25.jpg,cotton,cotton::Healthy,Healthy,3,1,train,,
/kaggle/working/exp02_robust_open_set/unknown_sources/cifar10/train/00799_e4a3a35f088f.png,cifar10,cifar10::e4a3a35f088f69c7,Unclassified,6,0,train,object_vehicle,automobile
/kaggle/working/exp02_robust_open_set/unknown_sources/cifar10/train/00359_fb20d507b55f.png,cifar10,cifar10::fb20d507b55f8c5f,Unclassified,6,0,train,animal,horse
/kaggle/working/exp02_robust_open_set/unknown_sources/cifar10/train/00141_21b681b33548.png,cifar10,cifar10::21b681b33548dbe9,Unclassified,6,0,train,animal,horse
/kaggle/input/datasets/dhamur/cotton-plant-disease/Cotton leaves/40 Images/Aphids/vertical_flippil_color_12.jpg,cotton,cotton::Aphids,Aphids,0,1,train,,
/kaggle/working/exp02_robust_open_set/unknown_sources/cifar10/train/00527_b02c97ffdded.png,cifar10,cifar10::b02c97ffddedd9d6,Unclassified,6,0,train,animal,bird
/kaggle/working/exp02_robust_open_set/unknown_sources/cifar10/train/00350_430c2c67f327.png,cifar10,cifar10::430c2c67f327ea6e,Unclassified,6,0,train,object_vehicle,ship
/kaggle/input/datasets/dhamur/cotton-plant-disease/Cotton leaves/40 Images/Aphids/random_crop_pil_sharpness_10.jpg,cotton,cotton::Aphids,Aphids,0,1,train,,
/kaggle/input/datasets/dhamur/cotton-plant-disease/Cotton leaves/40 Images/Aphids/rotate_zoompil_sharpness_34.jpg,cotton,cotton::Aphids,Aphids,0,1,train,,
/kaggle/input/datasets/dhamur/cotton-plant-disease/Cotton leaves/40 Images/Bacterial blight/rotate_zoompil_constract_36.jpg,cotton,cotton::Bacterial blight,Bacterial blight,2,1,train,,
/kaggle/input/datasets/dhamur/cotton-plant-disease/Cotton leaves/40 Images/Target spot/random_crop_pil_brightness_18.jpg,cotton,cotton::Target spot,Target spot,5,1,train,,
/kaggle/input/datasets/dhamur/cotton-plant-disease/Cotton leaves/40 Images/Powdery mildew/pil_brightness_5.jpg,cotton,cotton::Powdery mildew,Powdery mildew,4,1,train,,
/kaggle/input/datasets/dhamur/cotton-plant-disease/Cotton leaves/40 Images/Army worm/random_translation_pil_color_21.jpg,cotton,cotton::Army worm,Army worm,1,1,train,,
/kaggle/input/datasets/dhamur/cotton-plant-disease/Cotton leaves/40 Images/Bacterial blight/rotate_zoom11.jpg,cotton,cotton::Bacterial blight,Bacterial blight,2,1,train,,
/kaggle/working/exp02_robust_open_set/unknown_sources/cifar10/train/00653_7d7fc83ca2fc.png,cifar10,cifar10::7d7fc83ca2fc5442,Unclassified,6,0,train,object_vehicle,automobile
/kaggle/input/datasets/dhamur/cotton-plant-disease/Cotton leaves/40 Images/Powdery mildew/rotate_zoompil_sharpness_32.jpg,cotton,cotton::Powdery mildew,Powdery mildew,4,1,train,,
/kaggle/working/exp02_robust_open_set/unknown_sources/cifar10/train/00015_030f2e3da885.png,cifar10,cifar10::030f2e3da885feca,Unclassified,6,0,train,object_vehicle,ship
/kaggle/working/exp02_robust_open_set/unknown_sources/cifar10/train/00558_01f0e1770457.png,cifar10,cifar10::01f0e17704575ab3,Unclassified,6,0,train,animal,bird
/kaggle/input/datasets/dhamur/cotton-plant-disease/Cotton leaves/40 Images/Aphids/vertical_flippil_color_25.jpg,cotton,cotton::Aphids,Aphids,0,1,train,,
/kaggle/input/datasets/dhamur/cotton-plant-disease/Cotton leaves/40 Images/Aphids/random_crop_24_.jpg,cotton,cotton::Aphids,Aphids,0,1,train,,
/kaggle/input/datasets/dhamur/cotton-plant-disease/Cotton leaves/40 Images/Aphids/34.jpg,cotton,cotton::Aphids,Aphids,0,1,train,,
/kaggle/input/datasets/dhamur/cotton-plant-disease/Cotton leaves/40 Images/Target spot/pil_brightness_14.jpg,cotton,cotton::Target spot,Target spot,5,1,train,,
/kaggle/input/datasets/dhamur/cotton-plant-disease/Cotton leaves/40 Images/Bacterial blight/random_crop_pil_brightness_32.jpg,cotton,cotton::Bacterial blight,Bacterial blight,2,1,train,,
/kaggle/input/datasets/dhamur/cotton-plant-disease/Cotton leaves/40 Images/Army worm/vertical_flippil_brightness_32.jpg,cotton,cotton::Army worm,Army worm,1,1,train,,
/kaggle/input/datasets/dhamur/cotton-plant-disease/Cotton leaves/40 Images/Powdery mildew/pil_sharpness_21.jpg,cotton,cotton::Powdery mildew,Powdery mildew,4,1,train,,
/kaggle/input/datasets/dhamur/cotton-plant-disease/Cotton leaves/40 Images/Healthy/38.jpg,cotton,cotton::Healthy,Healthy,3,1,train,,
/kaggle/input/datasets/dhamur/cotton-plant-disease/Cotton leaves/40 Images/Bacterial blight/random_crop_28.jpg,cotton,cotton::Bacterial blight,Bacterial blight,2,1,train,,
/kaggle/input/datasets/dhamur/cotton-plant-disease/Cotton leaves/40 Images/Bacterial blight/pil_constract_28.jpg,cotton,cotton::Bacterial blight,Bacterial blight,2,1,train,,
/kaggle/input/datasets/dhamur/cotton-plant-disease/Cotton leaves/40 Images/Target spot/rotate_zoompil_brightness_35.jpg,cotton,cotton::Target spot,Target spot,5,1,train,,
/kaggle/input/datasets/dhamur/cotton-plant-disease/Cotton leaves/40 Images/Aphids/random_crop_pil_brightness_10.jpg,cotton,cotton::Aphids,Aphids,0,1,train,,
/kaggle/input/datasets/dhamur/cotton-plant-disease/Cotton leaves/40 Images/Target spot/rotate_zoompil_brightness_39.jpg,cotton,cotton::Target spot,Target spot,5,1,train,,
/kaggle/input/datasets/dhamur/cotton-plant-disease/Cotton leaves/40 Images/Bacterial blight/random_crop_pil_brightness_8.jpg,cotton,cotton::Bacterial blight,Bacterial blight,2,1,train,,
/kaggle/input/datasets/dhamur/cotton-plant-disease/Cotton leaves/40 Images/Powdery mildew/pil_brightness_25.jpg,cotton,cotton::Powdery mildew,Powdery mildew,4,1,train,,
/kaggle/input/datasets/dhamur/cotton-plant-disease/Cotton leaves/40 Images/Healthy/random_crop_pil_brightness_4.jpg,cotton,cotton::Healthy,Healthy,3,1,train,,
/kaggle/input/datasets/dhamur/cotton-plant-disease/Cotton leaves/40 Images/Army worm/random_translation_pil_color_24.jpg,cotton,cotton::Army worm,Army worm,1,1,train,,
/kaggle/input/datasets/dhamur/cotton-plant-disease/Cotton leaves/40 Images/Aphids/random_crop_19.jpg,cotton,cotton::Aphids,Aphids,0,1,train,,
/kaggle/input/datasets/dhamur/cotton-plant-disease/Cotton leaves/40 Images/Target spot/vertical_flippil_sharpness_25.jpg,cotton,cotton::Target spot,Target spot,5,1,train,,
/kaggle/input/datasets/dhamur/cotton-plant-disease/Cotton leaves/40 Images/Powdery mildew/random_crop_13.jpg,cotton,cotton::Powdery mildew,Powdery mildew,4,1,train,,
/kaggle/working/exp02_robust_open_set/unknown_sources/cifar10/train/00720_c99b18f641e3.png,cifar10,cifar10::c99b18f641e388e6,Unclassified,6,0,train,animal,bird
/kaggle/input/datasets/dhamur/cotton-plant-disease/Cotton leaves/40 Images/Target spot/random_crop_pil_constract_17.jpg,cotton,cotton::Target spot,Target spot,5,1,train,,
/kaggle/input/datasets/dhamur/cotton-plant-disease/Cotton leaves/40 Images/Army worm/38.jpg,cotton,cotton::Army worm,Army worm,1,1,train,,
/kaggle/input/datasets/dhamur/cotton-plant-disease/Cotton leaves/40 Images/Powdery mildew/random_crop_pil_brightness_34.jpg,cotton,cotton::Powdery mildew,Powdery mildew,4,1,train,,
/kaggle/working/exp02_robust_open_set/unknown_sources/cifar10/train/00294_158f455cd46a.png,cifar10,cifar10::158f455cd46a2f44,Unclassified,6,0,train,animal,bird
/kaggle/input/datasets/dhamur/cotton-plant-disease/Cotton leaves/40 Images/Powdery mildew/pil_color_12.jpg,cotton,cotton::Powdery mildew,Powdery mildew,4,1,train,,
/kaggle/input/datasets/dhamur/cotton-plant-disease/Cotton leaves/40 Images/Powdery mildew/pil_constract_19.jpg,cotton,cotton::Powdery mildew,Powdery mildew,4,1,train,,
/kaggle/input/datasets/dhamur/cotton-plant-disease/Cotton leaves/40 Images/Army worm/rotate_zoom10.jpg,cotton,cotton::Army worm,Army worm,1,1,train,,
/kaggle/working/exp02_robust_open_set/unknown_sources/cifar10/train/00149_95f8a1684730.png,cifar10,cifar10::95f8a1684730c44c,Unclassified,6,0,train,object_vehicle,automobile
/kaggle/input/datasets/dhamur/cotton-plant-disease/Cotton leaves/40 Images/Army worm/random_translation_pil_brightness_19.jpg,cotton,cotton::Army worm,Army worm,1,1,train,,
/kaggle/input/datasets/dhamur/cotton-plant-disease/Cotton leaves/40 Images/Bacterial blight/random_crop_pil_sharpness_34.jpg,cotton,cotton::Bacterial blight,Bacterial blight,2,1,train,,
/kaggle/input/datasets/dhamur/cotton-plant-disease/Cotton leaves/40 Images/Target spot/vertical_flip27.jpg,cotton,cotton::Target spot,Target spot,5,1,train,,
/kaggle/input/datasets/dhamur/cotton-plant-disease/Cotton leaves/40 Images/Army worm/rotate_zoompil_sharpness_7.jpg,cotton,cotton::Army worm,Army worm,1,1,train,,
/kaggle/input/datasets/dhamur/cotton-plant-disease/Cotton leaves/40 Images/Healthy/vertical_flippil_constract_13.jpg,cotton,cotton::Healthy,Healthy,3,1,train,,
/kaggle/input/datasets/dhamur/cotton-plant-disease/Cotton leaves/40 Images/Healthy/pil_constract_36.jpg,cotton,cotton::Healthy,Healthy,3,1,train,,
/kaggle/input/datasets/dhamur/cotton-plant-disease/Cotton leaves/40 Images/Powdery mildew/vertical_flippil_constract_11.jpg,cotton,cotton::Powdery mildew,Powdery mildew,4,1,train,,
/kaggle/input/datasets/dhamur/cotton-plant-disease/Cotton leaves/40 Images/Target spot/vertical_flippil_sharpness_4.jpg,cotton,cotton::Target spot,Target spot,5,1,train,,
/kaggle/input/datasets/dhamur/cotton-plant-disease/Cotton leaves/40 Images/Army worm/vertical_flippil_sharpness_35.jpg,cotton,cotton::Army worm,Army worm,1,1,train,,
/kaggle/input/datasets/dhamur/cotton-plant-disease/Cotton leaves/40 Images/Healthy/pil_color_37.jpg,cotton,cotton::Healthy,Healthy,3,1,train,,
/kaggle/input/datasets/dhamur/cotton-plant-disease/Cotton leaves/40 Images/Bacterial blight/pil_color_30.jpg,cotton,cotton::Bacterial blight,Bacterial blight,2,1,train,,
/kaggle/input/datasets/dhamur/cotton-plant-disease/Cotton leaves/40 Images/Healthy/rotate_zoompil_constract_32.jpg,cotton,cotton::Healthy,Healthy,3,1,train,,
/kaggle/input/datasets/dhamur/cotton-plant-disease/Cotton leaves/40 Images/Target spot/random_crop_pil_sharpness_28.jpg,cotton,cotton::Target spot,Target spot,5,1,train,,
/kaggle/input/datasets/dhamur/cotton-plant-disease/Cotton leaves/40 Images/Aphids/14.jpg,cotton,cotton::Aphids,Aphids,0,1,train,,
/kaggle/input/datasets/dhamur/cotton-plant-disease/Cotton leaves/40 Images/Bacterial blight/pil_constract_3.jpg,cotton,cotton::Bacterial blight,Bacterial blight,2,1,train,,
/kaggle/input/datasets/dhamur/cotton-plant-disease/Cotton leaves/40 Images/Army worm/pil_brightness_26.jpg,cotton,cotton::Army worm,Army worm,1,1,train,,
/kaggle/input/datasets/dhamur/cotton-plant-disease/Cotton leaves/40 Images/Aphids/vertical_flippil_constract_3.jpg,cotton,cotton::Aphids,Aphids,0,1,train,,
/kaggle/input/datasets/dhamur/cotton-plant-disease/Cotton leaves/40 Images/Target spot/rotate_zoompil_sharpness_10.jpg,cotton,cotton::Target spot,Target spot,5,1,train,,
/kaggle/input/datasets/dhamur/cotton-plant-disease/Cotton leaves/40 Images/Target spot/vertical_flip34.jpg,cotton,cotton::Target spot,Target spot,5,1,train,,
/kaggle/input/datasets/dhamur/cotton-plant-disease/Cotton leaves/40 Images/Aphids/vertical_flippil_sharpness_5.jpg,cotton,cotton::Aphids,Aphids,0,1,train,,
/kaggle/working/exp02_robust_open_set/unknown_sources/cifar10/train/00734_0fc519a1943f.png,cifar10,cifar10::0fc519a1943f7371,Unclassified,6,0,train,animal,dog
/kaggle/working/exp02_robust_open_set/unknown_sources/cifar10/train/00485_b63cfa645a69.png,cifar10,cifar10::b63cfa645a699179,Unclassified,6,0,train,animal,horse
/kaggle/input/datasets/dhamur/cotton-plant-disease/Cotton leaves/40 Images/Healthy/rotate_zoompil_constract_33.jpg,cotton,cotton::Healthy,Healthy,3,1,train,,
/kaggle/input/datasets/dhamur/cotton-plant-disease/Cotton leaves/40 Images/Powdery mildew/pil_constract_40.jpg,cotton,cotton::Powdery mildew,Powdery mildew,4,1,train,,
/kaggle/input/datasets/dhamur/cotton-plant-disease/Cotton leaves/40 Images/Target spot/vertical_flippil_color_33.jpg,cotton,cotton::Target spot,Target spot,5,1,train,,
/kaggle/input/datasets/dhamur/cotton-plant-disease/Cotton leaves/40 Images/Army worm/rotate_zoompil_color_13.jpg,cotton,cotton::Army worm,Army worm,1,1,train,,
/kaggle/working/exp02_robust_open_set/unknown_sources/cifar10/train/00160_c9c9aada9dc7.png,cifar10,cifar10::c9c9aada9dc7dcc8,Unclassified,6,0,train,object_vehicle,ship
/kaggle/input/datasets/dhamur/cotton-plant-disease/Cotton leaves/40 Images/Army worm/random_translation_pil_constract_34.jpg,cotton,cotton::Army worm,Army worm,1,1,train,,
/kaggle/working/exp02_robust_open_set/unknown_sources/cifar10/train/00245_52a055f4336a.png,cifar10,cifar10::52a055f4336a631e,Unclassified,6,0,train,animal,frog
/kaggle/input/datasets/dhamur/cotton-plant-disease/Cotton leaves/40 Images/Powdery mildew/rotate_zoompil_sharpness_23.jpg,cotton,cotton::Powdery mildew,Powdery mildew,4,1,train,,
/kaggle/working/exp02_robust_open_set/unknown_sources/cifar10/train/00332_2c1edc3ad79c.png,cifar10,cifar10::2c1edc3ad79c0c07,Unclassified,6,0,train,animal,dog
/kaggle/input/datasets/dhamur/cotton-plant-disease/Cotton leaves/40 Images/Bacterial blight/8.jpg,cotton,cotton::Bacterial blight,Bacterial blight,2,1,train,,
/kaggle/input/datasets/dhamur/cotton-plant-disease/Cotton leaves/40 Images/Target spot/vertical_flippil_constract_1.jpg,cotton,cotton::Target spot,Target spot,5,1,train,,
/kaggle/input/datasets/dhamur/cotton-plant-disease/Cotton leaves/40 Images/Aphids/vertical_flippil_constract_35.jpg,cotton,cotton::Aphids,Aphids,0,1,train,,
/kaggle/working/exp02_robust_open_set/unknown_sources/cifar10/train/00796_696f698082b6.png,cifar10,cifar10::696f698082b63b62,Unclassified,6,0,train,object_vehicle,truck
/kaggle/input/datasets/dhamur/cotton-plant-disease/Cotton leaves/40 Images/Healthy/pil_sharpness_31.jpg,cotton,cotton::Healthy,Healthy,3,1,train,,
/kaggle/input/datasets/dhamur/cotton-plant-disease/Cotton leaves/40 Images/Target spot/pil_sharpness_35.jpg,cotton,cotton::Target spot,Target spot,5,1,train,,
/kaggle/input/datasets/dhamur/cotton-plant-disease/Cotton leaves/40 Images/Healthy/rotate_zoompil_constract_37.jpg,cotton,cotton::Healthy,Healthy,3,1,train,,
/kaggle/input/datasets/dhamur/cotton-plant-disease/Cotton leaves/40 Images/Powdery mildew/pil_sharpness_32.jpg,cotton,cotton::Powdery mildew,Powdery mildew,4,1,train,,
/kaggle/input/datasets/dhamur/cotton-plant-disease/Cotton leaves/40 Images/Bacterial blight/pil_sharpness_5.jpg,cotton,cotton::Bacterial blight,Bacterial blight,2,1,train,,
/kaggle/input/datasets/dhamur/cotton-plant-disease/Cotton leaves/40 Images/Aphids/rotate_zoompil_constract_21.jpg,cotton,cotton::Aphids,Aphids,0,1,train,,
/kaggle/input/datasets/dhamur/cotton-plant-disease/Cotton leaves/40 Images/Powdery mildew/rotate_zoompil_color_4.jpg,cotton,cotton::Powdery mildew,Powdery mildew,4,1,train,,
/kaggle/input/datasets/dhamur/cotton-plant-disease/Cotton leaves/40 Images/Bacterial blight/rotate_zoom7.jpg,cotton,cotton::Bacterial blight,Bacterial blight,2,1,train,,
/kaggle/input/datasets/dhamur/cotton-plant-disease/Cotton leaves/40 Images/Aphids/vertical_flippil_color_27.jpg,cotton,cotton::Aphids,Aphids,0,1,train,,
/kaggle/input/datasets/dhamur/cotton-plant-disease/Cotton leaves/40 Images/Bacterial blight/rotate_zoompil_brightness_29.jpg,cotton,cotton::Bacterial blight,Bacterial blight,2,1,train,,
/kaggle/input/datasets/dhamur/cotton-plant-disease/Cotton leaves/40 Images/Target spot/rotate_zoom13.jpg,cotton,cotton::Target spot,Target spot,5,1,train,,
/kaggle/input/datasets/dhamur/cotton-plant-disease/Cotton leaves/40 Images/Healthy/random_crop_pil_sharpness_37.jpg,cotton,cotton::Healthy,Healthy,3,1,train,,
/kaggle/input/datasets/dhamur/cotton-plant-disease/Cotton leaves/40 Images/Healthy/vertical_flippil_color_16.jpg,cotton,cotton::Healthy,Healthy,3,1,train,,
/kaggle/input/datasets/dhamur/cotton-plant-disease/Cotton leaves/40 Images/Army worm/vertical_flippil_color_22.jpg,cotton,cotton::Army worm,Army worm,1,1,train,,
/kaggle/input/datasets/dhamur/cotton-plant-disease/Cotton leaves/40 Images/Army worm/vertical_flippil_brightness_38.jpg,cotton,cotton::Army worm,Army worm,1,1,train,,
/kaggle/working/exp02_robust_open_set/unknown_sources/cifar10/train/00626_4e12d901eddb.png,cifar10,cifar10::4e12d901eddb72a0,Unclassified,6,0,train,object_vehicle,airplane
/kaggle/input/datasets/dhamur/cotton-plant-disease/Cotton leaves/40 Images/Powdery mildew/rotate_zoompil_brightness_34.jpg,cotton,cotton::Powdery mildew,Powdery mildew,4,1,train,,
/kaggle/input/datasets/dhamur/cotton-plant-disease/Cotton leaves/40 Images/Bacterial blight/pil_sharpness_25.jpg,cotton,cotton::Bacterial blight,Bacterial blight,2,1,train,,
/kaggle/working/exp02_robust_open_set/unknown_sources/cifar10/train/00604_be3a95a25dea.png,cifar10,cifar10::be3a95a25deab3ff,Unclassified,6,0,train,animal,frog
/kaggle/input/datasets/dhamur/cotton-plant-disease/Cotton leaves/40 Images/Army worm/random_translation_pil_sharpness_24.jpg,cotton,cotton::Army worm,Army worm,1,1,train,,
/kaggle/input/datasets/dhamur/cotton-plant-disease/Cotton leaves/40 Images/Army worm/random_translation_pil_sharpness_28.jpg,cotton,cotton::Army worm,Army worm,1,1,train,,
/kaggle/input/datasets/dhamur/cotton-plant-disease/Cotton leaves/40 Images/Target spot/random_crop_pil_sharpness_40.jpg,cotton,cotton::Target spot,Target spot,5,1,train,,
/kaggle/input/datasets/dhamur/cotton-plant-disease/Cotton leaves/40 Images/Healthy/rotate_zoompil_brightness_31.jpg,cotton,cotton::Healthy,Healthy,3,1,train,,
/kaggle/input/datasets/dhamur/cotton-plant-disease/Cotton leaves/40 Images/Powdery mildew/pil_constract_30.jpg,cotton,cotton::Powdery mildew,Powdery mildew,4,1,train,,
/kaggle/input/datasets/dhamur/cotton-plant-disease/Cotton leaves/40 Images/Army worm/pil_constract_18.jpg,cotton,cotton::Army worm,Army worm,1,1,train,,
/kaggle/input/datasets/dhamur/cotton-plant-disease/Cotton leaves/40 Images/Target spot/vertical_flippil_color_6.jpg,cotton,cotton::Target spot,Target spot,5,1,train,,
/kaggle/input/datasets/dhamur/cotton-plant-disease/Cotton leaves/40 Images/Army worm/rotate_zoompil_color_38.jpg,cotton,cotton::Army worm,Army worm,1,1,train,,
/kaggle/input/datasets/dhamur/cotton-plant-disease/Cotton leaves/40 Images/Target spot/pil_sharpness_7.jpg,cotton,cotton::Target spot,Target spot,5,1,train,,
/kaggle/input/datasets/dhamur/cotton-plant-disease/Cotton leaves/40 Images/Aphids/vertical_flippil_color_31.jpg,cotton,cotton::Aphids,Aphids,0,1,train,,
/kaggle/input/datasets/dhamur/cotton-plant-disease/Cotton leaves/40 Images/Bacterial blight/rotate_zoompil_color_17.jpg,cotton,cotton::Bacterial blight,Bacterial blight,2,1,train,,
/kaggle/input/datasets/dhamur/cotton-plant-disease/Cotton leaves/40 Images/Aphids/vertical_flippil_color_33.jpg,cotton,cotton::Aphids,Aphids,0,1,train,,
/kaggle/input/datasets/dhamur/cotton-plant-disease/Cotton leaves/40 Images/Aphids/vertical_flippil_brightness_4.jpg,cotton,cotton::Aphids,Aphids,0,1,train,,
/kaggle/working/exp02_robust_open_set/unknown_sources/cifar10/train/00556_2d010c4d1176.png,cifar10,cifar10::2d010c4d1176f605,Unclassified,6,0,train,animal,frog
/kaggle/input/datasets/dhamur/cotton-plant-disease/Cotton leaves/40 Images/Army worm/random_translation_pil_brightness_15.jpg,cotton,cotton::Army worm,Army worm,1,1,train,,
/kaggle/input/datasets/dhamur/cotton-plant-disease/Cotton leaves/40 Images/Aphids/22_.jpg,cotton,cotton::Aphids,Aphids,0,1,train,,
/kaggle/input/datasets/dhamur/cotton-plant-disease/Cotton leaves/40 Images/Target spot/pil_color_16.jpg,cotton,cotton::Target spot,Target spot,5,1,train,,
/kaggle/input/datasets/dhamur/cotton-plant-disease/Cotton leaves/40 Images/Target spot/rotate_zoompil_constract_37.jpg,cotton,cotton::Target spot,Target spot,5,1,train,,
/kaggle/input/datasets/dhamur/cotton-plant-disease/Cotton leaves/40 Images/Powdery mildew/vertical_flippil_sharpness_30.jpg,cotton,cotton::Powdery mildew,Powdery mildew,4,1,train,,
/kaggle/input/datasets/dhamur/cotton-plant-disease/Cotton leaves/40 Images/Bacterial blight/random_crop_pil_constract_4.jpg,cotton,cotton::Bacterial blight,Bacterial blight,2,1,train,,
/kaggle/input/datasets/dhamur/cotton-plant-disease/Cotton leaves/40 Images/Target spot/pil_brightness_9.jpg,cotton,cotton::Target spot,Target spot,5,1,train,,
/kaggle/input/datasets/dhamur/cotton-plant-disease/Cotton leaves/40 Images/Army worm/rotate_zoompil_constract_5.jpg,cotton,cotton::Army worm,Army worm,1,1,train,,
/kaggle/input/datasets/dhamur/cotton-plant-disease/Cotton leaves/40 Images/Powdery mildew/rotate_zoompil_brightness_12.jpg,cotton,cotton::Powdery mildew,Powdery mildew,4,1,train,,
/kaggle/input/datasets/dhamur/cotton-plant-disease/Cotton leaves/40 Images/Aphids/rotate_zoompil_color_30.jpg,cotton,cotton::Aphids,Aphids,0,1,train,,
/kaggle/input/datasets/dhamur/cotton-plant-disease/Cotton leaves/40 Images/Army worm/rotate_zoompil_constract_18.jpg,cotton,cotton::Army worm,Army worm,1,1,train,,
/kaggle/input/datasets/dhamur/cotton-plant-disease/Cotton leaves/40 Images/Powdery mildew/rotate_zoompil_brightness_16.jpg,cotton,cotton::Powdery mildew,Powdery mildew,4,1,train,,
/kaggle/input/datasets/dhamur/cotton-plant-disease/Cotton leaves/40 Images/Bacterial blight/random_crop_15.jpg,cotton,cotton::Bacterial blight,Bacterial blight,2,1,train,,
/kaggle/working/exp02_robust_open_set/unknown_sources/cifar10/train/00506_cdc7c2540a5b.png,cifar10,cifar10::cdc7c2540a5be494,Unclassified,6,0,train,animal,deer
/kaggle/input/datasets/dhamur/cotton-plant-disease/Cotton leaves/40 Images/Army worm/rotate_zoom6.jpg,cotton,cotton::Army worm,Army worm,1,1,train,,
/kaggle/input/datasets/dhamur/cotton-plant-disease/Cotton leaves/40 Images/Aphids/random_crop_pil_brightness_39.jpg,cotton,cotton::Aphids,Aphids,0,1,train,,
/kaggle/input/datasets/dhamur/cotton-plant-disease/Cotton leaves/40 Images/Powdery mildew/39.jpg,cotton,cotton::Powdery mildew,Powdery mildew,4,1,train,,
/kaggle/input/datasets/dhamur/cotton-plant-disease/Cotton leaves/40 Images/Healthy/random_crop_15.jpg,cotton,cotton::Healthy,Healthy,3,1,train,,
/kaggle/working/exp02_robust_open_set/unknown_sources/cifar10/train/00708_8b2b8f8fec8d.png,cifar10,cifar10::8b2b8f8fec8dab55,Unclassified,6,0,train,animal,frog
/kaggle/input/datasets/dhamur/cotton-plant-disease/Cotton leaves/40 Images/Army worm/27.jpg,cotton,cotton::Army worm,Army worm,1,1,train,,
/kaggle/input/datasets/dhamur/cotton-plant-disease/Cotton leaves/40 Images/Bacterial blight/rotate_zoom33.jpg,cotton,cotton::Bacterial blight,Bacterial blight,2,1,train,,
/kaggle/input/datasets/dhamur/cotton-plant-disease/Cotton leaves/40 Images/Army worm/random_translation_pil_constract_1.jpg,cotton,cotton::Army worm,Army worm,1,1,train,,
/kaggle/input/datasets/dhamur/cotton-plant-disease/Cotton leaves/40 Images/Bacterial blight/9.jpg,cotton,cotton::Bacterial blight,Bacterial blight,2,1,train,,
/kaggle/input/datasets/dhamur/cotton-plant-disease/Cotton leaves/40 Images/Aphids/vertical_flippil_color_21.jpg,cotton,cotton::Aphids,Aphids,0,1,train,,
/kaggle/input/datasets/dhamur/cotton-plant-disease/Cotton leaves/40 Images/Aphids/vertical_flippil_brightness_35.jpg,cotton,cotton::Aphids,Aphids,0,1,train,,
/kaggle/input/datasets/dhamur/cotton-plant-disease/Cotton leaves/40 Images/Bacterial blight/rotate_zoompil_color_20.jpg,cotton,cotton::Bacterial blight,Bacterial blight,2,1,train,,
/kaggle/input/datasets/dhamur/cotton-plant-disease/Cotton leaves/40 Images/Bacterial blight/random_crop_pil_sharpness_28.jpg,cotton,cotton::Bacterial blight,Bacterial blight,2,1,train,,
/kaggle/working/exp02_robust_open_set/unknown_sources/cifar10/train/00790_730048f9d34d.png,cifar10,cifar10::730048f9d34db72b,Unclassified,6,0,train,object_vehicle,ship
/kaggle/working/exp02_robust_open_set/unknown_sources/cifar10/train/00170_ccb86f44009c.png,cifar10,cifar10::ccb86f44009c0ff0,Unclassified,6,0,train,animal,frog
/kaggle/input/datasets/dhamur/cotton-plant-disease/Cotton leaves/40 Images/Army worm/14.jpg,cotton,cotton::Army worm,Army worm,1,1,train,,
/kaggle/input/datasets/dhamur/cotton-plant-disease/Cotton leaves/40 Images/Army worm/pil_brightness_7.jpg,cotton,cotton::Army worm,Army worm,1,1,train,,
/kaggle/input/datasets/dhamur/cotton-plant-disease/Cotton leaves/40 Images/Target spot/rotate_zoom10.jpg,cotton,cotton::Target spot,Target spot,5,1,train,,
/kaggle/input/datasets/dhamur/cotton-plant-disease/Cotton leaves/40 Images/Bacterial blight/random_crop_pil_brightness_27.jpg,cotton,cotton::Bacterial blight,Bacterial blight,2,1,train,,
/kaggle/input/datasets/dhamur/cotton-plant-disease/Cotton leaves/40 Images/Army worm/pil_sharpness_11.jpg,cotton,cotton::Army worm,Army worm,1,1,train,,
/kaggle/input/datasets/dhamur/cotton-plant-disease/Cotton leaves/40 Images/Healthy/pil_sharpness_21.jpg,cotton,cotton::Healthy,Healthy,3,1,train,,
/kaggle/working/exp02_robust_open_set/unknown_sources/cifar10/train/00151_44982567fee1.png,cifar10,cifar10::44982567fee1453e,Unclassified,6,0,train,object_vehicle,airplane
/kaggle/input/datasets/dhamur/cotton-plant-disease/Cotton leaves/40 Images/Powdery mildew/rotate_zoompil_constract_26.jpg,cotton,cotton::Powdery mildew,Powdery mildew,4,1,train,,
/kaggle/input/datasets/dhamur/cotton-plant-disease/Cotton leaves/40 Images/Aphids/vertical_flippil_sharpness_11.jpg,cotton,cotton::Aphids,Aphids,0,1,train,,
/kaggle/input/datasets/dhamur/cotton-plant-disease/Cotton leaves/40 Images/Healthy/rotate_zoom37.jpg,cotton,cotton::Healthy,Healthy,3,1,train,,
/kaggle/input/datasets/dhamur/cotton-plant-disease/Cotton leaves/40 Images/Powdery mildew/vertical_flippil_constract_1.jpg,cotton,cotton::Powdery mildew,Powdery mildew,4,1,train,,
/kaggle/working/exp02_robust_open_set/unknown_sources/cifar10/train/00629_cb6c04dbae4b.png,cifar10,cifar10::cb6c04dbae4b28f4,Unclassified,6,0,train,object_vehicle,automobile
/kaggle/input/datasets/dhamur/cotton-plant-disease/Cotton leaves/40 Images/Army worm/rotate_zoompil_brightness_13.jpg,cotton,cotton::Army worm,Army worm,1,1,train,,
/kaggle/working/exp02_robust_open_set/unknown_sources/cifar10/train/00174_7485be2ef6da.png,cifar10,cifar10::7485be2ef6da02f7,Unclassified,6,0,train,object_vehicle,truck
/kaggle/input/datasets/dhamur/cotton-plant-disease/Cotton leaves/40 Images/Healthy/vertical_flippil_sharpness_3.jpg,cotton,cotton::Healthy,Healthy,3,1,train,,
/kaggle/input/datasets/dhamur/cotton-plant-disease/Cotton leaves/40 Images/Army worm/22.jpg,cotton,cotton::Army worm,Army worm,1,1,train,,
/kaggle/input/datasets/dhamur/cotton-plant-disease/Cotton leaves/40 Images/Army worm/random_translation_pil_color_34.jpg,cotton,cotton::Army worm,Army worm,1,1,train,,
/kaggle/input/datasets/dhamur/cotton-plant-disease/Cotton leaves/40 Images/Target spot/rotate_zoom1.jpg,cotton,cotton::Target spot,Target spot,5,1,train,,
/kaggle/input/datasets/dhamur/cotton-plant-disease/Cotton leaves/40 Images/Bacterial blight/rotate_zoompil_brightness_15.jpg,cotton,cotton::Bacterial blight,Bacterial blight,2,1,train,,
/kaggle/input/datasets/dhamur/cotton-plant-disease/Cotton leaves/40 Images/Healthy/random_crop_16.jpg,cotton,cotton::Healthy,Healthy,3,1,train,,
/kaggle/input/datasets/dhamur/cotton-plant-disease/Cotton leaves/40 Images/Bacterial blight/32.jpg,cotton,cotton::Bacterial blight,Bacterial blight,2,1,train,,
/kaggle/input/datasets/dhamur/cotton-plant-disease/Cotton leaves/40 Images/Army worm/pil_color_5.jpg,cotton,cotton::Army worm,Army worm,1,1,train,,
/kaggle/input/datasets/dhamur/cotton-plant-disease/Cotton leaves/40 Images/Healthy/34.jpg,cotton,cotton::Healthy,Healthy,3,1,train,,
/kaggle/input/datasets/dhamur/cotton-plant-disease/Cotton leaves/40 Images/Aphids/pil_color_15.jpg,cotton,cotton::Aphids,Aphids,0,1,train,,
/kaggle/input/datasets/dhamur/cotton-plant-disease/Cotton leaves/40 Images/Healthy/rotate_zoompil_constract_2.jpg,cotton,cotton::Healthy,Healthy,3,1,train,,
/kaggle/working/exp02_robust_open_set/unknown_sources/cifar10/train/00419_917b139b6142.png,cifar10,cifar10::917b139b61425920,Unclassified,6,0,train,object_vehicle,automobile
/kaggle/input/datasets/dhamur/cotton-plant-disease/Cotton leaves/40 Images/Target spot/random_crop_pil_constract_19.jpg,cotton,cotton::Target spot,Target spot,5,1,train,,
/kaggle/input/datasets/dhamur/cotton-plant-disease/Cotton leaves/40 Images/Powdery mildew/pil_brightness_11.jpg,cotton,cotton::Powdery mildew,Powdery mildew,4,1,train,,
/kaggle/working/exp02_robust_open_set/unknown_sources/cifar10/train/00128_244bbbb1f63d.png,cifar10,cifar10::244bbbb1f63d5f7e,Unclassified,6,0,train,object_vehicle,automobile
/kaggle/input/datasets/dhamur/cotton-plant-disease/Cotton leaves/40 Images/Healthy/random_crop_pil_constract_25.jpg,cotton,cotton::Healthy,Healthy,3,1,train,,
/kaggle/input/datasets/dhamur/cotton-plant-disease/Cotton leaves/40 Images/Aphids/vertical_flippil_constract_28.jpg,cotton,cotton::Aphids,Aphids,0,1,train,,
/kaggle/input/datasets/dhamur/cotton-plant-disease/Cotton leaves/40 Images/Aphids/rotate_zoom37.jpg,cotton,cotton::Aphids,Aphids,0,1,train,,
/kaggle/input/datasets/dhamur/cotton-plant-disease/Cotton leaves/40 Images/Healthy/random_crop_pil_color_25.jpg,cotton,cotton::Healthy,Healthy,3,1,train,,
/kaggle/input/datasets/dhamur/cotton-plant-disease/Cotton leaves/40 Images/Powdery mildew/vertical_flippil_brightness_18.jpg,cotton,cotton::Powdery mildew,Powdery mildew,4,1,train,,
/kaggle/input/datasets/dhamur/cotton-plant-disease/Cotton leaves/40 Images/Target spot/pil_color_33.jpg,cotton,cotton::Target spot,Target spot,5,1,train,,
/kaggle/input/datasets/dhamur/cotton-plant-disease/Cotton leaves/40 Images/Healthy/vertical_flippil_color_38.jpg,cotton,cotton::Healthy,Healthy,3,1,train,,
/kaggle/working/exp02_robust_open_set/unknown_sources/cifar10/train/00306_dbb8306a8dd4.png,cifar10,cifar10::dbb8306a8dd4599c,Unclassified,6,0,train,object_vehicle,ship
/kaggle/input/datasets/dhamur/cotton-plant-disease/Cotton leaves/40 Images/Target spot/rotate_zoompil_brightness_9.jpg,cotton,cotton::Target spot,Target spot,5,1,train,,
/kaggle/input/datasets/dhamur/cotton-plant-disease/Cotton leaves/40 Images/Bacterial blight/pil_color_9.jpg,cotton,cotton::Bacterial blight,Bacterial blight,2,1,train,,
/kaggle/input/datasets/dhamur/cotton-plant-disease/Cotton leaves/40 Images/Bacterial blight/vertical_flippil_brightness_31.jpg,cotton,cotton::Bacterial blight,Bacterial blight,2,1,train,,
/kaggle/input/datasets/dhamur/cotton-plant-disease/Cotton leaves/40 Images/Target spot/random_crop_35.jpg,cotton,cotton::Target spot,Target spot,5,1,train,,
/kaggle/working/exp02_robust_open_set/unknown_sources/cifar10/train/00732_4c9db26df20d.png,cifar10,cifar10::4c9db26df20d3d43,Unclassified,6,0,train,animal,cat
/kaggle/input/datasets/dhamur/cotton-plant-disease/Cotton leaves/40 Images/Aphids/rotate_zoompil_color_21.jpg,cotton,cotton::Aphids,Aphids,0,1,train,,
/kaggle/input/datasets/dhamur/cotton-plant-disease/Cotton leaves/40 Images/Powdery mildew/rotate_zoompil_color_13.jpg,cotton,cotton::Powdery mildew,Powdery mildew,4,1,train,,
/kaggle/input/datasets/dhamur/cotton-plant-disease/Cotton leaves/40 Images/Army worm/rotate_zoompil_constract_12.jpg,cotton,cotton::Army worm,Army worm,1,1,train,,
/kaggle/input/datasets/dhamur/cotton-plant-disease/Cotton leaves/40 Images/Healthy/vertical_flippil_brightness_18.jpg,cotton,cotton::Healthy,Healthy,3,1,train,,
/kaggle/input/datasets/dhamur/cotton-plant-disease/Cotton leaves/40 Images/Healthy/pil_constract_32.jpg,cotton,cotton::Healthy,Healthy,3,1,train,,
/kaggle/input/datasets/dhamur/cotton-plant-disease/Cotton leaves/40 Images/Bacterial blight/random_crop_pil_constract_6.jpg,cotton,cotton::Bacterial blight,Bacterial blight,2,1,train,,
/kaggle/input/datasets/dhamur/cotton-plant-disease/Cotton leaves/40 Images/Powdery mildew/rotate_zoompil_sharpness_12.jpg,cotton,cotton::Powdery mildew,Powdery mildew,4,1,train,,
/kaggle/input/datasets/dhamur/cotton-plant-disease/Cotton leaves/40 Images/Army worm/vertical_flippil_constract_37.jpg,cotton,cotton::Army worm,Army worm,1,1,train,,
/kaggle/input/datasets/dhamur/cotton-plant-disease/Cotton leaves/40 Images/Bacterial blight/vertical_flip1.jpg,cotton,cotton::Bacterial blight,Bacterial blight,2,1,train,,
/kaggle/working/exp02_robust_open_set/unknown_sources/cifar10/train/00726_24fdccd43026.png,cifar10,cifar10::24fdccd4302601ac,Unclassified,6,0,train,object_vehicle,ship
/kaggle/working/exp02_robust_open_set/unknown_sources/cifar10/train/00366_5a7e06e33e58.png,cifar10,cifar10::5a7e06e33e584a72,Unclassified,6,0,train,object_vehicle,ship
/kaggle/input/datasets/dhamur/cotton-plant-disease/Cotton leaves/40 Images/Aphids/rotate_zoompil_brightness_36.jpg,cotton,cotton::Aphids,Aphids,0,1,train,,
/kaggle/working/exp02_robust_open_set/unknown_sources/cifar10/train/00570_2d8c67d6f293.png,cifar10,cifar10::2d8c67d6f2935ec0,Unclassified,6,0,train,animal,bird
/kaggle/input/datasets/dhamur/cotton-plant-disease/Cotton leaves/40 Images/Target spot/8.jpg,cotton,cotton::Target spot,Target spot,5,1,train,,
/kaggle/input/datasets/dhamur/cotton-plant-disease/Cotton leaves/40 Images/Army worm/rotate_zoom7.jpg,cotton,cotton::Army worm,Army worm,1,1,train,,
/kaggle/input/datasets/dhamur/cotton-plant-disease/Cotton leaves/40 Images/Healthy/7.jpg,cotton,cotton::Healthy,Healthy,3,1,train,,
/kaggle/input/datasets/dhamur/cotton-plant-disease/Cotton leaves/40 Images/Target spot/random_crop_pil_color_30.jpg,cotton,cotton::Target spot,Target spot,5,1,train,,
/kaggle/input/datasets/dhamur/cotton-plant-disease/Cotton leaves/40 Images/Target spot/random_crop_pil_color_21.jpg,cotton,cotton::Target spot,Target spot,5,1,train,,
/kaggle/working/exp02_robust_open_set/unknown_sources/cifar10/train/00256_95c055c4c2ec.png,cifar10,cifar10::95c055c4c2ecc979,Unclassified,6,0,train,animal,cat
/kaggle/input/datasets/dhamur/cotton-plant-disease/Cotton leaves/40 Images/Bacterial blight/random_crop_pil_brightness_4.jpg,cotton,cotton::Bacterial blight,Bacterial blight,2,1,train,,
/kaggle/input/datasets/dhamur/cotton-plant-disease/Cotton leaves/40 Images/Target spot/rotate_zoom38.jpg,cotton,cotton::Target spot,Target spot,5,1,train,,
/kaggle/input/datasets/dhamur/cotton-plant-disease/Cotton leaves/40 Images/Aphids/vertical_flippil_brightness_30.jpg,cotton,cotton::Aphids,Aphids,0,1,train,,
/kaggle/input/datasets/dhamur/cotton-plant-disease/Cotton leaves/40 Images/Bacterial blight/random_crop_pil_brightness_1.jpg,cotton,cotton::Bacterial blight,Bacterial blight,2,1,train,,
/kaggle/input/datasets/dhamur/cotton-plant-disease/Cotton leaves/40 Images/Aphids/random_crop_pil_color_36.jpg,cotton,cotton::Aphids,Aphids,0,1,train,,
/kaggle/input/datasets/dhamur/cotton-plant-disease/Cotton leaves/40 Images/Aphids/vertical_flippil_color_22_.jpg,cotton,cotton::Aphids,Aphids,0,1,train,,
/kaggle/input/datasets/dhamur/cotton-plant-disease/Cotton leaves/40 Images/Army worm/rotate_zoompil_color_34.jpg,cotton,cotton::Army worm,Army worm,1,1,train,,
/kaggle/input/datasets/dhamur/cotton-plant-disease/Cotton leaves/40 Images/Army worm/vertical_flippil_sharpness_27.jpg,cotton,cotton::Army worm,Army worm,1,1,train,,
/kaggle/input/datasets/dhamur/cotton-plant-disease/Cotton leaves/40 Images/Bacterial blight/pil_sharpness_3.jpg,cotton,cotton::Bacterial blight,Bacterial blight,2,1,train,,
/kaggle/input/datasets/dhamur/cotton-plant-disease/Cotton leaves/40 Images/Healthy/rotate_zoompil_sharpness_16.jpg,cotton,cotton::Healthy,Healthy,3,1,train,,
/kaggle/input/datasets/dhamur/cotton-plant-disease/Cotton leaves/40 Images/Army worm/23.jpg,cotton,cotton::Army worm,Army worm,1,1,train,,
/kaggle/input/datasets/dhamur/cotton-plant-disease/Cotton leaves/40 Images/Army worm/random_translation_pil_brightness_28.jpg,cotton,cotton::Army worm,Army worm,1,1,train,,
/kaggle/input/datasets/dhamur/cotton-plant-disease/Cotton leaves/40 Images/Bacterial blight/random_crop_pil_sharpness_10.jpg,cotton,cotton::Bacterial blight,Bacterial blight,2,1,train,,
/kaggle/working/exp02_robust_open_set/unknown_sources/cifar10/train/00512_4eb0640fee18.png,cifar10,cifar10::4eb0640fee18a13c,Unclassified,6,0,train,object_vehicle,automobile
/kaggle/input/datasets/dhamur/cotton-plant-disease/Cotton leaves/40 Images/Target spot/pil_sharpness_27.jpg,cotton,cotton::Target spot,Target spot,5,1,train,,
/kaggle/input/datasets/dhamur/cotton-plant-disease/Cotton leaves/40 Images/Bacterial blight/random_crop_pil_constract_17.jpg,cotton,cotton::Bacterial blight,Bacterial blight,2,1,train,,
/kaggle/working/exp02_robust_open_set/unknown_sources/cifar10/train/00634_a1233a66199b.png,cifar10,cifar10::a1233a66199b3e5b,Unclassified,6,0,train,animal,frog
/kaggle/working/exp02_robust_open_set/unknown_sources/cifar10/train/00624_ef9275fa0fbd.png,cifar10,cifar10::ef9275fa0fbda768,Unclassified,6,0,train,animal,horse
/kaggle/input/datasets/dhamur/cotton-plant-disease/Cotton leaves/40 Images/Bacterial blight/rotate_zoompil_sharpness_18.jpg,cotton,cotton::Bacterial blight,Bacterial blight,2,1,train,,
/kaggle/working/exp02_robust_open_set/unknown_sources/cifar10/train/00063_9ab6fa139ea0.png,cifar10,cifar10::9ab6fa139ea01f84,Unclassified,6,0,train,object_vehicle,ship
/kaggle/input/datasets/dhamur/cotton-plant-disease/Cotton leaves/40 Images/Healthy/pil_sharpness_36.jpg,cotton,cotton::Healthy,Healthy,3,1,train,,
/kaggle/working/exp02_robust_open_set/unknown_sources/cifar10/train/00240_0c99e577bb7d.png,cifar10,cifar10::0c99e577bb7d44a2,Unclassified,6,0,train,animal,frog
/kaggle/input/datasets/dhamur/cotton-plant-disease/Cotton leaves/40 Images/Target spot/vertical_flippil_sharpness_13.jpg,cotton,cotton::Target spot,Target spot,5,1,train,,
/kaggle/input/datasets/dhamur/cotton-plant-disease/Cotton leaves/40 Images/Aphids/pil_color_40.jpg,cotton,cotton::Aphids,Aphids,0,1,train,,
/kaggle/input/datasets/dhamur/cotton-plant-disease/Cotton leaves/40 Images/Bacterial blight/rotate_zoompil_color_31.jpg,cotton,cotton::Bacterial blight,Bacterial blight,2,1,train,,
/kaggle/input/datasets/dhamur/cotton-plant-disease/Cotton leaves/40 Images/Powdery mildew/vertical_flippil_constract_13.jpg,cotton,cotton::Powdery mildew,Powdery mildew,4,1,train,,
/kaggle/input/datasets/dhamur/cotton-plant-disease/Cotton leaves/40 Images/Army worm/rotate_zoompil_brightness_26.jpg,cotton,cotton::Army worm,Army worm,1,1,train,,
/kaggle/input/datasets/dhamur/cotton-plant-disease/Cotton leaves/40 Images/Bacterial blight/24.jpg,cotton,cotton::Bacterial blight,Bacterial blight,2,1,train,,
/kaggle/working/exp02_robust_open_set/unknown_sources/cifar10/train/00068_8c7e235f5efb.png,cifar10,cifar10::8c7e235f5efbb311,Unclassified,6,0,train,object_vehicle,truck
/kaggle/input/datasets/dhamur/cotton-plant-disease/Cotton leaves/40 Images/Army worm/rotate_zoom26.jpg,cotton,cotton::Army worm,Army worm,1,1,train,,
/kaggle/input/datasets/dhamur/cotton-plant-disease/Cotton leaves/40 Images/Target spot/rotate_zoompil_constract_36.jpg,cotton,cotton::Target spot,Target spot,5,1,train,,
/kaggle/working/exp02_robust_open_set/unknown_sources/cifar10/train/00338_32863d2dc231.png,cifar10,cifar10::32863d2dc23160b8,Unclassified,6,0,train,object_vehicle,airplane
/kaggle/input/datasets/dhamur/cotton-plant-disease/Cotton leaves/40 Images/Healthy/pil_color_27.jpg,cotton,cotton::Healthy,Healthy,3,1,train,,
/kaggle/input/datasets/dhamur/cotton-plant-disease/Cotton leaves/40 Images/Powdery mildew/random_crop_15.jpg,cotton,cotton::Powdery mildew,Powdery mildew,4,1,train,,
/kaggle/input/datasets/dhamur/cotton-plant-disease/Cotton leaves/40 Images/Army worm/pil_constract_22.jpg,cotton,cotton::Army worm,Army worm,1,1,train,,
/kaggle/input/datasets/dhamur/cotton-plant-disease/Cotton leaves/40 Images/Target spot/pil_sharpness_33.jpg,cotton,cotton::Target spot,Target spot,5,1,train,,
/kaggle/input/datasets/dhamur/cotton-plant-disease/Cotton leaves/40 Images/Target spot/random_crop_pil_color_40.jpg,cotton,cotton::Target spot,Target spot,5,1,train,,
/kaggle/input/datasets/dhamur/cotton-plant-disease/Cotton leaves/40 Images/Healthy/rotate_zoompil_brightness_38.jpg,cotton,cotton::Healthy,Healthy,3,1,train,,
/kaggle/input/datasets/dhamur/cotton-plant-disease/Cotton leaves/40 Images/Aphids/rotate_zoompil_color_35.jpg,cotton,cotton::Aphids,Aphids,0,1,train,,
/kaggle/input/datasets/dhamur/cotton-plant-disease/Cotton leaves/40 Images/Powdery mildew/random_crop_16.jpg,cotton,cotton::Powdery mildew,Powdery mildew,4,1,train,,
/kaggle/input/datasets/dhamur/cotton-plant-disease/Cotton leaves/40 Images/Powdery mildew/pil_constract_17.jpg,cotton,cotton::Powdery mildew,Powdery mildew,4,1,train,,
/kaggle/input/datasets/dhamur/cotton-plant-disease/Cotton leaves/40 Images/Powdery mildew/vertical_flippil_sharpness_11.jpg,cotton,cotton::Powdery mildew,Powdery mildew,4,1,train,,
/kaggle/working/exp02_robust_open_set/unknown_sources/cifar10/train/00297_604e9e8c94e6.png,cifar10,cifar10::604e9e8c94e67d2d,Unclassified,6,0,train,animal,bird
/kaggle/working/exp02_robust_open_set/unknown_sources/cifar10/train/00060_6d4b944a1ad1.png,cifar10,cifar10::6d4b944a1ad11758,Unclassified,6,0,train,object_vehicle,truck
/kaggle/input/datasets/dhamur/cotton-plant-disease/Cotton leaves/40 Images/Powdery mildew/rotate_zoompil_constract_11.jpg,cotton,cotton::Powdery mildew,Powdery mildew,4,1,train,,
/kaggle/input/datasets/dhamur/cotton-plant-disease/Cotton leaves/40 Images/Bacterial blight/random_crop_pil_sharpness_3.jpg,cotton,cotton::Bacterial blight,Bacterial blight,2,1,train,,
/kaggle/input/datasets/dhamur/cotton-plant-disease/Cotton leaves/40 Images/Target spot/rotate_zoompil_sharpness_33.jpg,cotton,cotton::Target spot,Target spot,5,1,train,,
/kaggle/input/datasets/dhamur/cotton-plant-disease/Cotton leaves/40 Images/Powdery mildew/pil_sharpness_29.jpg,cotton,cotton::Powdery mildew,Powdery mildew,4,1,train,,
/kaggle/input/datasets/dhamur/cotton-plant-disease/Cotton leaves/40 Images/Aphids/pil_brightness_21.jpg,cotton,cotton::Aphids,Aphids,0,1,train,,
/kaggle/input/datasets/dhamur/cotton-plant-disease/Cotton leaves/40 Images/Bacterial blight/pil_constract_30.jpg,cotton,cotton::Bacterial blight,Bacterial blight,2,1,train,,
/kaggle/input/datasets/dhamur/cotton-plant-disease/Cotton leaves/40 Images/Powdery mildew/pil_sharpness_40.jpg,cotton,cotton::Powdery mildew,Powdery mildew,4,1,train,,
/kaggle/input/datasets/dhamur/cotton-plant-disease/Cotton leaves/40 Images/Army worm/random_translation_pil_constract_31.jpg,cotton,cotton::Army worm,Army worm,1,1,train,,
/kaggle/input/datasets/dhamur/cotton-plant-disease/Cotton leaves/40 Images/Target spot/vertical_flippil_sharpness_10.jpg,cotton,cotton::Target spot,Target spot,5,1,train,,
/kaggle/working/exp02_robust_open_set/unknown_sources/cifar10/train/00687_3819ca70da5d.png,cifar10,cifar10::3819ca70da5d725e,Unclassified,6,0,train,object_vehicle,truck
/kaggle/input/datasets/dhamur/cotton-plant-disease/Cotton leaves/40 Images/Powdery mildew/random_crop_pil_brightness_31.jpg,cotton,cotton::Powdery mildew,Powdery mildew,4,1,train,,
/kaggle/working/exp02_robust_open_set/unknown_sources/cifar10/train/00530_8c50ec5d7f36.png,cifar10,cifar10::8c50ec5d7f36eae2,Unclassified,6,0,train,animal,cat
/kaggle/input/datasets/dhamur/cotton-plant-disease/Cotton leaves/40 Images/Healthy/rotate_zoompil_sharpness_35.jpg,cotton,cotton::Healthy,Healthy,3,1,train,,
/kaggle/input/datasets/dhamur/cotton-plant-disease/Cotton leaves/40 Images/Bacterial blight/random_crop_pil_constract_8.jpg,cotton,cotton::Bacterial blight,Bacterial blight,2,1,train,,
/kaggle/working/exp02_robust_open_set/unknown_sources/cifar10/train/00765_2c17c658b7dc.png,cifar10,cifar10::2c17c658b7dc9cb3,Unclassified,6,0,train,object_vehicle,truck
/kaggle/input/datasets/dhamur/cotton-plant-disease/Cotton leaves/40 Images/Healthy/pil_constract_7.jpg,cotton,cotton::Healthy,Healthy,3,1,train,,
/kaggle/input/datasets/dhamur/cotton-plant-disease/Cotton leaves/40 Images/Army worm/pil_sharpness_18.jpg,cotton,cotton::Army worm,Army worm,1,1,train,,
/kaggle/input/datasets/dhamur/cotton-plant-disease/Cotton leaves/40 Images/Healthy/rotate_zoompil_color_30.jpg,cotton,cotton::Healthy,Healthy,3,1,train,,
/kaggle/input/datasets/dhamur/cotton-plant-disease/Cotton leaves/40 Images/Bacterial blight/rotate_zoompil_brightness_22.jpg,cotton,cotton::Bacterial blight,Bacterial blight,2,1,train,,
/kaggle/input/datasets/dhamur/cotton-plant-disease/Cotton leaves/40 Images/Powdery mildew/vertical_flippil_color_10.jpg,cotton,cotton::Powdery mildew,Powdery mildew,4,1,train,,
/kaggle/input/datasets/dhamur/cotton-plant-disease/Cotton leaves/40 Images/Healthy/rotate_zoom31.jpg,cotton,cotton::Healthy,Healthy,3,1,train,,
/kaggle/input/datasets/dhamur/cotton-plant-disease/Cotton leaves/40 Images/Army worm/vertical_flippil_brightness_34.jpg,cotton,cotton::Army worm,Army worm,1,1,train,,
/kaggle/input/datasets/dhamur/cotton-plant-disease/Cotton leaves/40 Images/Target spot/rotate_zoompil_constract_34.jpg,cotton,cotton::Target spot,Target spot,5,1,train,,
/kaggle/input/datasets/dhamur/cotton-plant-disease/Cotton leaves/40 Images/Target spot/vertical_flippil_constract_40.jpg,cotton,cotton::Target spot,Target spot,5,1,train,,
/kaggle/input/datasets/dhamur/cotton-plant-disease/Cotton leaves/40 Images/Bacterial blight/random_crop_pil_sharpness_32.jpg,cotton,cotton::Bacterial blight,Bacterial blight,2,1,train,,
/kaggle/input/datasets/dhamur/cotton-plant-disease/Cotton leaves/40 Images/Target spot/random_crop_23.jpg,cotton,cotton::Target spot,Target spot,5,1,train,,
/kaggle/input/datasets/dhamur/cotton-plant-disease/Cotton leaves/40 Images/Target spot/rotate_zoompil_sharpness_36.jpg,cotton,cotton::Target spot,Target spot,5,1,train,,
/kaggle/working/exp02_robust_open_set/unknown_sources/cifar10/train/00133_f1c7f88b5d7e.png,cifar10,cifar10::f1c7f88b5d7e7190,Unclassified,6,0,train,object_vehicle,truck
/kaggle/working/exp02_robust_open_set/unknown_sources/cifar10/train/00135_ac445cabbe10.png,cifar10,cifar10::ac445cabbe10aaf8,Unclassified,6,0,train,object_vehicle,automobile
/kaggle/input/datasets/dhamur/cotton-plant-disease/Cotton leaves/40 Images/Army worm/random_translation_pil_brightness_31.jpg,cotton,cotton::Army worm,Army worm,1,1,train,,
/kaggle/input/datasets/dhamur/cotton-plant-disease/Cotton leaves/40 Images/Healthy/12.jpg,cotton,cotton::Healthy,Healthy,3,1,train,,
/kaggle/working/exp02_robust_open_set/unknown_sources/cifar10/train/00407_ed11d186422e.png,cifar10,cifar10::ed11d186422e2a94,Unclassified,6,0,train,object_vehicle,truck
/kaggle/input/datasets/dhamur/cotton-plant-disease/Cotton leaves/40 Images/Army worm/rotate_zoompil_constract_15.jpg,cotton,cotton::Army worm,Army worm,1,1,train,,
/kaggle/input/datasets/dhamur/cotton-plant-disease/Cotton leaves/40 Images/Target spot/random_crop_pil_sharpness_35.jpg,cotton,cotton::Target spot,Target spot,5,1,train,,
/kaggle/working/exp02_robust_open_set/unknown_sources/cifar10/train/00538_be45791fb5a1.png,cifar10,cifar10::be45791fb5a10398,Unclassified,6,0,train,animal,dog
/kaggle/input/datasets/dhamur/cotton-plant-disease/Cotton leaves/40 Images/Army worm/random_translation_pil_brightness_29.jpg,cotton,cotton::Army worm,Army worm,1,1,train,,
/kaggle/input/datasets/dhamur/cotton-plant-disease/Cotton leaves/40 Images/Aphids/7.jpg,cotton,cotton::Aphids,Aphids,0,1,train,,
/kaggle/input/datasets/dhamur/cotton-plant-disease/Cotton leaves/40 Images/Healthy/pil_brightness_26.jpg,cotton,cotton::Healthy,Healthy,3,1,train,,
/kaggle/working/exp02_robust_open_set/unknown_sources/cifar10/train/00367_20d10146a79e.png,cifar10,cifar10::20d10146a79ead44,Unclassified,6,0,train,animal,deer
/kaggle/input/datasets/dhamur/cotton-plant-disease/Cotton leaves/40 Images/Army worm/rotate_zoompil_sharpness_34.jpg,cotton,cotton::Army worm,Army worm,1,1,train,,
/kaggle/input/datasets/dhamur/cotton-plant-disease/Cotton leaves/40 Images/Target spot/pil_color_4.jpg,cotton,cotton::Target spot,Target spot,5,1,train,,
/kaggle/input/datasets/dhamur/cotton-plant-disease/Cotton leaves/40 Images/Aphids/vertical_flippil_sharpness_28.jpg,cotton,cotton::Aphids,Aphids,0,1,train,,
/kaggle/working/exp02_robust_open_set/unknown_sources/cifar10/train/00764_7b60f9c8508d.png,cifar10,cifar10::7b60f9c8508d9061,Unclassified,6,0,train,animal,horse
/kaggle/input/datasets/dhamur/cotton-plant-disease/Cotton leaves/40 Images/Army worm/vertical_flippil_brightness_28.jpg,cotton,cotton::Army worm,Army worm,1,1,train,,
/kaggle/working/exp02_robust_open_set/unknown_sources/cifar10/train/00411_628e97edb19a.png,cifar10,cifar10::628e97edb19aefed,Unclassified,6,0,train,animal,bird
/kaggle/input/datasets/dhamur/cotton-plant-disease/Cotton leaves/40 Images/Army worm/rotate_zoompil_constract_10.jpg,cotton,cotton::Army worm,Army worm,1,1,train,,
/kaggle/input/datasets/dhamur/cotton-plant-disease/Cotton leaves/40 Images/Bacterial blight/random_crop_pil_sharpness_36.jpg,cotton,cotton::Bacterial blight,Bacterial blight,2,1,train,,
/kaggle/input/datasets/dhamur/cotton-plant-disease/Cotton leaves/40 Images/Healthy/pil_color_26.jpg,cotton,cotton::Healthy,Healthy,3,1,train,,
/kaggle/input/datasets/dhamur/cotton-plant-disease/Cotton leaves/40 Images/Bacterial blight/random_crop_pil_constract_36.jpg,cotton,cotton::Bacterial blight,Bacterial blight,2,1,train,,
/kaggle/input/datasets/dhamur/cotton-plant-disease/Cotton leaves/40 Images/Aphids/pil_brightness_7.jpg,cotton,cotton::Aphids,Aphids,0,1,train,,
/kaggle/input/datasets/dhamur/cotton-plant-disease/Cotton leaves/40 Images/Aphids/rotate_zoompil_color_27.jpg,cotton,cotton::Aphids,Aphids,0,1,train,,
/kaggle/working/exp02_robust_open_set/unknown_sources/cifar10/train/00555_5df7f419a05a.png,cifar10,cifar10::5df7f419a05ac2cb,Unclassified,6,0,train,animal,bird
/kaggle/working/exp02_robust_open_set/unknown_sources/cifar10/train/00293_0877539a85d8.png,cifar10,cifar10::0877539a85d8dcb8,Unclassified,6,0,train,animal,bird
/kaggle/input/datasets/dhamur/cotton-plant-disease/Cotton leaves/40 Images/Aphids/vertical_flippil_color_28.jpg,cotton,cotton::Aphids,Aphids,0,1,train,,
/kaggle/working/exp02_robust_open_set/unknown_sources/cifar10/train/00574_1744c18a9fdc.png,cifar10,cifar10::1744c18a9fdcbbb1,Unclassified,6,0,train,animal,deer
/kaggle/input/datasets/dhamur/cotton-plant-disease/Cotton leaves/40 Images/Target spot/rotate_zoompil_constract_22.jpg,cotton,cotton::Target spot,Target spot,5,1,train,,
/kaggle/input/datasets/dhamur/cotton-plant-disease/Cotton leaves/40 Images/Target spot/pil_brightness_34.jpg,cotton,cotton::Target spot,Target spot,5,1,train,,
/kaggle/input/datasets/dhamur/cotton-plant-disease/Cotton leaves/40 Images/Target spot/rotate_zoom3.jpg,cotton,cotton::Target spot,Target spot,5,1,train,,
/kaggle/input/datasets/dhamur/cotton-plant-disease/Cotton leaves/40 Images/Powdery mildew/rotate_zoompil_sharpness_8.jpg,cotton,cotton::Powdery mildew,Powdery mildew,4,1,train,,
/kaggle/working/exp02_robust_open_set/unknown_sources/cifar10/train/00725_9df3b8e8cf8e.png,cifar10,cifar10::9df3b8e8cf8e6d48,Unclassified,6,0,train,object_vehicle,truck
/kaggle/working/exp02_robust_open_set/unknown_sources/cifar10/train/00600_e5d4190d17a1.png,cifar10,cifar10::e5d4190d17a13f91,Unclassified,6,0,train,animal,deer
/kaggle/input/datasets/dhamur/cotton-plant-disease/Cotton leaves/40 Images/Bacterial blight/vertical_flippil_constract_6.jpg,cotton,cotton::Bacterial blight,Bacterial blight,2,1,train,,
/kaggle/input/datasets/dhamur/cotton-plant-disease/Cotton leaves/40 Images/Powdery mildew/rotate_zoompil_sharpness_13.jpg,cotton,cotton::Powdery mildew,Powdery mildew,4,1,train,,
/kaggle/input/datasets/dhamur/cotton-plant-disease/Cotton leaves/40 Images/Army worm/rotate_zoompil_constract_1.jpg,cotton,cotton::Army worm,Army worm,1,1,train,,
/kaggle/working/exp02_robust_open_set/unknown_sources/cifar10/train/00584_aae93bc7976e.png,cifar10,cifar10::aae93bc7976e5a52,Unclassified,6,0,train,object_vehicle,airplane
/kaggle/input/datasets/dhamur/cotton-plant-disease/Cotton leaves/40 Images/Powdery mildew/random_crop_25.jpg,cotton,cotton::Powdery mildew,Powdery mildew,4,1,train,,
/kaggle/input/datasets/dhamur/cotton-plant-disease/Cotton leaves/40 Images/Target spot/pil_constract_23.jpg,cotton,cotton::Target spot,Target spot,5,1,train,,
/kaggle/input/datasets/dhamur/cotton-plant-disease/Cotton leaves/40 Images/Healthy/rotate_zoom4.jpg,cotton,cotton::Healthy,Healthy,3,1,train,,
/kaggle/working/exp02_robust_open_set/unknown_sources/cifar10/train/00193_374bf19e7719.png,cifar10,cifar10::374bf19e77197f9e,Unclassified,6,0,train,animal,cat
/kaggle/input/datasets/dhamur/cotton-plant-disease/Cotton leaves/40 Images/Target spot/vertical_flip25.jpg,cotton,cotton::Target spot,Target spot,5,1,train,,
/kaggle/input/datasets/dhamur/cotton-plant-disease/Cotton leaves/40 Images/Healthy/pil_color_20.jpg,cotton,cotton::Healthy,Healthy,3,1,train,,
/kaggle/working/exp02_robust_open_set/unknown_sources/cifar10/train/00124_f92e13be6304.png,cifar10,cifar10::f92e13be6304c8c1,Unclassified,6,0,train,object_vehicle,truck
/kaggle/working/exp02_robust_open_set/unknown_sources/cifar10/train/00660_de834b435ab1.png,cifar10,cifar10::de834b435ab14ddc,Unclassified,6,0,train,animal,dog
/kaggle/input/datasets/dhamur/cotton-plant-disease/Cotton leaves/40 Images/Aphids/pil_sharpness_16.jpg,cotton,cotton::Aphids,Aphids,0,1,train,,
/kaggle/input/datasets/dhamur/cotton-plant-disease/Cotton leaves/40 Images/Healthy/rotate_zoom9.jpg,cotton,cotton::Healthy,Healthy,3,1,train,,
/kaggle/input/datasets/dhamur/cotton-plant-disease/Cotton leaves/40 Images/Target spot/vertical_flip40.jpg,cotton,cotton::Target spot,Target spot,5,1,train,,
/kaggle/input/datasets/dhamur/cotton-plant-disease/Cotton leaves/40 Images/Powdery mildew/rotate_zoompil_brightness_30.jpg,cotton,cotton::Powdery mildew,Powdery mildew,4,1,train,,
/kaggle/input/datasets/dhamur/cotton-plant-disease/Cotton leaves/40 Images/Bacterial blight/random_crop_pil_color_21.jpg,cotton,cotton::Bacterial blight,Bacterial blight,2,1,train,,
/kaggle/input/datasets/dhamur/cotton-plant-disease/Cotton leaves/40 Images/Aphids/random_crop_pil_brightness_30.jpg,cotton,cotton::Aphids,Aphids,0,1,train,,
/kaggle/input/datasets/dhamur/cotton-plant-disease/Cotton leaves/40 Images/Aphids/vertical_flippil_constract_22_.jpg,cotton,cotton::Aphids,Aphids,0,1,train,,
/kaggle/working/exp02_robust_open_set/unknown_sources/cifar10/train/00525_cd7361e50c5a.png,cifar10,cifar10::cd7361e50c5a5633,Unclassified,6,0,train,animal,cat
/kaggle/input/datasets/dhamur/cotton-plant-disease/Cotton leaves/40 Images/Powdery mildew/vertical_flippil_constract_16.jpg,cotton,cotton::Powdery mildew,Powdery mildew,4,1,train,,
/kaggle/input/datasets/dhamur/cotton-plant-disease/Cotton leaves/40 Images/Aphids/rotate_zoom25.jpg,cotton,cotton::Aphids,Aphids,0,1,train,,
/kaggle/input/datasets/dhamur/cotton-plant-disease/Cotton leaves/40 Images/Powdery mildew/random_crop_pil_constract_11.jpg,cotton,cotton::Powdery mildew,Powdery mildew,4,1,train,,
/kaggle/input/datasets/dhamur/cotton-plant-disease/Cotton leaves/40 Images/Bacterial blight/pil_constract_22.jpg,cotton,cotton::Bacterial blight,Bacterial blight,2,1,train,,
/kaggle/input/datasets/dhamur/cotton-plant-disease/Cotton leaves/40 Images/Bacterial blight/pil_sharpness_22.jpg,cotton,cotton::Bacterial blight,Bacterial blight,2,1,train,,
/kaggle/input/datasets/dhamur/cotton-plant-disease/Cotton leaves/40 Images/Target spot/random_crop_22.jpg,cotton,cotton::Target spot,Target spot,5,1,train,,
/kaggle/input/datasets/dhamur/cotton-plant-disease/Cotton leaves/40 Images/Target spot/pil_brightness_18.jpg,cotton,cotton::Target spot,Target spot,5,1,train,,
/kaggle/working/exp02_robust_open_set/unknown_sources/cifar10/train/00290_acc480de2c80.png,cifar10,cifar10::acc480de2c80e00f,Unclassified,6,0,train,animal,dog
/kaggle/working/exp02_robust_open_set/unknown_sources/cifar10/train/00561_f1644436c55b.png,cifar10,cifar10::f1644436c55b2559,Unclassified,6,0,train,animal,dog
/kaggle/input/datasets/dhamur/cotton-plant-disease/Cotton leaves/40 Images/Healthy/vertical_flip40.jpg,cotton,cotton::Healthy,Healthy,3,1,train,,
/kaggle/input/datasets/dhamur/cotton-plant-disease/Cotton leaves/40 Images/Healthy/vertical_flippil_constract_10.jpg,cotton,cotton::Healthy,Healthy,3,1,train,,
/kaggle/input/datasets/dhamur/cotton-plant-disease/Cotton leaves/40 Images/Bacterial blight/pil_color_20.jpg,cotton,cotton::Bacterial blight,Bacterial blight,2,1,train,,
/kaggle/input/datasets/dhamur/cotton-plant-disease/Cotton leaves/40 Images/Aphids/rotate_zoompil_sharpness_8.jpg,cotton,cotton::Aphids,Aphids,0,1,train,,
/kaggle/working/exp02_robust_open_set/unknown_sources/cifar10/train/00098_d7d8c7e0ce2e.png,cifar10,cifar10::d7d8c7e0ce2ed945,Unclassified,6,0,train,animal,horse
/kaggle/input/datasets/dhamur/cotton-plant-disease/Cotton leaves/40 Images/Bacterial blight/random_crop_pil_sharpness_21.jpg,cotton,cotton::Bacterial blight,Bacterial blight,2,1,train,,
/kaggle/working/exp02_robust_open_set/unknown_sources/cifar10/train/00438_3e25f6738556.png,cifar10,cifar10::3e25f6738556889b,Unclassified,6,0,train,object_vehicle,automobile
/kaggle/input/datasets/dhamur/cotton-plant-disease/Cotton leaves/40 Images/Powdery mildew/rotate_zoompil_constract_14.jpg,cotton,cotton::Powdery mildew,Powdery mildew,4,1,train,,
/kaggle/input/datasets/dhamur/cotton-plant-disease/Cotton leaves/40 Images/Bacterial blight/vertical_flippil_color_26.jpg,cotton,cotton::Bacterial blight,Bacterial blight,2,1,train,,
/kaggle/working/exp02_robust_open_set/unknown_sources/cifar10/train/00289_aa2dbce9e423.png,cifar10,cifar10::aa2dbce9e423aa78,Unclassified,6,0,train,animal,deer
/kaggle/input/datasets/dhamur/cotton-plant-disease/Cotton leaves/40 Images/Army worm/random_translation_pil_color_33.jpg,cotton,cotton::Army worm,Army worm,1,1,train,,
/kaggle/input/datasets/dhamur/cotton-plant-disease/Cotton leaves/40 Images/Powdery mildew/pil_sharpness_7.jpg,cotton,cotton::Powdery mildew,Powdery mildew,4,1,train,,
/kaggle/working/exp02_robust_open_set/unknown_sources/cifar10/train/00109_1a405c54fceb.png,cifar10,cifar10::1a405c54fceb3b97,Unclassified,6,0,train,animal,deer
/kaggle/input/datasets/dhamur/cotton-plant-disease/Cotton leaves/40 Images/Powdery mildew/pil_constract_15.jpg,cotton,cotton::Powdery mildew,Powdery mildew,4,1,train,,
/kaggle/input/datasets/dhamur/cotton-plant-disease/Cotton leaves/40 Images/Army worm/6.jpg,cotton,cotton::Army worm,Army worm,1,1,train,,
/kaggle/input/datasets/dhamur/cotton-plant-disease/Cotton leaves/40 Images/Bacterial blight/pil_color_38.jpg,cotton,cotton::Bacterial blight,Bacterial blight,2,1,train,,
/kaggle/input/datasets/dhamur/cotton-plant-disease/Cotton leaves/40 Images/Bacterial blight/random_crop_pil_constract_39.jpg,cotton,cotton::Bacterial blight,Bacterial blight,2,1,train,,
/kaggle/input/datasets/dhamur/cotton-plant-disease/Cotton leaves/40 Images/Aphids/vertical_flippil_brightness_9.jpg,cotton,cotton::Aphids,Aphids,0,1,train,,
/kaggle/input/datasets/dhamur/cotton-plant-disease/Cotton leaves/40 Images/Aphids/random_crop_pil_color_27.jpg,cotton,cotton::Aphids,Aphids,0,1,train,,
/kaggle/input/datasets/dhamur/cotton-plant-disease/Cotton leaves/40 Images/Powdery mildew/rotate_zoom22.jpg,cotton,cotton::Powdery mildew,Powdery mildew,4,1,train,,
/kaggle/input/datasets/dhamur/cotton-plant-disease/Cotton leaves/40 Images/Target spot/random_crop_pil_constract_30.jpg,cotton,cotton::Target spot,Target spot,5,1,train,,
/kaggle/input/datasets/dhamur/cotton-plant-disease/Cotton leaves/40 Images/Aphids/pil_sharpness_27.jpg,cotton,cotton::Aphids,Aphids,0,1,train,,
/kaggle/input/datasets/dhamur/cotton-plant-disease/Cotton leaves/40 Images/Target spot/vertical_flip10.jpg,cotton,cotton::Target spot,Target spot,5,1,train,,
/kaggle/working/exp02_robust_open_set/unknown_sources/cifar10/train/00663_835f3e9291d6.png,cifar10,cifar10::835f3e9291d662b4,Unclassified,6,0,train,object_vehicle,ship
/kaggle/input/datasets/dhamur/cotton-plant-disease/Cotton leaves/40 Images/Healthy/pil_brightness_36.jpg,cotton,cotton::Healthy,Healthy,3,1,train,,
/kaggle/input/datasets/dhamur/cotton-plant-disease/Cotton leaves/40 Images/Army worm/rotate_zoompil_color_10.jpg,cotton,cotton::Army worm,Army worm,1,1,train,,
/kaggle/input/datasets/dhamur/cotton-plant-disease/Cotton leaves/40 Images/Powdery mildew/vertical_flippil_constract_24.jpg,cotton,cotton::Powdery mildew,Powdery mildew,4,1,train,,
/kaggle/input/datasets/dhamur/cotton-plant-disease/Cotton leaves/40 Images/Target spot/vertical_flippil_brightness_28.jpg,cotton,cotton::Target spot,Target spot,5,1,train,,
/kaggle/input/datasets/dhamur/cotton-plant-disease/Cotton leaves/40 Images/Powdery mildew/vertical_flippil_sharpness_10.jpg,cotton,cotton::Powdery mildew,Powdery mildew,4,1,train,,
/kaggle/input/datasets/dhamur/cotton-plant-disease/Cotton leaves/40 Images/Bacterial blight/vertical_flip15.jpg,cotton,cotton::Bacterial blight,Bacterial blight,2,1,train,,
/kaggle/input/datasets/dhamur/cotton-plant-disease/Cotton leaves/40 Images/Aphids/vertical_flippil_sharpness_21.jpg,cotton,cotton::Aphids,Aphids,0,1,train,,
/kaggle/input/datasets/dhamur/cotton-plant-disease/Cotton leaves/40 Images/Healthy/random_crop_37.jpg,cotton,cotton::Healthy,Healthy,3,1,train,,
/kaggle/input/datasets/dhamur/cotton-plant-disease/Cotton leaves/40 Images/Healthy/vertical_flip22.jpg,cotton,cotton::Healthy,Healthy,3,1,train,,
/kaggle/input/datasets/dhamur/cotton-plant-disease/Cotton leaves/40 Images/Powdery mildew/pil_color_20.jpg,cotton,cotton::Powdery mildew,Powdery mildew,4,1,train,,
/kaggle/input/datasets/dhamur/cotton-plant-disease/Cotton leaves/40 Images/Powdery mildew/rotate_zoompil_color_35.jpg,cotton,cotton::Powdery mildew,Powdery mildew,4,1,train,,
/kaggle/input/datasets/dhamur/cotton-plant-disease/Cotton leaves/40 Images/Bacterial blight/rotate_zoompil_constract_30.jpg,cotton,cotton::Bacterial blight,Bacterial blight,2,1,train,,
/kaggle/input/datasets/dhamur/cotton-plant-disease/Cotton leaves/40 Images/Target spot/random_crop_pil_color_2.jpg,cotton,cotton::Target spot,Target spot,5,1,train,,
/kaggle/input/datasets/dhamur/cotton-plant-disease/Cotton leaves/40 Images/Army worm/random_translation_pil_brightness_12.jpg,cotton,cotton::Army worm,Army worm,1,1,train,,
/kaggle/working/exp02_robust_open_set/unknown_sources/cifar10/train/00461_06d585e63772.png,cifar10,cifar10::06d585e63772b034,Unclassified,6,0,train,animal,bird
/kaggle/input/datasets/dhamur/cotton-plant-disease/Cotton leaves/40 Images/Powdery mildew/vertical_flip36.jpg,cotton,cotton::Powdery mildew,Powdery mildew,4,1,train,,
/kaggle/input/datasets/dhamur/cotton-plant-disease/Cotton leaves/40 Images/Army worm/vertical_flip10.jpg,cotton,cotton::Army worm,Army worm,1,1,train,,
/kaggle/input/datasets/dhamur/cotton-plant-disease/Cotton leaves/40 Images/Healthy/vertical_flippil_sharpness_20.jpg,cotton,cotton::Healthy,Healthy,3,1,train,,
/kaggle/input/datasets/dhamur/cotton-plant-disease/Cotton leaves/40 Images/Army worm/pil_color_15.jpg,cotton,cotton::Army worm,Army worm,1,1,train,,
/kaggle/input/datasets/dhamur/cotton-plant-disease/Cotton leaves/40 Images/Army worm/rotate_zoompil_sharpness_29.jpg,cotton,cotton::Army worm,Army worm,1,1,train,,
/kaggle/input/datasets/dhamur/cotton-plant-disease/Cotton leaves/40 Images/Target spot/pil_brightness_2.jpg,cotton,cotton::Target spot,Target spot,5,1,train,,
/kaggle/input/datasets/dhamur/cotton-plant-disease/Cotton leaves/40 Images/Army worm/pil_brightness_2.jpg,cotton,cotton::Army worm,Army worm,1,1,train,,
/kaggle/input/datasets/dhamur/cotton-plant-disease/Cotton leaves/40 Images/Target spot/pil_color_14.jpg,cotton,cotton::Target spot,Target spot,5,1,train,,
/kaggle/input/datasets/dhamur/cotton-plant-disease/Cotton leaves/40 Images/Powdery mildew/random_crop_12.jpg,cotton,cotton::Powdery mildew,Powdery mildew,4,1,train,,
/kaggle/input/datasets/dhamur/cotton-plant-disease/Cotton leaves/40 Images/Army worm/random_translation_pil_color_13.jpg,cotton,cotton::Army worm,Army worm,1,1,train,,
/kaggle/input/datasets/dhamur/cotton-plant-disease/Cotton leaves/40 Images/Bacterial blight/vertical_flippil_constract_21.jpg,cotton,cotton::Bacterial blight,Bacterial blight,2,1,train,,
/kaggle/working/exp02_robust_open_set/unknown_sources/cifar10/train/00483_c8c9fd24aff1.png,cifar10,cifar10::c8c9fd24aff1a770,Unclassified,6,0,train,animal,frog
/kaggle/input/datasets/dhamur/cotton-plant-disease/Cotton leaves/40 Images/Target spot/rotate_zoompil_constract_5.jpg,cotton,cotton::Target spot,Target spot,5,1,train,,
/kaggle/input/datasets/dhamur/cotton-plant-disease/Cotton leaves/40 Images/Powdery mildew/pil_color_28.jpg,cotton,cotton::Powdery mildew,Powdery mildew,4,1,train,,
/kaggle/input/datasets/dhamur/cotton-plant-disease/Cotton leaves/40 Images/Target spot/vertical_flippil_constract_39.jpg,cotton,cotton::Target spot,Target spot,5,1,train,,
/kaggle/input/datasets/dhamur/cotton-plant-disease/Cotton leaves/40 Images/Bacterial blight/18.jpg,cotton,cotton::Bacterial blight,Bacterial blight,2,1,train,,
/kaggle/input/datasets/dhamur/cotton-plant-disease/Cotton leaves/40 Images/Aphids/pil_color_23.jpg,cotton,cotton::Aphids,Aphids,0,1,train,,
/kaggle/input/datasets/dhamur/cotton-plant-disease/Cotton leaves/40 Images/Powdery mildew/rotate_zoompil_constract_15.jpg,cotton,cotton::Powdery mildew,Powdery mildew,4,1,train,,
/kaggle/input/datasets/dhamur/cotton-plant-disease/Cotton leaves/40 Images/Army worm/random_translation_pil_brightness_22.jpg,cotton,cotton::Army worm,Army worm,1,1,train,,
/kaggle/working/exp02_robust_open_set/unknown_sources/cifar10/train/00780_163bcd5cb58a.png,cifar10,cifar10::163bcd5cb58ac5ba,Unclassified,6,0,train,animal,horse
/kaggle/input/datasets/dhamur/cotton-plant-disease/Cotton leaves/40 Images/Target spot/random_crop_pil_sharpness_29.jpg,cotton,cotton::Target spot,Target spot,5,1,train,,
/kaggle/input/datasets/dhamur/cotton-plant-disease/Cotton leaves/40 Images/Bacterial blight/random_crop_20.jpg,cotton,cotton::Bacterial blight,Bacterial blight,2,1,train,,
/kaggle/input/datasets/dhamur/cotton-plant-disease/Cotton leaves/40 Images/Target spot/pil_brightness_40.jpg,cotton,cotton::Target spot,Target spot,5,1,train,,
/kaggle/working/exp02_robust_open_set/unknown_sources/cifar10/train/00609_6dbb0bc64881.png,cifar10,cifar10::6dbb0bc64881ea35,Unclassified,6,0,train,animal,deer
/kaggle/input/datasets/dhamur/cotton-plant-disease/Cotton leaves/40 Images/Army worm/rotate_zoompil_sharpness_27.jpg,cotton,cotton::Army worm,Army worm,1,1,train,,
/kaggle/input/datasets/dhamur/cotton-plant-disease/Cotton leaves/40 Images/Army worm/vertical_flippil_brightness_13.jpg,cotton,cotton::Army worm,Army worm,1,1,train,,
/kaggle/input/datasets/dhamur/cotton-plant-disease/Cotton leaves/40 Images/Powdery mildew/random_crop_33.jpg,cotton,cotton::Powdery mildew,Powdery mildew,4,1,train,,
/kaggle/input/datasets/dhamur/cotton-plant-disease/Cotton leaves/40 Images/Army worm/random_translation_pil_sharpness_39.jpg,cotton,cotton::Army worm,Army worm,1,1,train,,
/kaggle/input/datasets/dhamur/cotton-plant-disease/Cotton leaves/40 Images/Aphids/random_crop_pil_brightness_28.jpg,cotton,cotton::Aphids,Aphids,0,1,train,,
/kaggle/input/datasets/dhamur/cotton-plant-disease/Cotton leaves/40 Images/Powdery mildew/pil_color_4.jpg,cotton,cotton::Powdery mildew,Powdery mildew,4,1,train,,
/kaggle/input/datasets/dhamur/cotton-plant-disease/Cotton leaves/40 Images/Aphids/vertical_flippil_sharpness_26.jpg,cotton,cotton::Aphids,Aphids,0,1,train,,
/kaggle/working/exp02_robust_open_set/unknown_sources/cifar10/train/00531_0681d1664458.png,cifar10,cifar10::0681d1664458acfc,Unclassified,6,0,train,animal,cat
/kaggle/input/datasets/dhamur/cotton-plant-disease/Cotton leaves/40 Images/Powdery mildew/rotate_zoompil_sharpness_26.jpg,cotton,cotton::Powdery mildew,Powdery mildew,4,1,train,,
/kaggle/working/exp02_robust_open_set/unknown_sources/cifar10/train/00781_78f1fd8dd957.png,cifar10,cifar10::78f1fd8dd95723b1,Unclassified,6,0,train,object_vehicle,airplane
/kaggle/input/datasets/dhamur/cotton-plant-disease/Cotton leaves/40 Images/Healthy/random_crop_31.jpg,cotton,cotton::Healthy,Healthy,3,1,train,,
/kaggle/input/datasets/dhamur/cotton-plant-disease/Cotton leaves/40 Images/Healthy/pil_sharpness_29.jpg,cotton,cotton::Healthy,Healthy,3,1,train,,
/kaggle/input/datasets/dhamur/cotton-plant-disease/Cotton leaves/40 Images/Target spot/random_crop_pil_brightness_1.jpg,cotton,cotton::Target spot,Target spot,5,1,train,,
/kaggle/input/datasets/dhamur/cotton-plant-disease/Cotton leaves/40 Images/Army worm/pil_sharpness_16.jpg,cotton,cotton::Army worm,Army worm,1,1,train,,
/kaggle/input/datasets/dhamur/cotton-plant-disease/Cotton leaves/40 Images/Bacterial blight/vertical_flippil_color_40.jpg,cotton,cotton::Bacterial blight,Bacterial blight,2,1,train,,
/kaggle/input/datasets/dhamur/cotton-plant-disease/Cotton leaves/40 Images/Healthy/rotate_zoom36.jpg,cotton,cotton::Healthy,Healthy,3,1,train,,
/kaggle/input/datasets/dhamur/cotton-plant-disease/Cotton leaves/40 Images/Target spot/vertical_flip38.jpg,cotton,cotton::Target spot,Target spot,5,1,train,,
/kaggle/working/exp02_robust_open_set/unknown_sources/cifar10/train/00753_becc1becea32.png,cifar10,cifar10::becc1becea3298ee,Unclassified,6,0,train,object_vehicle,truck
/kaggle/input/datasets/dhamur/cotton-plant-disease/Cotton leaves/40 Images/Bacterial blight/pil_brightness_10.jpg,cotton,cotton::Bacterial blight,Bacterial blight,2,1,train,,
/kaggle/input/datasets/dhamur/cotton-plant-disease/Cotton leaves/40 Images/Aphids/rotate_zoompil_constract_29.jpg,cotton,cotton::Aphids,Aphids,0,1,train,,
/kaggle/input/datasets/dhamur/cotton-plant-disease/Cotton leaves/40 Images/Target spot/pil_brightness_12.jpg,cotton,cotton::Target spot,Target spot,5,1,train,,
/kaggle/input/datasets/dhamur/cotton-plant-disease/Cotton leaves/40 Images/Powdery mildew/vertical_flippil_color_3.jpg,cotton,cotton::Powdery mildew,Powdery mildew,4,1,train,,
/kaggle/input/datasets/dhamur/cotton-plant-disease/Cotton leaves/40 Images/Powdery mildew/rotate_zoompil_constract_10.jpg,cotton,cotton::Powdery mildew,Powdery mildew,4,1,train,,
/kaggle/working/exp02_robust_open_set/unknown_sources/cifar10/train/00569_6b7b4e5d4555.png,cifar10,cifar10::6b7b4e5d4555ec66,Unclassified,6,0,train,animal,bird
/kaggle/input/datasets/dhamur/cotton-plant-disease/Cotton leaves/40 Images/Healthy/vertical_flippil_color_8.jpg,cotton,cotton::Healthy,Healthy,3,1,train,,
/kaggle/input/datasets/dhamur/cotton-plant-disease/Cotton leaves/40 Images/Target spot/23.jpg,cotton,cotton::Target spot,Target spot,5,1,train,,
/kaggle/input/datasets/dhamur/cotton-plant-disease/Cotton leaves/40 Images/Bacterial blight/vertical_flippil_sharpness_34.jpg,cotton,cotton::Bacterial blight,Bacterial blight,2,1,train,,
/kaggle/input/datasets/dhamur/cotton-plant-disease/Cotton leaves/40 Images/Healthy/rotate_zoompil_brightness_8.jpg,cotton,cotton::Healthy,Healthy,3,1,train,,
/kaggle/input/datasets/dhamur/cotton-plant-disease/Cotton leaves/40 Images/Healthy/vertical_flippil_brightness_21.jpg,cotton,cotton::Healthy,Healthy,3,1,train,,
/kaggle/input/datasets/dhamur/cotton-plant-disease/Cotton leaves/40 Images/Aphids/rotate_zoompil_color_14.jpg,cotton,cotton::Aphids,Aphids,0,1,train,,
/kaggle/input/datasets/dhamur/cotton-plant-disease/Cotton leaves/40 Images/Healthy/pil_brightness_30.jpg,cotton,cotton::Healthy,Healthy,3,1,train,,
/kaggle/working/exp02_robust_open_set/unknown_sources/cifar10/train/00413_772e29cdbdfd.png,cifar10,cifar10::772e29cdbdfd3588,Unclassified,6,0,train,animal,cat
/kaggle/working/exp02_robust_open_set/unknown_sources/cifar10/train/00383_803f2d062f68.png,cifar10,cifar10::803f2d062f6899c5,Unclassified,6,0,train,object_vehicle,ship
/kaggle/input/datasets/dhamur/cotton-plant-disease/Cotton leaves/40 Images/Aphids/rotate_zoompil_color_7.jpg,cotton,cotton::Aphids,Aphids,0,1,train,,
/kaggle/working/exp02_robust_open_set/unknown_sources/cifar10/train/00418_42536ce2f106.png,cifar10,cifar10::42536ce2f10620ab,Unclassified,6,0,train,animal,deer
/kaggle/input/datasets/dhamur/cotton-plant-disease/Cotton leaves/40 Images/Aphids/pil_constract_32.jpg,cotton,cotton::Aphids,Aphids,0,1,train,,
/kaggle/working/exp02_robust_open_set/unknown_sources/cifar10/train/00704_b2bf065ede5e.png,cifar10,cifar10::b2bf065ede5e1458,Unclassified,6,0,train,animal,bird
/kaggle/input/datasets/dhamur/cotton-plant-disease/Cotton leaves/40 Images/Target spot/random_crop_pil_sharpness_13.jpg,cotton,cotton::Target spot,Target spot,5,1,train,,
/kaggle/input/datasets/dhamur/cotton-plant-disease/Cotton leaves/40 Images/Powdery mildew/pil_color_38.jpg,cotton,cotton::Powdery mildew,Powdery mildew,4,1,train,,
/kaggle/working/exp02_robust_open_set/unknown_sources/cifar10/train/00699_aef266ca2236.png,cifar10,cifar10::aef266ca223625e7,Unclassified,6,0,train,animal,frog
/kaggle/input/datasets/dhamur/cotton-plant-disease/Cotton leaves/40 Images/Army worm/vertical_flippil_brightness_39.jpg,cotton,cotton::Army worm,Army worm,1,1,train,,
/kaggle/input/datasets/dhamur/cotton-plant-disease/Cotton leaves/40 Images/Powdery mildew/vertical_flippil_constract_22.jpg,cotton,cotton::Powdery mildew,Powdery mildew,4,1,train,,
/kaggle/input/datasets/dhamur/cotton-plant-disease/Cotton leaves/40 Images/Army worm/rotate_zoompil_constract_30.jpg,cotton,cotton::Army worm,Army worm,1,1,train,,
/kaggle/input/datasets/dhamur/cotton-plant-disease/Cotton leaves/40 Images/Bacterial blight/random_crop_29.jpg,cotton,cotton::Bacterial blight,Bacterial blight,2,1,train,,
/kaggle/working/exp02_robust_open_set/unknown_sources/cifar10/train/00292_581ccc7dd086.png,cifar10,cifar10::581ccc7dd0860c10,Unclassified,6,0,train,animal,deer
/kaggle/input/datasets/dhamur/cotton-plant-disease/Cotton leaves/40 Images/Target spot/vertical_flippil_brightness_20.jpg,cotton,cotton::Target spot,Target spot,5,1,train,,
/kaggle/input/datasets/dhamur/cotton-plant-disease/Cotton leaves/40 Images/Powdery mildew/random_crop_3.jpg,cotton,cotton::Powdery mildew,Powdery mildew,4,1,train,,
/kaggle/input/datasets/dhamur/cotton-plant-disease/Cotton leaves/40 Images/Army worm/rotate_zoompil_brightness_14.jpg,cotton,cotton::Army worm,Army worm,1,1,train,,
/kaggle/input/datasets/dhamur/cotton-plant-disease/Cotton leaves/40 Images/Army worm/rotate_zoompil_sharpness_24.jpg,cotton,cotton::Army worm,Army worm,1,1,train,,
/kaggle/working/exp02_robust_open_set/unknown_sources/cifar10/train/00146_679fecb424ef.png,cifar10,cifar10::679fecb424eff79c,Unclassified,6,0,train,object_vehicle,automobile
/kaggle/input/datasets/dhamur/cotton-plant-disease/Cotton leaves/40 Images/Bacterial blight/vertical_flippil_color_12.jpg,cotton,cotton::Bacterial blight,Bacterial blight,2,1,train,,
/kaggle/input/datasets/dhamur/cotton-plant-disease/Cotton leaves/40 Images/Army worm/pil_constract_17.jpg,cotton,cotton::Army worm,Army worm,1,1,train,,
/kaggle/input/datasets/dhamur/cotton-plant-disease/Cotton leaves/40 Images/Army worm/rotate_zoom17.jpg,cotton,cotton::Army worm,Army worm,1,1,train,,
/kaggle/input/datasets/dhamur/cotton-plant-disease/Cotton leaves/40 Images/Healthy/random_crop_pil_brightness_21.jpg,cotton,cotton::Healthy,Healthy,3,1,train,,
/kaggle/input/datasets/dhamur/cotton-plant-disease/Cotton leaves/40 Images/Healthy/vertical_flip19.jpg,cotton,cotton::Healthy,Healthy,3,1,train,,
/kaggle/input/datasets/dhamur/cotton-plant-disease/Cotton leaves/40 Images/Target spot/vertical_flippil_brightness_9.jpg,cotton,cotton::Target spot,Target spot,5,1,train,,
/kaggle/input/datasets/dhamur/cotton-plant-disease/Cotton leaves/40 Images/Target spot/random_crop_29.jpg,cotton,cotton::Target spot,Target spot,5,1,train,,
/kaggle/working/exp02_robust_open_set/unknown_sources/cifar10/train/00032_e0a72df7a36d.png,cifar10,cifar10::e0a72df7a36d0d74,Unclassified,6,0,train,object_vehicle,airplane
/kaggle/input/datasets/dhamur/cotton-plant-disease/Cotton leaves/40 Images/Powdery mildew/vertical_flip28.jpg,cotton,cotton::Powdery mildew,Powdery mildew,4,1,train,,
/kaggle/working/exp02_robust_open_set/unknown_sources/cifar10/train/00520_c1f3e1371d23.png,cifar10,cifar10::c1f3e1371d23073d,Unclassified,6,0,train,animal,cat
/kaggle/working/exp02_robust_open_set/unknown_sources/cifar10/train/00029_76ed8dcefd53.png,cifar10,cifar10::76ed8dcefd536d0c,Unclassified,6,0,train,object_vehicle,truck
/kaggle/input/datasets/dhamur/cotton-plant-disease/Cotton leaves/40 Images/Target spot/vertical_flippil_constract_13.jpg,cotton,cotton::Target spot,Target spot,5,1,train,,
/kaggle/input/datasets/dhamur/cotton-plant-disease/Cotton leaves/40 Images/Healthy/pil_brightness_7.jpg,cotton,cotton::Healthy,Healthy,3,1,train,,
/kaggle/input/datasets/dhamur/cotton-plant-disease/Cotton leaves/40 Images/Aphids/random_crop_23.jpg,cotton,cotton::Aphids,Aphids,0,1,train,,
/kaggle/input/datasets/dhamur/cotton-plant-disease/Cotton leaves/40 Images/Powdery mildew/pil_color_39.jpg,cotton,cotton::Powdery mildew,Powdery mildew,4,1,train,,
/kaggle/input/datasets/dhamur/cotton-plant-disease/Cotton leaves/40 Images/Powdery mildew/pil_constract_5.jpg,cotton,cotton::Powdery mildew,Powdery mildew,4,1,train,,
/kaggle/input/datasets/dhamur/cotton-plant-disease/Cotton leaves/40 Images/Powdery mildew/rotate_zoom18.jpg,cotton,cotton::Powdery mildew,Powdery mildew,4,1,train,,
/kaggle/input/datasets/dhamur/cotton-plant-disease/Cotton leaves/40 Images/Healthy/4.jpg,cotton,cotton::Healthy,Healthy,3,1,train,,
/kaggle/input/datasets/dhamur/cotton-plant-disease/Cotton leaves/40 Images/Powdery mildew/vertical_flippil_constract_7.jpg,cotton,cotton::Powdery mildew,Powdery mildew,4,1,train,,
/kaggle/input/datasets/dhamur/cotton-plant-disease/Cotton leaves/40 Images/Army worm/rotate_zoompil_constract_34.jpg,cotton,cotton::Army worm,Army worm,1,1,train,,
/kaggle/input/datasets/dhamur/cotton-plant-disease/Cotton leaves/40 Images/Target spot/pil_color_12.jpg,cotton,cotton::Target spot,Target spot,5,1,train,,
/kaggle/input/datasets/dhamur/cotton-plant-disease/Cotton leaves/40 Images/Bacterial blight/pil_constract_8.jpg,cotton,cotton::Bacterial blight,Bacterial blight,2,1,train,,
/kaggle/input/datasets/dhamur/cotton-plant-disease/Cotton leaves/40 Images/Healthy/random_crop_pil_color_13.jpg,cotton,cotton::Healthy,Healthy,3,1,train,,
/kaggle/input/datasets/dhamur/cotton-plant-disease/Cotton leaves/40 Images/Aphids/rotate_zoompil_sharpness_9.jpg,cotton,cotton::Aphids,Aphids,0,1,train,,
/kaggle/input/datasets/dhamur/cotton-plant-disease/Cotton leaves/40 Images/Army worm/pil_color_4.jpg,cotton,cotton::Army worm,Army worm,1,1,train,,
/kaggle/input/datasets/dhamur/cotton-plant-disease/Cotton leaves/40 Images/Target spot/vertical_flippil_color_29.jpg,cotton,cotton::Target spot,Target spot,5,1,train,,
/kaggle/input/datasets/dhamur/cotton-plant-disease/Cotton leaves/40 Images/Target spot/random_crop_pil_constract_34.jpg,cotton,cotton::Target spot,Target spot,5,1,train,,
/kaggle/input/datasets/dhamur/cotton-plant-disease/Cotton leaves/40 Images/Healthy/random_crop_pil_brightness_7.jpg,cotton,cotton::Healthy,Healthy,3,1,train,,
/kaggle/working/exp02_robust_open_set/unknown_sources/cifar10/train/00736_2a9b5ba99036.png,cifar10,cifar10::2a9b5ba99036038a,Unclassified,6,0,train,animal,dog
/kaggle/working/exp02_robust_open_set/unknown_sources/cifar10/train/00422_f9f61537c13b.png,cifar10,cifar10::f9f61537c13bbc5a,Unclassified,6,0,train,object_vehicle,ship
/kaggle/input/datasets/dhamur/cotton-plant-disease/Cotton leaves/40 Images/Healthy/vertical_flip6.jpg,cotton,cotton::Healthy,Healthy,3,1,train,,
/kaggle/input/datasets/dhamur/cotton-plant-disease/Cotton leaves/40 Images/Target spot/random_crop_pil_brightness_7.jpg,cotton,cotton::Target spot,Target spot,5,1,train,,
/kaggle/input/datasets/dhamur/cotton-plant-disease/Cotton leaves/40 Images/Aphids/rotate_zoompil_sharpness_1.jpg,cotton,cotton::Aphids,Aphids,0,1,train,,
/kaggle/input/datasets/dhamur/cotton-plant-disease/Cotton leaves/40 Images/Bacterial blight/vertical_flippil_sharpness_33.jpg,cotton,cotton::Bacterial blight,Bacterial blight,2,1,train,,
/kaggle/working/exp02_robust_open_set/unknown_sources/cifar10/train/00042_baeda509a29c.png,cifar10,cifar10::baeda509a29ca705,Unclassified,6,0,train,animal,deer
/kaggle/input/datasets/dhamur/cotton-plant-disease/Cotton leaves/40 Images/Target spot/pil_brightness_6.jpg,cotton,cotton::Target spot,Target spot,5,1,train,,
/kaggle/input/datasets/dhamur/cotton-plant-disease/Cotton leaves/40 Images/Army worm/pil_sharpness_25.jpg,cotton,cotton::Army worm,Army worm,1,1,train,,
/kaggle/input/datasets/dhamur/cotton-plant-disease/Cotton leaves/40 Images/Powdery mildew/vertical_flippil_color_34.jpg,cotton,cotton::Powdery mildew,Powdery mildew,4,1,train,,
/kaggle/input/datasets/dhamur/cotton-plant-disease/Cotton leaves/40 Images/Aphids/vertical_flippil_constract_31.jpg,cotton,cotton::Aphids,Aphids,0,1,train,,
/kaggle/input/datasets/dhamur/cotton-plant-disease/Cotton leaves/40 Images/Army worm/pil_sharpness_15.jpg,cotton,cotton::Army worm,Army worm,1,1,train,,
/kaggle/working/exp02_robust_open_set/unknown_sources/cifar10/train/00371_1c80cf8c8f9f.png,cifar10,cifar10::1c80cf8c8f9f7806,Unclassified,6,0,train,animal,cat
/kaggle/input/datasets/dhamur/cotton-plant-disease/Cotton leaves/40 Images/Healthy/vertical_flippil_sharpness_16.jpg,cotton,cotton::Healthy,Healthy,3,1,train,,
/kaggle/input/datasets/dhamur/cotton-plant-disease/Cotton leaves/40 Images/Army worm/vertical_flip17.jpg,cotton,cotton::Army worm,Army worm,1,1,train,,
/kaggle/input/datasets/dhamur/cotton-plant-disease/Cotton leaves/40 Images/Healthy/random_crop_pil_brightness_6.jpg,cotton,cotton::Healthy,Healthy,3,1,train,,
/kaggle/working/exp02_robust_open_set/unknown_sources/cifar10/train/00214_679b850f0227.png,cifar10,cifar10::679b850f0227a7ce,Unclassified,6,0,train,object_vehicle,automobile
/kaggle/input/datasets/dhamur/cotton-plant-disease/Cotton leaves/40 Images/Bacterial blight/vertical_flippil_color_11.jpg,cotton,cotton::Bacterial blight,Bacterial blight,2,1,train,,
/kaggle/input/datasets/dhamur/cotton-plant-disease/Cotton leaves/40 Images/Aphids/vertical_flippil_constract_37.jpg,cotton,cotton::Aphids,Aphids,0,1,train,,
/kaggle/input/datasets/dhamur/cotton-plant-disease/Cotton leaves/40 Images/Healthy/rotate_zoompil_constract_28.jpg,cotton,cotton::Healthy,Healthy,3,1,train,,
/kaggle/working/exp02_robust_open_set/unknown_sources/cifar10/train/00279_a24625a95eee.png,cifar10,cifar10::a24625a95eee88a2,Unclassified,6,0,train,object_vehicle,airplane
/kaggle/input/datasets/dhamur/cotton-plant-disease/Cotton leaves/40 Images/Bacterial blight/random_crop_16.jpg,cotton,cotton::Bacterial blight,Bacterial blight,2,1,train,,
/kaggle/input/datasets/dhamur/cotton-plant-disease/Cotton leaves/40 Images/Powdery mildew/rotate_zoom36.jpg,cotton,cotton::Powdery mildew,Powdery mildew,4,1,train,,
/kaggle/input/datasets/dhamur/cotton-plant-disease/Cotton leaves/40 Images/Target spot/random_crop_pil_color_28.jpg,cotton,cotton::Target spot,Target spot,5,1,train,,
/kaggle/input/datasets/dhamur/cotton-plant-disease/Cotton leaves/40 Images/Aphids/vertical_flippil_constract_5.jpg,cotton,cotton::Aphids,Aphids,0,1,train,,
/kaggle/input/datasets/dhamur/cotton-plant-disease/Cotton leaves/40 Images/Bacterial blight/pil_constract_32.jpg,cotton,cotton::Bacterial blight,Bacterial blight,2,1,train,,
/kaggle/input/datasets/dhamur/cotton-plant-disease/Cotton leaves/40 Images/Bacterial blight/rotate_zoompil_sharpness_13.jpg,cotton,cotton::Bacterial blight,Bacterial blight,2,1,train,,
/kaggle/input/datasets/dhamur/cotton-plant-disease/Cotton leaves/40 Images/Powdery mildew/vertical_flippil_constract_14.jpg,cotton,cotton::Powdery mildew,Powdery mildew,4,1,train,,
/kaggle/input/datasets/dhamur/cotton-plant-disease/Cotton leaves/40 Images/Powdery mildew/vertical_flippil_constract_40.jpg,cotton,cotton::Powdery mildew,Powdery mildew,4,1,train,,
/kaggle/input/datasets/dhamur/cotton-plant-disease/Cotton leaves/40 Images/Powdery mildew/pil_color_15.jpg,cotton,cotton::Powdery mildew,Powdery mildew,4,1,train,,
/kaggle/input/datasets/dhamur/cotton-plant-disease/Cotton leaves/40 Images/Bacterial blight/pil_sharpness_6.jpg,cotton,cotton::Bacterial blight,Bacterial blight,2,1,train,,
/kaggle/input/datasets/dhamur/cotton-plant-disease/Cotton leaves/40 Images/Aphids/vertical_flippil_color_32.jpg,cotton,cotton::Aphids,Aphids,0,1,train,,
/kaggle/working/exp02_robust_open_set/unknown_sources/cifar10/train/00786_b071866e170b.png,cifar10,cifar10::b071866e170bb743,Unclassified,6,0,train,animal,dog
/kaggle/input/datasets/dhamur/cotton-plant-disease/Cotton leaves/40 Images/Aphids/39.jpg,cotton,cotton::Aphids,Aphids,0,1,train,,
/kaggle/input/datasets/dhamur/cotton-plant-disease/Cotton leaves/40 Images/Army worm/random_translation_pil_brightness_18.jpg,cotton,cotton::Army worm,Army worm,1,1,train,,
/kaggle/input/datasets/dhamur/cotton-plant-disease/Cotton leaves/40 Images/Army worm/vertical_flippil_constract_22.jpg,cotton,cotton::Army worm,Army worm,1,1,train,,
/kaggle/input/datasets/dhamur/cotton-plant-disease/Cotton leaves/40 Images/Powdery mildew/pil_color_2.jpg,cotton,cotton::Powdery mildew,Powdery mildew,4,1,train,,
/kaggle/input/datasets/dhamur/cotton-plant-disease/Cotton leaves/40 Images/Aphids/random_crop_pil_sharpness_31.jpg,cotton,cotton::Aphids,Aphids,0,1,train,,
/kaggle/input/datasets/dhamur/cotton-plant-disease/Cotton leaves/40 Images/Aphids/random_crop_34.jpg,cotton,cotton::Aphids,Aphids,0,1,train,,
/kaggle/input/datasets/dhamur/cotton-plant-disease/Cotton leaves/40 Images/Army worm/pil_sharpness_26.jpg,cotton,cotton::Army worm,Army worm,1,1,train,,
/kaggle/working/exp02_robust_open_set/unknown_sources/cifar10/train/00134_ff8c7ccb851f.png,cifar10,cifar10::ff8c7ccb851fcc4b,Unclassified,6,0,train,object_vehicle,ship
/kaggle/input/datasets/dhamur/cotton-plant-disease/Cotton leaves/40 Images/Aphids/vertical_flip10.jpg,cotton,cotton::Aphids,Aphids,0,1,train,,
/kaggle/input/datasets/dhamur/cotton-plant-disease/Cotton leaves/40 Images/Target spot/vertical_flippil_constract_9.jpg,cotton,cotton::Target spot,Target spot,5,1,train,,
/kaggle/input/datasets/dhamur/cotton-plant-disease/Cotton leaves/40 Images/Healthy/rotate_zoompil_constract_25.jpg,cotton,cotton::Healthy,Healthy,3,1,train,,
/kaggle/working/exp02_robust_open_set/unknown_sources/cifar10/train/00551_385262f5eb13.png,cifar10,cifar10::385262f5eb133dd0,Unclassified,6,0,train,animal,cat
/kaggle/input/datasets/dhamur/cotton-plant-disease/Cotton leaves/40 Images/Bacterial blight/pil_sharpness_38.jpg,cotton,cotton::Bacterial blight,Bacterial blight,2,1,train,,
/kaggle/input/datasets/dhamur/cotton-plant-disease/Cotton leaves/40 Images/Aphids/rotate_zoompil_sharpness_40.jpg,cotton,cotton::Aphids,Aphids,0,1,train,,
/kaggle/input/datasets/dhamur/cotton-plant-disease/Cotton leaves/40 Images/Aphids/vertical_flippil_constract_18.jpg,cotton,cotton::Aphids,Aphids,0,1,train,,
/kaggle/input/datasets/dhamur/cotton-plant-disease/Cotton leaves/40 Images/Bacterial blight/rotate_zoompil_brightness_9.jpg,cotton,cotton::Bacterial blight,Bacterial blight,2,1,train,,
/kaggle/input/datasets/dhamur/cotton-plant-disease/Cotton leaves/40 Images/Powdery mildew/pil_sharpness_35.jpg,cotton,cotton::Powdery mildew,Powdery mildew,4,1,train,,
/kaggle/working/exp02_robust_open_set/unknown_sources/cifar10/train/00690_e3b82d366855.png,cifar10,cifar10::e3b82d36685548e8,Unclassified,6,0,train,object_vehicle,ship
/kaggle/working/exp02_robust_open_set/unknown_sources/cifar10/train/00477_477156e71447.png,cifar10,cifar10::477156e7144714a3,Unclassified,6,0,train,animal,dog
/kaggle/working/exp02_robust_open_set/unknown_sources/cifar10/train/00576_50f92ae69be6.png,cifar10,cifar10::50f92ae69be628f3,Unclassified,6,0,train,object_vehicle,truck
/kaggle/input/datasets/dhamur/cotton-plant-disease/Cotton leaves/40 Images/Powdery mildew/pil_sharpness_2.jpg,cotton,cotton::Powdery mildew,Powdery mildew,4,1,train,,
/kaggle/input/datasets/dhamur/cotton-plant-disease/Cotton leaves/40 Images/Healthy/pil_color_8.jpg,cotton,cotton::Healthy,Healthy,3,1,train,,
/kaggle/input/datasets/dhamur/cotton-plant-disease/Cotton leaves/40 Images/Aphids/pil_brightness_13.jpg,cotton,cotton::Aphids,Aphids,0,1,train,,
/kaggle/input/datasets/dhamur/cotton-plant-disease/Cotton leaves/40 Images/Healthy/rotate_zoompil_brightness_29.jpg,cotton,cotton::Healthy,Healthy,3,1,train,,
/kaggle/input/datasets/dhamur/cotton-plant-disease/Cotton leaves/40 Images/Healthy/vertical_flippil_constract_29.jpg,cotton,cotton::Healthy,Healthy,3,1,train,,
/kaggle/input/datasets/dhamur/cotton-plant-disease/Cotton leaves/40 Images/Healthy/random_crop_pil_constract_30.jpg,cotton,cotton::Healthy,Healthy,3,1,train,,
/kaggle/input/datasets/dhamur/cotton-plant-disease/Cotton leaves/40 Images/Healthy/rotate_zoompil_constract_20.jpg,cotton,cotton::Healthy,Healthy,3,1,train,,
/kaggle/input/datasets/dhamur/cotton-plant-disease/Cotton leaves/40 Images/Target spot/vertical_flippil_color_18.jpg,cotton,cotton::Target spot,Target spot,5,1,train,,
/kaggle/input/datasets/dhamur/cotton-plant-disease/Cotton leaves/40 Images/Aphids/rotate_zoom12.jpg,cotton,cotton::Aphids,Aphids,0,1,train,,
/kaggle/working/exp02_robust_open_set/unknown_sources/cifar10/train/00636_d69a656fdcd3.png,cifar10,cifar10::d69a656fdcd35081,Unclassified,6,0,train,animal,deer
/kaggle/input/datasets/dhamur/cotton-plant-disease/Cotton leaves/40 Images/Target spot/vertical_flippil_brightness_26.jpg,cotton,cotton::Target spot,Target spot,5,1,train,,
/kaggle/working/exp02_robust_open_set/unknown_sources/cifar10/train/00089_5c6596630bdc.png,cifar10,cifar10::5c6596630bdc5211,Unclassified,6,0,train,object_vehicle,ship
/kaggle/input/datasets/dhamur/cotton-plant-disease/Cotton leaves/40 Images/Army worm/rotate_zoompil_constract_21.jpg,cotton,cotton::Army worm,Army worm,1,1,train,,
/kaggle/input/datasets/dhamur/cotton-plant-disease/Cotton leaves/40 Images/Target spot/random_crop_pil_constract_10.jpg,cotton,cotton::Target spot,Target spot,5,1,train,,
/kaggle/input/datasets/dhamur/cotton-plant-disease/Cotton leaves/40 Images/Healthy/14.jpg,cotton,cotton::Healthy,Healthy,3,1,train,,
/kaggle/working/exp02_robust_open_set/unknown_sources/cifar10/train/00156_e3a7cbed91b2.png,cifar10,cifar10::e3a7cbed91b2b0c7,Unclassified,6,0,train,animal,horse
/kaggle/input/datasets/dhamur/cotton-plant-disease/Cotton leaves/40 Images/Aphids/vertical_flippil_constract_40.jpg,cotton,cotton::Aphids,Aphids,0,1,train,,
/kaggle/working/exp02_robust_open_set/unknown_sources/cifar10/train/00519_0436e4eea961.png,cifar10,cifar10::0436e4eea9616394,Unclassified,6,0,train,animal,frog
/kaggle/input/datasets/dhamur/cotton-plant-disease/Cotton leaves/40 Images/Powdery mildew/random_crop_pil_brightness_10.jpg,cotton,cotton::Powdery mildew,Powdery mildew,4,1,train,,
/kaggle/input/datasets/dhamur/cotton-plant-disease/Cotton leaves/40 Images/Powdery mildew/random_crop_31.jpg,cotton,cotton::Powdery mildew,Powdery mildew,4,1,train,,
/kaggle/input/datasets/dhamur/cotton-plant-disease/Cotton leaves/40 Images/Army worm/random_translation_pil_color_4.jpg,cotton,cotton::Army worm,Army worm,1,1,train,,
/kaggle/input/datasets/dhamur/cotton-plant-disease/Cotton leaves/40 Images/Target spot/rotate_zoompil_sharpness_25.jpg,cotton,cotton::Target spot,Target spot,5,1,train,,
/kaggle/input/datasets/dhamur/cotton-plant-disease/Cotton leaves/40 Images/Aphids/pil_sharpness_13.jpg,cotton,cotton::Aphids,Aphids,0,1,train,,
/kaggle/input/datasets/dhamur/cotton-plant-disease/Cotton leaves/40 Images/Aphids/random_crop_pil_sharpness_18.jpg,cotton,cotton::Aphids,Aphids,0,1,train,,
/kaggle/input/datasets/dhamur/cotton-plant-disease/Cotton leaves/40 Images/Powdery mildew/pil_brightness_13.jpg,cotton,cotton::Powdery mildew,Powdery mildew,4,1,train,,
/kaggle/input/datasets/dhamur/cotton-plant-disease/Cotton leaves/40 Images/Aphids/random_crop_37.jpg,cotton,cotton::Aphids,Aphids,0,1,train,,
/kaggle/input/datasets/dhamur/cotton-plant-disease/Cotton leaves/40 Images/Aphids/vertical_flippil_constract_21.jpg,cotton,cotton::Aphids,Aphids,0,1,train,,
/kaggle/input/datasets/dhamur/cotton-plant-disease/Cotton leaves/40 Images/Powdery mildew/vertical_flippil_brightness_12.jpg,cotton,cotton::Powdery mildew,Powdery mildew,4,1,train,,
/kaggle/input/datasets/dhamur/cotton-plant-disease/Cotton leaves/40 Images/Bacterial blight/vertical_flippil_color_31.jpg,cotton,cotton::Bacterial blight,Bacterial blight,2,1,train,,
/kaggle/input/datasets/dhamur/cotton-plant-disease/Cotton leaves/40 Images/Target spot/rotate_zoompil_sharpness_13.jpg,cotton,cotton::Target spot,Target spot,5,1,train,,
/kaggle/input/datasets/dhamur/cotton-plant-disease/Cotton leaves/40 Images/Powdery mildew/rotate_zoompil_color_33.jpg,cotton,cotton::Powdery mildew,Powdery mildew,4,1,train,,
/kaggle/input/datasets/dhamur/cotton-plant-disease/Cotton leaves/40 Images/Healthy/pil_sharpness_23.jpg,cotton,cotton::Healthy,Healthy,3,1,train,,
/kaggle/working/exp02_robust_open_set/unknown_sources/cifar10/train/00768_3331ca90ab4e.png,cifar10,cifar10::3331ca90ab4e10f7,Unclassified,6,0,train,animal,frog
/kaggle/input/datasets/dhamur/cotton-plant-disease/Cotton leaves/40 Images/Army worm/rotate_zoompil_brightness_40.jpg,cotton,cotton::Army worm,Army worm,1,1,train,,
/kaggle/input/datasets/dhamur/cotton-plant-disease/Cotton leaves/40 Images/Army worm/vertical_flippil_sharpness_6.jpg,cotton,cotton::Army worm,Army worm,1,1,train,,
/kaggle/input/datasets/dhamur/cotton-plant-disease/Cotton leaves/40 Images/Powdery mildew/random_crop_pil_brightness_9.jpg,cotton,cotton::Powdery mildew,Powdery mildew,4,1,train,,
/kaggle/working/exp02_robust_open_set/unknown_sources/cifar10/train/00077_c227c292032d.png,cifar10,cifar10::c227c292032d29d0,Unclassified,6,0,train,object_vehicle,airplane
/kaggle/input/datasets/dhamur/cotton-plant-disease/Cotton leaves/40 Images/Army worm/rotate_zoompil_sharpness_8.jpg,cotton,cotton::Army worm,Army worm,1,1,train,,
/kaggle/input/datasets/dhamur/cotton-plant-disease/Cotton leaves/40 Images/Powdery mildew/pil_brightness_10.jpg,cotton,cotton::Powdery mildew,Powdery mildew,4,1,train,,
/kaggle/input/datasets/dhamur/cotton-plant-disease/Cotton leaves/40 Images/Powdery mildew/pil_color_23.jpg,cotton,cotton::Powdery mildew,Powdery mildew,4,1,train,,
/kaggle/input/datasets/dhamur/cotton-plant-disease/Cotton leaves/40 Images/Powdery mildew/rotate_zoom7.jpg,cotton,cotton::Powdery mildew,Powdery mildew,4,1,train,,
/kaggle/input/datasets/dhamur/cotton-plant-disease/Cotton leaves/40 Images/Healthy/random_crop_pil_brightness_16.jpg,cotton,cotton::Healthy,Healthy,3,1,train,,
/kaggle/input/datasets/dhamur/cotton-plant-disease/Cotton leaves/40 Images/Powdery mildew/random_crop_pil_constract_21.jpg,cotton,cotton::Powdery mildew,Powdery mildew,4,1,train,,
/kaggle/input/datasets/dhamur/cotton-plant-disease/Cotton leaves/40 Images/Aphids/random_crop_pil_color_6.jpg,cotton,cotton::Aphids,Aphids,0,1,train,,
/kaggle/input/datasets/dhamur/cotton-plant-disease/Cotton leaves/40 Images/Target spot/random_crop_pil_brightness_36.jpg,cotton,cotton::Target spot,Target spot,5,1,train,,
/kaggle/input/datasets/dhamur/cotton-plant-disease/Cotton leaves/40 Images/Healthy/rotate_zoom27.jpg,cotton,cotton::Healthy,Healthy,3,1,train,,
/kaggle/input/datasets/dhamur/cotton-plant-disease/Cotton leaves/40 Images/Target spot/pil_brightness_26.jpg,cotton,cotton::Target spot,Target spot,5,1,train,,
/kaggle/input/datasets/dhamur/cotton-plant-disease/Cotton leaves/40 Images/Bacterial blight/pil_constract_35.jpg,cotton,cotton::Bacterial blight,Bacterial blight,2,1,train,,
/kaggle/input/datasets/dhamur/cotton-plant-disease/Cotton leaves/40 Images/Bacterial blight/vertical_flippil_color_34.jpg,cotton,cotton::Bacterial blight,Bacterial blight,2,1,train,,
/kaggle/input/datasets/dhamur/cotton-plant-disease/Cotton leaves/40 Images/Powdery mildew/vertical_flippil_brightness_9.jpg,cotton,cotton::Powdery mildew,Powdery mildew,4,1,train,,
/kaggle/input/datasets/dhamur/cotton-plant-disease/Cotton leaves/40 Images/Bacterial blight/random_crop_pil_brightness_14.jpg,cotton,cotton::Bacterial blight,Bacterial blight,2,1,train,,
/kaggle/input/datasets/dhamur/cotton-plant-disease/Cotton leaves/40 Images/Healthy/rotate_zoompil_brightness_9.jpg,cotton,cotton::Healthy,Healthy,3,1,train,,
/kaggle/input/datasets/dhamur/cotton-plant-disease/Cotton leaves/40 Images/Healthy/rotate_zoom15.jpg,cotton,cotton::Healthy,Healthy,3,1,train,,
/kaggle/input/datasets/dhamur/cotton-plant-disease/Cotton leaves/40 Images/Target spot/pil_color_28.jpg,cotton,cotton::Target spot,Target spot,5,1,train,,
/kaggle/input/datasets/dhamur/cotton-plant-disease/Cotton leaves/40 Images/Army worm/vertical_flippil_color_9.jpg,cotton,cotton::Army worm,Army worm,1,1,train,,
/kaggle/input/datasets/dhamur/cotton-plant-disease/Cotton leaves/40 Images/Bacterial blight/vertical_flippil_constract_36.jpg,cotton,cotton::Bacterial blight,Bacterial blight,2,1,train,,
/kaggle/input/datasets/dhamur/cotton-plant-disease/Cotton leaves/40 Images/Powdery mildew/vertical_flippil_color_2.jpg,cotton,cotton::Powdery mildew,Powdery mildew,4,1,train,,
/kaggle/input/datasets/dhamur/cotton-plant-disease/Cotton leaves/40 Images/Army worm/vertical_flippil_color_12.jpg,cotton,cotton::Army worm,Army worm,1,1,train,,
/kaggle/input/datasets/dhamur/cotton-plant-disease/Cotton leaves/40 Images/Aphids/random_crop_pil_constract_13.jpg,cotton,cotton::Aphids,Aphids,0,1,train,,
/kaggle/working/exp02_robust_open_set/unknown_sources/cifar10/train/00255_f23b7087ba6d.png,cifar10,cifar10::f23b7087ba6d79f5,Unclassified,6,0,train,animal,horse
/kaggle/input/datasets/dhamur/cotton-plant-disease/Cotton leaves/40 Images/Aphids/vertical_flippil_brightness_19.jpg,cotton,cotton::Aphids,Aphids,0,1,train,,
/kaggle/input/datasets/dhamur/cotton-plant-disease/Cotton leaves/40 Images/Healthy/rotate_zoompil_constract_27.jpg,cotton,cotton::Healthy,Healthy,3,1,train,,
/kaggle/working/exp02_robust_open_set/unknown_sources/cifar10/train/00592_8299bda53a73.png,cifar10,cifar10::8299bda53a7310c7,Unclassified,6,0,train,object_vehicle,truck
/kaggle/input/datasets/dhamur/cotton-plant-disease/Cotton leaves/40 Images/Healthy/random_crop_pil_brightness_18.jpg,cotton,cotton::Healthy,Healthy,3,1,train,,
/kaggle/input/datasets/dhamur/cotton-plant-disease/Cotton leaves/40 Images/Target spot/pil_sharpness_21.jpg,cotton,cotton::Target spot,Target spot,5,1,train,,
/kaggle/input/datasets/dhamur/cotton-plant-disease/Cotton leaves/40 Images/Army worm/37.jpg,cotton,cotton::Army worm,Army worm,1,1,train,,
/kaggle/input/datasets/dhamur/cotton-plant-disease/Cotton leaves/40 Images/Army worm/rotate_zoom8.jpg,cotton,cotton::Army worm,Army worm,1,1,train,,
/kaggle/input/datasets/dhamur/cotton-plant-disease/Cotton leaves/40 Images/Bacterial blight/rotate_zoom29.jpg,cotton,cotton::Bacterial blight,Bacterial blight,2,1,train,,
/kaggle/input/datasets/dhamur/cotton-plant-disease/Cotton leaves/40 Images/Bacterial blight/random_crop_pil_color_40.jpg,cotton,cotton::Bacterial blight,Bacterial blight,2,1,train,,
/kaggle/input/datasets/dhamur/cotton-plant-disease/Cotton leaves/40 Images/Powdery mildew/random_crop_pil_constract_15.jpg,cotton,cotton::Powdery mildew,Powdery mildew,4,1,train,,
/kaggle/input/datasets/dhamur/cotton-plant-disease/Cotton leaves/40 Images/Aphids/vertical_flippil_color_39.jpg,cotton,cotton::Aphids,Aphids,0,1,train,,
/kaggle/input/datasets/dhamur/cotton-plant-disease/Cotton leaves/40 Images/Target spot/random_crop_36.jpg,cotton,cotton::Target spot,Target spot,5,1,train,,
/kaggle/input/datasets/dhamur/cotton-plant-disease/Cotton leaves/40 Images/Bacterial blight/rotate_zoom24.jpg,cotton,cotton::Bacterial blight,Bacterial blight,2,1,train,,
/kaggle/input/datasets/dhamur/cotton-plant-disease/Cotton leaves/40 Images/Target spot/random_crop_pil_constract_26.jpg,cotton,cotton::Target spot,Target spot,5,1,train,,
/kaggle/input/datasets/dhamur/cotton-plant-disease/Cotton leaves/40 Images/Target spot/random_crop_pil_constract_31.jpg,cotton,cotton::Target spot,Target spot,5,1,train,,
/kaggle/input/datasets/dhamur/cotton-plant-disease/Cotton leaves/40 Images/Powdery mildew/pil_brightness_23.jpg,cotton,cotton::Powdery mildew,Powdery mildew,4,1,train,,
/kaggle/input/datasets/dhamur/cotton-plant-disease/Cotton leaves/40 Images/Bacterial blight/vertical_flippil_constract_23.jpg,cotton,cotton::Bacterial blight,Bacterial blight,2,1,train,,
/kaggle/input/datasets/dhamur/cotton-plant-disease/Cotton leaves/40 Images/Healthy/pil_brightness_2.jpg,cotton,cotton::Healthy,Healthy,3,1,train,,
/kaggle/input/datasets/dhamur/cotton-plant-disease/Cotton leaves/40 Images/Healthy/random_crop_pil_constract_28.jpg,cotton,cotton::Healthy,Healthy,3,1,train,,
/kaggle/input/datasets/dhamur/cotton-plant-disease/Cotton leaves/40 Images/Target spot/vertical_flippil_brightness_6.jpg,cotton,cotton::Target spot,Target spot,5,1,train,,
/kaggle/working/exp02_robust_open_set/unknown_sources/cifar10/train/00080_d01414644746.png,cifar10,cifar10::d01414644746f1a5,Unclassified,6,0,train,object_vehicle,truck
/kaggle/input/datasets/dhamur/cotton-plant-disease/Cotton leaves/40 Images/Powdery mildew/rotate_zoompil_brightness_2.jpg,cotton,cotton::Powdery mildew,Powdery mildew,4,1,train,,
/kaggle/input/datasets/dhamur/cotton-plant-disease/Cotton leaves/40 Images/Aphids/rotate_zoom27.jpg,cotton,cotton::Aphids,Aphids,0,1,train,,
/kaggle/input/datasets/dhamur/cotton-plant-disease/Cotton leaves/40 Images/Army worm/random_translation_pil_color_38.jpg,cotton,cotton::Army worm,Army worm,1,1,train,,
/kaggle/working/exp02_robust_open_set/unknown_sources/cifar10/train/00088_ad7dcc4cf42f.png,cifar10,cifar10::ad7dcc4cf42ff377,Unclassified,6,0,train,animal,horse
/kaggle/input/datasets/dhamur/cotton-plant-disease/Cotton leaves/40 Images/Healthy/rotate_zoompil_sharpness_26.jpg,cotton,cotton::Healthy,Healthy,3,1,train,,
/kaggle/input/datasets/dhamur/cotton-plant-disease/Cotton leaves/40 Images/Target spot/rotate_zoompil_color_38.jpg,cotton,cotton::Target spot,Target spot,5,1,train,,
/kaggle/input/datasets/dhamur/cotton-plant-disease/Cotton leaves/40 Images/Healthy/pil_color_14.jpg,cotton,cotton::Healthy,Healthy,3,1,train,,
/kaggle/input/datasets/dhamur/cotton-plant-disease/Cotton leaves/40 Images/Powdery mildew/pil_color_29.jpg,cotton,cotton::Powdery mildew,Powdery mildew,4,1,train,,
/kaggle/input/datasets/dhamur/cotton-plant-disease/Cotton leaves/40 Images/Bacterial blight/pil_constract_36.jpg,cotton,cotton::Bacterial blight,Bacterial blight,2,1,train,,
/kaggle/input/datasets/dhamur/cotton-plant-disease/Cotton leaves/40 Images/Target spot/pil_brightness_5.jpg,cotton,cotton::Target spot,Target spot,5,1,train,,
/kaggle/input/datasets/dhamur/cotton-plant-disease/Cotton leaves/40 Images/Aphids/vertical_flippil_sharpness_16.jpg,cotton,cotton::Aphids,Aphids,0,1,train,,
/kaggle/working/exp02_robust_open_set/unknown_sources/cifar10/train/00628_fb7f0038680d.png,cifar10,cifar10::fb7f0038680ddfff,Unclassified,6,0,train,object_vehicle,airplane
/kaggle/input/datasets/dhamur/cotton-plant-disease/Cotton leaves/40 Images/Powdery mildew/rotate_zoompil_sharpness_11.jpg,cotton,cotton::Powdery mildew,Powdery mildew,4,1,train,,
/kaggle/input/datasets/dhamur/cotton-plant-disease/Cotton leaves/40 Images/Aphids/random_crop_pil_color_38.jpg,cotton,cotton::Aphids,Aphids,0,1,train,,
/kaggle/input/datasets/dhamur/cotton-plant-disease/Cotton leaves/40 Images/Powdery mildew/pil_constract_36.jpg,cotton,cotton::Powdery mildew,Powdery mildew,4,1,train,,
/kaggle/input/datasets/dhamur/cotton-plant-disease/Cotton leaves/40 Images/Bacterial blight/pil_color_32.jpg,cotton,cotton::Bacterial blight,Bacterial blight,2,1,train,,
/kaggle/input/datasets/dhamur/cotton-plant-disease/Cotton leaves/40 Images/Bacterial blight/random_crop_24.jpg,cotton,cotton::Bacterial blight,Bacterial blight,2,1,train,,
/kaggle/input/datasets/dhamur/cotton-plant-disease/Cotton leaves/40 Images/Bacterial blight/random_crop_32.jpg,cotton,cotton::Bacterial blight,Bacterial blight,2,1,train,,
/kaggle/working/exp02_robust_open_set/unknown_sources/cifar10/train/00471_f879277cba73.png,cifar10,cifar10::f879277cba732479,Unclassified,6,0,train,object_vehicle,ship
/kaggle/input/datasets/dhamur/cotton-plant-disease/Cotton leaves/40 Images/Army worm/pil_constract_10.jpg,cotton,cotton::Army worm,Army worm,1,1,train,,
/kaggle/input/datasets/dhamur/cotton-plant-disease/Cotton leaves/40 Images/Target spot/vertical_flippil_color_8.jpg,cotton,cotton::Target spot,Target spot,5,1,train,,
/kaggle/input/datasets/dhamur/cotton-plant-disease/Cotton leaves/40 Images/Target spot/rotate_zoompil_color_12.jpg,cotton,cotton::Target spot,Target spot,5,1,train,,
/kaggle/working/exp02_robust_open_set/unknown_sources/cifar10/train/00489_7b88787fca77.png,cifar10,cifar10::7b88787fca7750ee,Unclassified,6,0,train,object_vehicle,automobile
/kaggle/input/datasets/dhamur/cotton-plant-disease/Cotton leaves/40 Images/Target spot/rotate_zoompil_color_28.jpg,cotton,cotton::Target spot,Target spot,5,1,train,,
/kaggle/working/exp02_robust_open_set/unknown_sources/cifar10/train/00117_1cfd6bdc6716.png,cifar10,cifar10::1cfd6bdc6716ebdb,Unclassified,6,0,train,animal,dog
/kaggle/input/datasets/dhamur/cotton-plant-disease/Cotton leaves/40 Images/Powdery mildew/random_crop_19.jpg,cotton,cotton::Powdery mildew,Powdery mildew,4,1,train,,
/kaggle/input/datasets/dhamur/cotton-plant-disease/Cotton leaves/40 Images/Bacterial blight/random_crop_pil_constract_40.jpg,cotton,cotton::Bacterial blight,Bacterial blight,2,1,train,,
/kaggle/input/datasets/dhamur/cotton-plant-disease/Cotton leaves/40 Images/Aphids/rotate_zoompil_constract_24_.jpg,cotton,cotton::Aphids,Aphids,0,1,train,,
/kaggle/input/datasets/dhamur/cotton-plant-disease/Cotton leaves/40 Images/Army worm/random_translation_18.jpg,cotton,cotton::Army worm,Army worm,1,1,train,,
/kaggle/input/datasets/dhamur/cotton-plant-disease/Cotton leaves/40 Images/Bacterial blight/random_crop_pil_color_27.jpg,cotton,cotton::Bacterial blight,Bacterial blight,2,1,train,,
/kaggle/input/datasets/dhamur/cotton-plant-disease/Cotton leaves/40 Images/Healthy/pil_brightness_21.jpg,cotton,cotton::Healthy,Healthy,3,1,train,,
/kaggle/working/exp02_robust_open_set/unknown_sources/cifar10/train/00277_34b19177cc01.png,cifar10,cifar10::34b19177cc01f571,Unclassified,6,0,train,animal,dog
/kaggle/input/datasets/dhamur/cotton-plant-disease/Cotton leaves/40 Images/Aphids/vertical_flip2.jpg,cotton,cotton::Aphids,Aphids,0,1,train,,
/kaggle/input/datasets/dhamur/cotton-plant-disease/Cotton leaves/40 Images/Powdery mildew/random_crop_28.jpg,cotton,cotton::Powdery mildew,Powdery mildew,4,1,train,,
/kaggle/input/datasets/dhamur/cotton-plant-disease/Cotton leaves/40 Images/Healthy/vertical_flip21.jpg,cotton,cotton::Healthy,Healthy,3,1,train,,
/kaggle/input/datasets/dhamur/cotton-plant-disease/Cotton leaves/40 Images/Bacterial blight/vertical_flippil_sharpness_24.jpg,cotton,cotton::Bacterial blight,Bacterial blight,2,1,train,,
/kaggle/input/datasets/dhamur/cotton-plant-disease/Cotton leaves/40 Images/Aphids/random_crop_pil_color_28.jpg,cotton,cotton::Aphids,Aphids,0,1,train,,
/kaggle/input/datasets/dhamur/cotton-plant-disease/Cotton leaves/40 Images/Target spot/random_crop_pil_sharpness_6.jpg,cotton,cotton::Target spot,Target spot,5,1,train,,
/kaggle/input/datasets/dhamur/cotton-plant-disease/Cotton leaves/40 Images/Army worm/vertical_flippil_color_24.jpg,cotton,cotton::Army worm,Army worm,1,1,train,,
/kaggle/input/datasets/dhamur/cotton-plant-disease/Cotton leaves/40 Images/Aphids/random_crop_pil_color_11.jpg,cotton,cotton::Aphids,Aphids,0,1,train,,
/kaggle/input/datasets/dhamur/cotton-plant-disease/Cotton leaves/40 Images/Bacterial blight/37.jpg,cotton,cotton::Bacterial blight,Bacterial blight,2,1,train,,
/kaggle/input/datasets/dhamur/cotton-plant-disease/Cotton leaves/40 Images/Army worm/pil_color_9.jpg,cotton,cotton::Army worm,Army worm,1,1,train,,
/kaggle/input/datasets/dhamur/cotton-plant-disease/Cotton leaves/40 Images/Aphids/rotate_zoompil_sharpness_22_.jpg,cotton,cotton::Aphids,Aphids,0,1,train,,
/kaggle/input/datasets/dhamur/cotton-plant-disease/Cotton leaves/40 Images/Bacterial blight/rotate_zoompil_brightness_8.jpg,cotton,cotton::Bacterial blight,Bacterial blight,2,1,train,,
/kaggle/working/exp02_robust_open_set/unknown_sources/cifar10/train/00644_4af4dffa0c83.png,cifar10,cifar10::4af4dffa0c83e222,Unclassified,6,0,train,animal,dog
/kaggle/input/datasets/dhamur/cotton-plant-disease/Cotton leaves/40 Images/Bacterial blight/vertical_flippil_sharpness_30.jpg,cotton,cotton::Bacterial blight,Bacterial blight,2,1,train,,
/kaggle/working/exp02_robust_open_set/unknown_sources/cifar10/train/00778_bf5950a1a8d3.png,cifar10,cifar10::bf5950a1a8d3b599,Unclassified,6,0,train,animal,horse
/kaggle/input/datasets/dhamur/cotton-plant-disease/Cotton leaves/40 Images/Powdery mildew/pil_sharpness_31.jpg,cotton,cotton::Powdery mildew,Powdery mildew,4,1,train,,
/kaggle/working/exp02_robust_open_set/unknown_sources/cifar10/train/00206_0923a7c21cf5.png,cifar10,cifar10::0923a7c21cf57112,Unclassified,6,0,train,animal,cat
/kaggle/input/datasets/dhamur/cotton-plant-disease/Cotton leaves/40 Images/Target spot/20.jpg,cotton,cotton::Target spot,Target spot,5,1,train,,
/kaggle/input/datasets/dhamur/cotton-plant-disease/Cotton leaves/40 Images/Army worm/pil_constract_23.jpg,cotton,cotton::Army worm,Army worm,1,1,train,,
/kaggle/input/datasets/dhamur/cotton-plant-disease/Cotton leaves/40 Images/Bacterial blight/pil_sharpness_14.jpg,cotton,cotton::Bacterial blight,Bacterial blight,2,1,train,,
/kaggle/input/datasets/dhamur/cotton-plant-disease/Cotton leaves/40 Images/Aphids/random_crop_pil_constract_36.jpg,cotton,cotton::Aphids,Aphids,0,1,train,,
/kaggle/input/datasets/dhamur/cotton-plant-disease/Cotton leaves/40 Images/Army worm/rotate_zoompil_constract_35.jpg,cotton,cotton::Army worm,Army worm,1,1,train,,
/kaggle/working/exp02_robust_open_set/unknown_sources/cifar10/train/00473_c6c8a8064807.png,cifar10,cifar10::c6c8a806480762c6,Unclassified,6,0,train,animal,horse
/kaggle/input/datasets/dhamur/cotton-plant-disease/Cotton leaves/40 Images/Target spot/pil_color_20.jpg,cotton,cotton::Target spot,Target spot,5,1,train,,
/kaggle/input/datasets/dhamur/cotton-plant-disease/Cotton leaves/40 Images/Aphids/vertical_flippil_brightness_10.jpg,cotton,cotton::Aphids,Aphids,0,1,train,,
/kaggle/input/datasets/dhamur/cotton-plant-disease/Cotton leaves/40 Images/Army worm/rotate_zoompil_brightness_15.jpg,cotton,cotton::Army worm,Army worm,1,1,train,,
/kaggle/input/datasets/dhamur/cotton-plant-disease/Cotton leaves/40 Images/Target spot/vertical_flip31.jpg,cotton,cotton::Target spot,Target spot,5,1,train,,
/kaggle/input/datasets/dhamur/cotton-plant-disease/Cotton leaves/40 Images/Bacterial blight/pil_brightness_12.jpg,cotton,cotton::Bacterial blight,Bacterial blight,2,1,train,,
/kaggle/working/exp02_robust_open_set/unknown_sources/cifar10/train/00324_bae06b4e5741.png,cifar10,cifar10::bae06b4e57410fe8,Unclassified,6,0,train,animal,cat
/kaggle/input/datasets/dhamur/cotton-plant-disease/Cotton leaves/40 Images/Aphids/rotate_zoompil_brightness_23.jpg,cotton,cotton::Aphids,Aphids,0,1,train,,
/kaggle/input/datasets/dhamur/cotton-plant-disease/Cotton leaves/40 Images/Army worm/pil_constract_20.jpg,cotton,cotton::Army worm,Army worm,1,1,train,,
/kaggle/input/datasets/dhamur/cotton-plant-disease/Cotton leaves/40 Images/Target spot/pil_constract_18.jpg,cotton,cotton::Target spot,Target spot,5,1,train,,
/kaggle/working/exp02_robust_open_set/unknown_sources/cifar10/train/00163_3a23dd95c2b0.png,cifar10,cifar10::3a23dd95c2b03fab,Unclassified,6,0,train,animal,dog
/kaggle/input/datasets/dhamur/cotton-plant-disease/Cotton leaves/40 Images/Army worm/pil_constract_1.jpg,cotton,cotton::Army worm,Army worm,1,1,train,,
/kaggle/input/datasets/dhamur/cotton-plant-disease/Cotton leaves/40 Images/Bacterial blight/random_crop_1.jpg,cotton,cotton::Bacterial blight,Bacterial blight,2,1,train,,
/kaggle/input/datasets/dhamur/cotton-plant-disease/Cotton leaves/40 Images/Aphids/vertical_flip11.jpg,cotton,cotton::Aphids,Aphids,0,1,train,,
/kaggle/working/exp02_robust_open_set/unknown_sources/cifar10/train/00003_f87d345624ce.png,cifar10,cifar10::f87d345624ce9f82,Unclassified,6,0,train,animal,frog
/kaggle/input/datasets/dhamur/cotton-plant-disease/Cotton leaves/40 Images/Bacterial blight/rotate_zoompil_sharpness_5.jpg,cotton,cotton::Bacterial blight,Bacterial blight,2,1,train,,
/kaggle/input/datasets/dhamur/cotton-plant-disease/Cotton leaves/40 Images/Healthy/random_crop_pil_constract_27.jpg,cotton,cotton::Healthy,Healthy,3,1,train,,
/kaggle/input/datasets/dhamur/cotton-plant-disease/Cotton leaves/40 Images/Aphids/pil_color_18.jpg,cotton,cotton::Aphids,Aphids,0,1,train,,
/kaggle/input/datasets/dhamur/cotton-plant-disease/Cotton leaves/40 Images/Aphids/pil_color_16.jpg,cotton,cotton::Aphids,Aphids,0,1,train,,
/kaggle/input/datasets/dhamur/cotton-plant-disease/Cotton leaves/40 Images/Powdery mildew/rotate_zoompil_sharpness_14.jpg,cotton,cotton::Powdery mildew,Powdery mildew,4,1,train,,
/kaggle/input/datasets/dhamur/cotton-plant-disease/Cotton leaves/40 Images/Target spot/rotate_zoompil_color_35.jpg,cotton,cotton::Target spot,Target spot,5,1,train,,
/kaggle/input/datasets/dhamur/cotton-plant-disease/Cotton leaves/40 Images/Powdery mildew/rotate_zoompil_sharpness_25.jpg,cotton,cotton::Powdery mildew,Powdery mildew,4,1,train,,
/kaggle/input/datasets/dhamur/cotton-plant-disease/Cotton leaves/40 Images/Bacterial blight/rotate_zoompil_constract_33.jpg,cotton,cotton::Bacterial blight,Bacterial blight,2,1,train,,
/kaggle/input/datasets/dhamur/cotton-plant-disease/Cotton leaves/40 Images/Army worm/pil_color_17.jpg,cotton,cotton::Army worm,Army worm,1,1,train,,
/kaggle/input/datasets/dhamur/cotton-plant-disease/Cotton leaves/40 Images/Powdery mildew/rotate_zoompil_color_32.jpg,cotton,cotton::Powdery mildew,Powdery mildew,4,1,train,,
/kaggle/input/datasets/dhamur/cotton-plant-disease/Cotton leaves/40 Images/Healthy/vertical_flippil_color_34.jpg,cotton,cotton::Healthy,Healthy,3,1,train,,
/kaggle/working/exp02_robust_open_set/unknown_sources/cifar10/train/00305_42f798d79f8d.png,cifar10,cifar10::42f798d79f8df3b1,Unclassified,6,0,train,animal,bird
/kaggle/input/datasets/dhamur/cotton-plant-disease/Cotton leaves/40 Images/Target spot/rotate_zoompil_brightness_40.jpg,cotton,cotton::Target spot,Target spot,5,1,train,,
/kaggle/input/datasets/dhamur/cotton-plant-disease/Cotton leaves/40 Images/Target spot/vertical_flip23.jpg,cotton,cotton::Target spot,Target spot,5,1,train,,
/kaggle/working/exp02_robust_open_set/unknown_sources/cifar10/train/00518_2b572c043122.png,cifar10,cifar10::2b572c0431228319,Unclassified,6,0,train,animal,bird
/kaggle/input/datasets/dhamur/cotton-plant-disease/Cotton leaves/40 Images/Bacterial blight/rotate_zoompil_sharpness_26.jpg,cotton,cotton::Bacterial blight,Bacterial blight,2,1,train,,
/kaggle/input/datasets/dhamur/cotton-plant-disease/Cotton leaves/40 Images/Bacterial blight/random_crop_pil_constract_22.jpg,cotton,cotton::Bacterial blight,Bacterial blight,2,1,train,,
/kaggle/input/datasets/dhamur/cotton-plant-disease/Cotton leaves/40 Images/Target spot/rotate_zoompil_color_15.jpg,cotton,cotton::Target spot,Target spot,5,1,train,,
/kaggle/input/datasets/dhamur/cotton-plant-disease/Cotton leaves/40 Images/Target spot/pil_sharpness_36.jpg,cotton,cotton::Target spot,Target spot,5,1,train,,
/kaggle/input/datasets/dhamur/cotton-plant-disease/Cotton leaves/40 Images/Aphids/pil_sharpness_2.jpg,cotton,cotton::Aphids,Aphids,0,1,train,,
/kaggle/input/datasets/dhamur/cotton-plant-disease/Cotton leaves/40 Images/Bacterial blight/rotate_zoompil_brightness_13.jpg,cotton,cotton::Bacterial blight,Bacterial blight,2,1,train,,
/kaggle/input/datasets/dhamur/cotton-plant-disease/Cotton leaves/40 Images/Healthy/rotate_zoompil_brightness_40.jpg,cotton,cotton::Healthy,Healthy,3,1,train,,
/kaggle/input/datasets/dhamur/cotton-plant-disease/Cotton leaves/40 Images/Healthy/vertical_flippil_brightness_25.jpg,cotton,cotton::Healthy,Healthy,3,1,train,,
/kaggle/input/datasets/dhamur/cotton-plant-disease/Cotton leaves/40 Images/Aphids/vertical_flippil_brightness_26.jpg,cotton,cotton::Aphids,Aphids,0,1,train,,
/kaggle/input/datasets/dhamur/cotton-plant-disease/Cotton leaves/40 Images/Aphids/vertical_flippil_constract_15.jpg,cotton,cotton::Aphids,Aphids,0,1,train,,
/kaggle/input/datasets/dhamur/cotton-plant-disease/Cotton leaves/40 Images/Army worm/rotate_zoom16.jpg,cotton,cotton::Army worm,Army worm,1,1,train,,
/kaggle/input/datasets/dhamur/cotton-plant-disease/Cotton leaves/40 Images/Healthy/25.jpg,cotton,cotton::Healthy,Healthy,3,1,train,,
/kaggle/input/datasets/dhamur/cotton-plant-disease/Cotton leaves/40 Images/Healthy/random_crop_pil_color_29.jpg,cotton,cotton::Healthy,Healthy,3,1,train,,
/kaggle/input/datasets/dhamur/cotton-plant-disease/Cotton leaves/40 Images/Army worm/vertical_flip30.jpg,cotton,cotton::Army worm,Army worm,1,1,train,,
/kaggle/input/datasets/dhamur/cotton-plant-disease/Cotton leaves/40 Images/Aphids/vertical_flippil_brightness_25.jpg,cotton,cotton::Aphids,Aphids,0,1,train,,
/kaggle/input/datasets/dhamur/cotton-plant-disease/Cotton leaves/40 Images/Powdery mildew/pil_brightness_7.jpg,cotton,cotton::Powdery mildew,Powdery mildew,4,1,train,,
/kaggle/working/exp02_robust_open_set/unknown_sources/cifar10/train/00347_e952c5e438c8.png,cifar10,cifar10::e952c5e438c8bf2c,Unclassified,6,0,train,animal,deer
/kaggle/input/datasets/dhamur/cotton-plant-disease/Cotton leaves/40 Images/Target spot/vertical_flippil_constract_24.jpg,cotton,cotton::Target spot,Target spot,5,1,train,,
/kaggle/input/datasets/dhamur/cotton-plant-disease/Cotton leaves/40 Images/Healthy/vertical_flip4.jpg,cotton,cotton::Healthy,Healthy,3,1,train,,
/kaggle/input/datasets/dhamur/cotton-plant-disease/Cotton leaves/40 Images/Target spot/rotate_zoompil_constract_24.jpg,cotton,cotton::Target spot,Target spot,5,1,train,,
/kaggle/input/datasets/dhamur/cotton-plant-disease/Cotton leaves/40 Images/Powdery mildew/random_crop_pil_sharpness_35.jpg,cotton,cotton::Powdery mildew,Powdery mildew,4,1,train,,
/kaggle/input/datasets/dhamur/cotton-plant-disease/Cotton leaves/40 Images/Healthy/pil_color_5.jpg,cotton,cotton::Healthy,Healthy,3,1,train,,
/kaggle/input/datasets/dhamur/cotton-plant-disease/Cotton leaves/40 Images/Bacterial blight/pil_sharpness_19.jpg,cotton,cotton::Bacterial blight,Bacterial blight,2,1,train,,
/kaggle/input/datasets/dhamur/cotton-plant-disease/Cotton leaves/40 Images/Army worm/pil_sharpness_14.jpg,cotton,cotton::Army worm,Army worm,1,1,train,,
/kaggle/input/datasets/dhamur/cotton-plant-disease/Cotton leaves/40 Images/Target spot/pil_brightness_8.jpg,cotton,cotton::Target spot,Target spot,5,1,train,,
/kaggle/input/datasets/dhamur/cotton-plant-disease/Cotton leaves/40 Images/Healthy/rotate_zoompil_brightness_35.jpg,cotton,cotton::Healthy,Healthy,3,1,train,,
/kaggle/input/datasets/dhamur/cotton-plant-disease/Cotton leaves/40 Images/Aphids/rotate_zoompil_sharpness_14.jpg,cotton,cotton::Aphids,Aphids,0,1,train,,
/kaggle/input/datasets/dhamur/cotton-plant-disease/Cotton leaves/40 Images/Powdery mildew/pil_brightness_29.jpg,cotton,cotton::Powdery mildew,Powdery mildew,4,1,train,,
/kaggle/input/datasets/dhamur/cotton-plant-disease/Cotton leaves/40 Images/Army worm/vertical_flippil_color_23.jpg,cotton,cotton::Army worm,Army worm,1,1,train,,
/kaggle/input/datasets/dhamur/cotton-plant-disease/Cotton leaves/40 Images/Bacterial blight/pil_brightness_35.jpg,cotton,cotton::Bacterial blight,Bacterial blight,2,1,train,,
/kaggle/input/datasets/dhamur/cotton-plant-disease/Cotton leaves/40 Images/Aphids/rotate_zoompil_brightness_38.jpg,cotton,cotton::Aphids,Aphids,0,1,train,,
/kaggle/input/datasets/dhamur/cotton-plant-disease/Cotton leaves/40 Images/Army worm/pil_sharpness_9.jpg,cotton,cotton::Army worm,Army worm,1,1,train,,
/kaggle/input/datasets/dhamur/cotton-plant-disease/Cotton leaves/40 Images/Healthy/rotate_zoompil_constract_6.jpg,cotton,cotton::Healthy,Healthy,3,1,train,,
/kaggle/working/exp02_robust_open_set/unknown_sources/cifar10/train/00647_e26d06eb2437.png,cifar10,cifar10::e26d06eb2437e100,Unclassified,6,0,train,animal,dog
/kaggle/input/datasets/dhamur/cotton-plant-disease/Cotton leaves/40 Images/Powdery mildew/pil_color_24.jpg,cotton,cotton::Powdery mildew,Powdery mildew,4,1,train,,
/kaggle/input/datasets/dhamur/cotton-plant-disease/Cotton leaves/40 Images/Army worm/rotate_zoompil_color_6.jpg,cotton,cotton::Army worm,Army worm,1,1,train,,
/kaggle/input/datasets/dhamur/cotton-plant-disease/Cotton leaves/40 Images/Bacterial blight/pil_sharpness_34.jpg,cotton,cotton::Bacterial blight,Bacterial blight,2,1,train,,
/kaggle/input/datasets/dhamur/cotton-plant-disease/Cotton leaves/40 Images/Army worm/vertical_flippil_constract_1.jpg,cotton,cotton::Army worm,Army worm,1,1,train,,
/kaggle/input/datasets/dhamur/cotton-plant-disease/Cotton leaves/40 Images/Aphids/random_crop_6.jpg,cotton,cotton::Aphids,Aphids,0,1,train,,
/kaggle/input/datasets/dhamur/cotton-plant-disease/Cotton leaves/40 Images/Bacterial blight/random_crop_pil_constract_29.jpg,cotton,cotton::Bacterial blight,Bacterial blight,2,1,train,,
/kaggle/input/datasets/dhamur/cotton-plant-disease/Cotton leaves/40 Images/Powdery mildew/vertical_flippil_sharpness_24.jpg,cotton,cotton::Powdery mildew,Powdery mildew,4,1,train,,
/kaggle/input/datasets/dhamur/cotton-plant-disease/Cotton leaves/40 Images/Bacterial blight/rotate_zoompil_sharpness_35.jpg,cotton,cotton::Bacterial blight,Bacterial blight,2,1,train,,
/kaggle/input/datasets/dhamur/cotton-plant-disease/Cotton leaves/40 Images/Bacterial blight/random_crop_pil_brightness_36.jpg,cotton,cotton::Bacterial blight,Bacterial blight,2,1,train,,
/kaggle/input/datasets/dhamur/cotton-plant-disease/Cotton leaves/40 Images/Bacterial blight/rotate_zoompil_constract_20.jpg,cotton,cotton::Bacterial blight,Bacterial blight,2,1,train,,
/kaggle/input/datasets/dhamur/cotton-plant-disease/Cotton leaves/40 Images/Army worm/rotate_zoompil_constract_27.jpg,cotton,cotton::Army worm,Army worm,1,1,train,,
/kaggle/input/datasets/dhamur/cotton-plant-disease/Cotton leaves/40 Images/Aphids/vertical_flippil_constract_19.jpg,cotton,cotton::Aphids,Aphids,0,1,train,,
/kaggle/input/datasets/dhamur/cotton-plant-disease/Cotton leaves/40 Images/Healthy/pil_sharpness_16.jpg,cotton,cotton::Healthy,Healthy,3,1,train,,
/kaggle/working/exp02_robust_open_set/unknown_sources/cifar10/train/00446_d27fccc02a39.png,cifar10,cifar10::d27fccc02a39ea2a,Unclassified,6,0,train,object_vehicle,airplane
/kaggle/working/exp02_robust_open_set/unknown_sources/cifar10/train/00224_08bc0d446b5d.png,cifar10,cifar10::08bc0d446b5dbdef,Unclassified,6,0,train,animal,frog
/kaggle/input/datasets/dhamur/cotton-plant-disease/Cotton leaves/40 Images/Target spot/rotate_zoom33.jpg,cotton,cotton::Target spot,Target spot,5,1,train,,
/kaggle/input/datasets/dhamur/cotton-plant-disease/Cotton leaves/40 Images/Powdery mildew/random_crop_pil_constract_6.jpg,cotton,cotton::Powdery mildew,Powdery mildew,4,1,train,,
/kaggle/input/datasets/dhamur/cotton-plant-disease/Cotton leaves/40 Images/Powdery mildew/vertical_flippil_constract_31.jpg,cotton,cotton::Powdery mildew,Powdery mildew,4,1,train,,
/kaggle/input/datasets/dhamur/cotton-plant-disease/Cotton leaves/40 Images/Target spot/rotate_zoompil_constract_18.jpg,cotton,cotton::Target spot,Target spot,5,1,train,,
/kaggle/input/datasets/dhamur/cotton-plant-disease/Cotton leaves/40 Images/Healthy/random_crop_pil_brightness_15.jpg,cotton,cotton::Healthy,Healthy,3,1,train,,
/kaggle/input/datasets/dhamur/cotton-plant-disease/Cotton leaves/40 Images/Bacterial blight/pil_brightness_32.jpg,cotton,cotton::Bacterial blight,Bacterial blight,2,1,train,,
/kaggle/input/datasets/dhamur/cotton-plant-disease/Cotton leaves/40 Images/Army worm/rotate_zoom5.jpg,cotton,cotton::Army worm,Army worm,1,1,train,,
/kaggle/input/datasets/dhamur/cotton-plant-disease/Cotton leaves/40 Images/Bacterial blight/vertical_flippil_color_22.jpg,cotton,cotton::Bacterial blight,Bacterial blight,2,1,train,,
/kaggle/input/datasets/dhamur/cotton-plant-disease/Cotton leaves/40 Images/Bacterial blight/random_crop_2.jpg,cotton,cotton::Bacterial blight,Bacterial blight,2,1,train,,
/kaggle/working/exp02_robust_open_set/unknown_sources/cifar10/train/00008_59e163c5909a.png,cifar10,cifar10::59e163c5909a5369,Unclassified,6,0,train,object_vehicle,ship
/kaggle/working/exp02_robust_open_set/unknown_sources/cifar10/train/00118_73403c8799a6.png,cifar10,cifar10::73403c8799a60fe3,Unclassified,6,0,train,animal,deer
/kaggle/input/datasets/dhamur/cotton-plant-disease/Cotton leaves/40 Images/Aphids/pil_sharpness_6.jpg,cotton,cotton::Aphids,Aphids,0,1,train,,
/kaggle/input/datasets/dhamur/cotton-plant-disease/Cotton leaves/40 Images/Powdery mildew/random_crop_pil_constract_12.jpg,cotton,cotton::Powdery mildew,Powdery mildew,4,1,train,,
/kaggle/input/datasets/dhamur/cotton-plant-disease/Cotton leaves/40 Images/Powdery mildew/rotate_zoompil_color_30.jpg,cotton,cotton::Powdery mildew,Powdery mildew,4,1,train,,
/kaggle/working/exp02_robust_open_set/unknown_sources/cifar10/train/00511_86d1edb1760c.png,cifar10,cifar10::86d1edb1760c1a5a,Unclassified,6,0,train,animal,horse
/kaggle/input/datasets/dhamur/cotton-plant-disease/Cotton leaves/40 Images/Healthy/random_crop_pil_color_19.jpg,cotton,cotton::Healthy,Healthy,3,1,train,,
/kaggle/input/datasets/dhamur/cotton-plant-disease/Cotton leaves/40 Images/Healthy/vertical_flippil_sharpness_6.jpg,cotton,cotton::Healthy,Healthy,3,1,train,,
/kaggle/working/exp02_robust_open_set/unknown_sources/cifar10/train/00010_f341f78cf148.png,cifar10,cifar10::f341f78cf1485040,Unclassified,6,0,train,object_vehicle,airplane
/kaggle/input/datasets/dhamur/cotton-plant-disease/Cotton leaves/40 Images/Powdery mildew/vertical_flippil_sharpness_36.jpg,cotton,cotton::Powdery mildew,Powdery mildew,4,1,train,,
/kaggle/input/datasets/dhamur/cotton-plant-disease/Cotton leaves/40 Images/Target spot/rotate_zoom15.jpg,cotton,cotton::Target spot,Target spot,5,1,train,,
/kaggle/working/exp02_robust_open_set/unknown_sources/cifar10/train/00132_05b595a76a9d.png,cifar10,cifar10::05b595a76a9daac4,Unclassified,6,0,train,animal,frog
/kaggle/input/datasets/dhamur/cotton-plant-disease/Cotton leaves/40 Images/Bacterial blight/random_crop_pil_constract_15.jpg,cotton,cotton::Bacterial blight,Bacterial blight,2,1,train,,
/kaggle/input/datasets/dhamur/cotton-plant-disease/Cotton leaves/40 Images/Army worm/random_translation_pil_color_28.jpg,cotton,cotton::Army worm,Army worm,1,1,train,,
/kaggle/input/datasets/dhamur/cotton-plant-disease/Cotton leaves/40 Images/Aphids/rotate_zoom11.jpg,cotton,cotton::Aphids,Aphids,0,1,train,,
/kaggle/working/exp02_robust_open_set/unknown_sources/cifar10/train/00169_e55a2f1ce3bf.png,cifar10,cifar10::e55a2f1ce3bf34d4,Unclassified,6,0,train,animal,deer
/kaggle/input/datasets/dhamur/cotton-plant-disease/Cotton leaves/40 Images/Aphids/random_crop_pil_color_33.jpg,cotton,cotton::Aphids,Aphids,0,1,train,,
/kaggle/working/exp02_robust_open_set/unknown_sources/cifar10/train/00107_d8faee7bfb4e.png,cifar10,cifar10::d8faee7bfb4e500a,Unclassified,6,0,train,animal,bird
/kaggle/input/datasets/dhamur/cotton-plant-disease/Cotton leaves/40 Images/Healthy/rotate_zoompil_brightness_14.jpg,cotton,cotton::Healthy,Healthy,3,1,train,,
/kaggle/input/datasets/dhamur/cotton-plant-disease/Cotton leaves/40 Images/Bacterial blight/pil_constract_25.jpg,cotton,cotton::Bacterial blight,Bacterial blight,2,1,train,,
/kaggle/input/datasets/dhamur/cotton-plant-disease/Cotton leaves/40 Images/Army worm/vertical_flippil_brightness_37.jpg,cotton,cotton::Army worm,Army worm,1,1,train,,
/kaggle/input/datasets/dhamur/cotton-plant-disease/Cotton leaves/40 Images/Target spot/pil_brightness_3.jpg,cotton,cotton::Target spot,Target spot,5,1,train,,
/kaggle/input/datasets/dhamur/cotton-plant-disease/Cotton leaves/40 Images/Bacterial blight/rotate_zoompil_brightness_31.jpg,cotton,cotton::Bacterial blight,Bacterial blight,2,1,train,,
/kaggle/working/exp02_robust_open_set/unknown_sources/cifar10/train/00212_24546c9028d4.png,cifar10,cifar10::24546c9028d40ba5,Unclassified,6,0,train,animal,dog
/kaggle/input/datasets/dhamur/cotton-plant-disease/Cotton leaves/40 Images/Bacterial blight/vertical_flippil_brightness_6.jpg,cotton,cotton::Bacterial blight,Bacterial blight,2,1,train,,
/kaggle/working/exp02_robust_open_set/unknown_sources/cifar10/train/00158_3f450171a408.png,cifar10,cifar10::3f450171a408a176,Unclassified,6,0,train,animal,dog
/kaggle/input/datasets/dhamur/cotton-plant-disease/Cotton leaves/40 Images/Aphids/random_crop_pil_sharpness_38.jpg,cotton,cotton::Aphids,Aphids,0,1,train,,
/kaggle/input/datasets/dhamur/cotton-plant-disease/Cotton leaves/40 Images/Aphids/vertical_flippil_brightness_13.jpg,cotton,cotton::Aphids,Aphids,0,1,train,,
/kaggle/input/datasets/dhamur/cotton-plant-disease/Cotton leaves/40 Images/Powdery mildew/rotate_zoompil_sharpness_24.jpg,cotton,cotton::Powdery mildew,Powdery mildew,4,1,train,,
/kaggle/input/datasets/dhamur/cotton-plant-disease/Cotton leaves/40 Images/Aphids/pil_brightness_25.jpg,cotton,cotton::Aphids,Aphids,0,1,train,,
/kaggle/input/datasets/dhamur/cotton-plant-disease/Cotton leaves/40 Images/Powdery mildew/random_crop_4.jpg,cotton,cotton::Powdery mildew,Powdery mildew,4,1,train,,
/kaggle/input/datasets/dhamur/cotton-plant-disease/Cotton leaves/40 Images/Powdery mildew/rotate_zoompil_constract_34.jpg,cotton,cotton::Powdery mildew,Powdery mildew,4,1,train,,
/kaggle/working/exp02_robust_open_set/unknown_sources/cifar10/train/00743_3de391e04462.png,cifar10,cifar10::3de391e044624e6e,Unclassified,6,0,train,animal,cat
/kaggle/input/datasets/dhamur/cotton-plant-disease/Cotton leaves/40 Images/Army worm/vertical_flip31.jpg,cotton,cotton::Army worm,Army worm,1,1,train,,
/kaggle/input/datasets/dhamur/cotton-plant-disease/Cotton leaves/40 Images/Aphids/pil_color_8.jpg,cotton,cotton::Aphids,Aphids,0,1,train,,
/kaggle/working/exp02_robust_open_set/unknown_sources/cifar10/train/00524_7d7ffb4a3ace.png,cifar10,cifar10::7d7ffb4a3ace9a37,Unclassified,6,0,train,animal,cat
/kaggle/input/datasets/dhamur/cotton-plant-disease/Cotton leaves/40 Images/Bacterial blight/random_crop_pil_sharpness_5.jpg,cotton,cotton::Bacterial blight,Bacterial blight,2,1,train,,
/kaggle/input/datasets/dhamur/cotton-plant-disease/Cotton leaves/40 Images/Bacterial blight/vertical_flippil_brightness_22.jpg,cotton,cotton::Bacterial blight,Bacterial blight,2,1,train,,
/kaggle/input/datasets/dhamur/cotton-plant-disease/Cotton leaves/40 Images/Aphids/vertical_flippil_constract_27.jpg,cotton,cotton::Aphids,Aphids,0,1,train,,
/kaggle/input/datasets/dhamur/cotton-plant-disease/Cotton leaves/40 Images/Bacterial blight/rotate_zoom25.jpg,cotton,cotton::Bacterial blight,Bacterial blight,2,1,train,,
/kaggle/input/datasets/dhamur/cotton-plant-disease/Cotton leaves/40 Images/Bacterial blight/random_crop_pil_sharpness_26.jpg,cotton,cotton::Bacterial blight,Bacterial blight,2,1,train,,
/kaggle/input/datasets/dhamur/cotton-plant-disease/Cotton leaves/40 Images/Powdery mildew/vertical_flippil_color_14.jpg,cotton,cotton::Powdery mildew,Powdery mildew,4,1,train,,
/kaggle/working/exp02_robust_open_set/unknown_sources/cifar10/train/00603_1a97f4d01f81.png,cifar10,cifar10::1a97f4d01f814013,Unclassified,6,0,train,animal,deer
/kaggle/input/datasets/dhamur/cotton-plant-disease/Cotton leaves/40 Images/Target spot/vertical_flippil_color_7.jpg,cotton,cotton::Target spot,Target spot,5,1,train,,
/kaggle/working/exp02_robust_open_set/unknown_sources/cifar10/train/00691_e69e955659e1.png,cifar10,cifar10::e69e955659e125f7,Unclassified,6,0,train,object_vehicle,airplane
/kaggle/input/datasets/dhamur/cotton-plant-disease/Cotton leaves/40 Images/Powdery mildew/vertical_flippil_constract_30.jpg,cotton,cotton::Powdery mildew,Powdery mildew,4,1,train,,
/kaggle/input/datasets/dhamur/cotton-plant-disease/Cotton leaves/40 Images/Army worm/rotate_zoom2.jpg,cotton,cotton::Army worm,Army worm,1,1,train,,
/kaggle/input/datasets/dhamur/cotton-plant-disease/Cotton leaves/40 Images/Healthy/random_crop_pil_sharpness_29.jpg,cotton,cotton::Healthy,Healthy,3,1,train,,
/kaggle/input/datasets/dhamur/cotton-plant-disease/Cotton leaves/40 Images/Bacterial blight/rotate_zoompil_color_2.jpg,cotton,cotton::Bacterial blight,Bacterial blight,2,1,train,,
/kaggle/working/exp02_robust_open_set/unknown_sources/cifar10/train/00308_f19bf4160c29.png,cifar10,cifar10::f19bf4160c2970aa,Unclassified,6,0,train,animal,horse
/kaggle/input/datasets/dhamur/cotton-plant-disease/Cotton leaves/40 Images/Army worm/vertical_flip4.jpg,cotton,cotton::Army worm,Army worm,1,1,train,,
/kaggle/input/datasets/dhamur/cotton-plant-disease/Cotton leaves/40 Images/Army worm/rotate_zoom40.jpg,cotton,cotton::Army worm,Army worm,1,1,train,,
/kaggle/input/datasets/dhamur/cotton-plant-disease/Cotton leaves/40 Images/Target spot/rotate_zoom12.jpg,cotton,cotton::Target spot,Target spot,5,1,train,,
/kaggle/input/datasets/dhamur/cotton-plant-disease/Cotton leaves/40 Images/Healthy/pil_color_30.jpg,cotton,cotton::Healthy,Healthy,3,1,train,,
/kaggle/input/datasets/dhamur/cotton-plant-disease/Cotton leaves/40 Images/Bacterial blight/rotate_zoompil_sharpness_27.jpg,cotton,cotton::Bacterial blight,Bacterial blight,2,1,train,,
/kaggle/input/datasets/dhamur/cotton-plant-disease/Cotton leaves/40 Images/Army worm/rotate_zoompil_brightness_10.jpg,cotton,cotton::Army worm,Army worm,1,1,train,,
/kaggle/input/datasets/dhamur/cotton-plant-disease/Cotton leaves/40 Images/Bacterial blight/vertical_flip35.jpg,cotton,cotton::Bacterial blight,Bacterial blight,2,1,train,,
/kaggle/input/datasets/dhamur/cotton-plant-disease/Cotton leaves/40 Images/Aphids/rotate_zoompil_constract_18.jpg,cotton,cotton::Aphids,Aphids,0,1,train,,
/kaggle/input/datasets/dhamur/cotton-plant-disease/Cotton leaves/40 Images/Army worm/rotate_zoom11.jpg,cotton,cotton::Army worm,Army worm,1,1,train,,
/kaggle/input/datasets/dhamur/cotton-plant-disease/Cotton leaves/40 Images/Healthy/random_crop_pil_sharpness_15.jpg,cotton,cotton::Healthy,Healthy,3,1,train,,
/kaggle/input/datasets/dhamur/cotton-plant-disease/Cotton leaves/40 Images/Healthy/pil_sharpness_39.jpg,cotton,cotton::Healthy,Healthy,3,1,train,,
/kaggle/working/exp02_robust_open_set/unknown_sources/cifar10/train/00038_5e1d0f1333b5.png,cifar10,cifar10::5e1d0f1333b536f2,Unclassified,6,0,train,animal,deer
/kaggle/input/datasets/dhamur/cotton-plant-disease/Cotton leaves/40 Images/Bacterial blight/random_crop_pil_constract_28.jpg,cotton,cotton::Bacterial blight,Bacterial blight,2,1,train,,
/kaggle/input/datasets/dhamur/cotton-plant-disease/Cotton leaves/40 Images/Army worm/pil_constract_32.jpg,cotton,cotton::Army worm,Army worm,1,1,train,,
/kaggle/input/datasets/dhamur/cotton-plant-disease/Cotton leaves/40 Images/Army worm/pil_brightness_40.jpg,cotton,cotton::Army worm,Army worm,1,1,train,,
/kaggle/input/datasets/dhamur/cotton-plant-disease/Cotton leaves/40 Images/Bacterial blight/random_crop_pil_color_26.jpg,cotton,cotton::Bacterial blight,Bacterial blight,2,1,train,,
/kaggle/input/datasets/dhamur/cotton-plant-disease/Cotton leaves/40 Images/Target spot/vertical_flippil_color_35.jpg,cotton,cotton::Target spot,Target spot,5,1,train,,
/kaggle/input/datasets/dhamur/cotton-plant-disease/Cotton leaves/40 Images/Aphids/random_crop_pil_color_7.jpg,cotton,cotton::Aphids,Aphids,0,1,train,,
/kaggle/input/datasets/dhamur/cotton-plant-disease/Cotton leaves/40 Images/Powdery mildew/pil_sharpness_27.jpg,cotton,cotton::Powdery mildew,Powdery mildew,4,1,train,,
/kaggle/input/datasets/dhamur/cotton-plant-disease/Cotton leaves/40 Images/Healthy/random_crop_pil_sharpness_11.jpg,cotton,cotton::Healthy,Healthy,3,1,train,,
/kaggle/input/datasets/dhamur/cotton-plant-disease/Cotton leaves/40 Images/Target spot/random_crop_pil_brightness_5.jpg,cotton,cotton::Target spot,Target spot,5,1,train,,
/kaggle/input/datasets/dhamur/cotton-plant-disease/Cotton leaves/40 Images/Bacterial blight/random_crop_pil_sharpness_16.jpg,cotton,cotton::Bacterial blight,Bacterial blight,2,1,train,,
/kaggle/working/exp02_robust_open_set/unknown_sources/cifar10/train/00542_6e1d6c95a5b1.png,cifar10,cifar10::6e1d6c95a5b1028c,Unclassified,6,0,train,object_vehicle,automobile
/kaggle/input/datasets/dhamur/cotton-plant-disease/Cotton leaves/40 Images/Army worm/rotate_zoompil_constract_26.jpg,cotton,cotton::Army worm,Army worm,1,1,train,,
/kaggle/input/datasets/dhamur/cotton-plant-disease/Cotton leaves/40 Images/Target spot/vertical_flippil_sharpness_3.jpg,cotton,cotton::Target spot,Target spot,5,1,train,,
/kaggle/input/datasets/dhamur/cotton-plant-disease/Cotton leaves/40 Images/Powdery mildew/rotate_zoom23.jpg,cotton,cotton::Powdery mildew,Powdery mildew,4,1,train,,
/kaggle/input/datasets/dhamur/cotton-plant-disease/Cotton leaves/40 Images/Bacterial blight/vertical_flip2.jpg,cotton,cotton::Bacterial blight,Bacterial blight,2,1,train,,
/kaggle/input/datasets/dhamur/cotton-plant-disease/Cotton leaves/40 Images/Target spot/vertical_flippil_sharpness_27.jpg,cotton,cotton::Target spot,Target spot,5,1,train,,
/kaggle/working/exp02_robust_open_set/unknown_sources/cifar10/train/00043_9fbe09ec12a7.png,cifar10,cifar10::9fbe09ec12a711d1,Unclassified,6,0,train,animal,bird
/kaggle/working/exp02_robust_open_set/unknown_sources/cifar10/train/00104_c0d881b8b0d4.png,cifar10,cifar10::c0d881b8b0d4d1dc,Unclassified,6,0,train,object_vehicle,ship
/kaggle/input/datasets/dhamur/cotton-plant-disease/Cotton leaves/40 Images/Bacterial blight/rotate_zoompil_color_9.jpg,cotton,cotton::Bacterial blight,Bacterial blight,2,1,train,,
/kaggle/input/datasets/dhamur/cotton-plant-disease/Cotton leaves/40 Images/Army worm/rotate_zoompil_brightness_9.jpg,cotton,cotton::Army worm,Army worm,1,1,train,,
/kaggle/input/datasets/dhamur/cotton-plant-disease/Cotton leaves/40 Images/Healthy/rotate_zoom2.jpg,cotton,cotton::Healthy,Healthy,3,1,train,,
/kaggle/input/datasets/dhamur/cotton-plant-disease/Cotton leaves/40 Images/Aphids/random_crop_pil_sharpness_11.jpg,cotton,cotton::Aphids,Aphids,0,1,train,,
/kaggle/input/datasets/dhamur/cotton-plant-disease/Cotton leaves/40 Images/Healthy/rotate_zoompil_sharpness_12.jpg,cotton,cotton::Healthy,Healthy,3,1,train,,
/kaggle/input/datasets/dhamur/cotton-plant-disease/Cotton leaves/40 Images/Powdery mildew/rotate_zoompil_constract_39.jpg,cotton,cotton::Powdery mildew,Powdery mildew,4,1,train,,
/kaggle/input/datasets/dhamur/cotton-plant-disease/Cotton leaves/40 Images/Healthy/rotate_zoompil_color_8.jpg,cotton,cotton::Healthy,Healthy,3,1,train,,
/kaggle/input/datasets/dhamur/cotton-plant-disease/Cotton leaves/40 Images/Aphids/vertical_flippil_constract_39.jpg,cotton,cotton::Aphids,Aphids,0,1,train,,
/kaggle/input/datasets/dhamur/cotton-plant-disease/Cotton leaves/40 Images/Powdery mildew/pil_brightness_12.jpg,cotton,cotton::Powdery mildew,Powdery mildew,4,1,train,,
/kaggle/input/datasets/dhamur/cotton-plant-disease/Cotton leaves/40 Images/Army worm/pil_brightness_1.jpg,cotton,cotton::Army worm,Army worm,1,1,train,,
/kaggle/input/datasets/dhamur/cotton-plant-disease/Cotton leaves/40 Images/Bacterial blight/pil_constract_40.jpg,cotton,cotton::Bacterial blight,Bacterial blight,2,1,train,,
/kaggle/input/datasets/dhamur/cotton-plant-disease/Cotton leaves/40 Images/Aphids/rotate_zoompil_color_19.jpg,cotton,cotton::Aphids,Aphids,0,1,train,,
/kaggle/input/datasets/dhamur/cotton-plant-disease/Cotton leaves/40 Images/Army worm/pil_constract_3.jpg,cotton,cotton::Army worm,Army worm,1,1,train,,
/kaggle/input/datasets/dhamur/cotton-plant-disease/Cotton leaves/40 Images/Bacterial blight/pil_color_29.jpg,cotton,cotton::Bacterial blight,Bacterial blight,2,1,train,,
/kaggle/input/datasets/dhamur/cotton-plant-disease/Cotton leaves/40 Images/Aphids/rotate_zoompil_sharpness_15.jpg,cotton,cotton::Aphids,Aphids,0,1,train,,
/kaggle/working/exp02_robust_open_set/unknown_sources/cifar10/train/00023_776f46975216.png,cifar10,cifar10::776f46975216ced5,Unclassified,6,0,train,object_vehicle,ship
/kaggle/working/exp02_robust_open_set/unknown_sources/cifar10/train/00173_3e1c18d28564.png,cifar10,cifar10::3e1c18d28564fa85,Unclassified,6,0,train,animal,dog
/kaggle/working/exp02_robust_open_set/unknown_sources/cifar10/train/00070_64b6193316f0.png,cifar10,cifar10::64b6193316f02bda,Unclassified,6,0,train,object_vehicle,automobile
/kaggle/working/exp02_robust_open_set/unknown_sources/cifar10/train/00723_0392d079c0df.png,cifar10,cifar10::0392d079c0df5753,Unclassified,6,0,train,object_vehicle,truck
/kaggle/input/datasets/dhamur/cotton-plant-disease/Cotton leaves/40 Images/Aphids/random_crop_pil_color_15.jpg,cotton,cotton::Aphids,Aphids,0,1,train,,
/kaggle/input/datasets/dhamur/cotton-plant-disease/Cotton leaves/40 Images/Bacterial blight/rotate_zoompil_constract_23.jpg,cotton,cotton::Bacterial blight,Bacterial blight,2,1,train,,
/kaggle/working/exp02_robust_open_set/unknown_sources/cifar10/train/00756_e102dca9ec12.png,cifar10,cifar10::e102dca9ec12509c,Unclassified,6,0,train,object_vehicle,automobile
/kaggle/input/datasets/dhamur/cotton-plant-disease/Cotton leaves/40 Images/Target spot/vertical_flippil_color_27.jpg,cotton,cotton::Target spot,Target spot,5,1,train,,
/kaggle/input/datasets/dhamur/cotton-plant-disease/Cotton leaves/40 Images/Army worm/rotate_zoom15.jpg,cotton,cotton::Army worm,Army worm,1,1,train,,
/kaggle/input/datasets/dhamur/cotton-plant-disease/Cotton leaves/40 Images/Target spot/vertical_flip19.jpg,cotton,cotton::Target spot,Target spot,5,1,train,,
/kaggle/working/exp02_robust_open_set/unknown_sources/cifar10/train/00061_eab0de50802e.png,cifar10,cifar10::eab0de50802ee3d0,Unclassified,6,0,train,object_vehicle,airplane
/kaggle/input/datasets/dhamur/cotton-plant-disease/Cotton leaves/40 Images/Army worm/pil_brightness_4.jpg,cotton,cotton::Army worm,Army worm,1,1,train,,
/kaggle/input/datasets/dhamur/cotton-plant-disease/Cotton leaves/40 Images/Aphids/vertical_flippil_sharpness_13.jpg,cotton,cotton::Aphids,Aphids,0,1,train,,
/kaggle/input/datasets/dhamur/cotton-plant-disease/Cotton leaves/40 Images/Healthy/vertical_flippil_sharpness_39.jpg,cotton,cotton::Healthy,Healthy,3,1,train,,
/kaggle/input/datasets/dhamur/cotton-plant-disease/Cotton leaves/40 Images/Bacterial blight/random_crop_pil_color_19.jpg,cotton,cotton::Bacterial blight,Bacterial blight,2,1,train,,
/kaggle/input/datasets/dhamur/cotton-plant-disease/Cotton leaves/40 Images/Bacterial blight/vertical_flippil_sharpness_10.jpg,cotton,cotton::Bacterial blight,Bacterial blight,2,1,train,,
/kaggle/input/datasets/dhamur/cotton-plant-disease/Cotton leaves/40 Images/Target spot/rotate_zoompil_sharpness_31.jpg,cotton,cotton::Target spot,Target spot,5,1,train,,
/kaggle/input/datasets/dhamur/cotton-plant-disease/Cotton leaves/40 Images/Army worm/random_translation_pil_brightness_6.jpg,cotton,cotton::Army worm,Army worm,1,1,train,,
/kaggle/working/exp02_robust_open_set/unknown_sources/cifar10/train/00406_48abe0da72fe.png,cifar10,cifar10::48abe0da72fe74b2,Unclassified,6,0,train,animal,dog
/kaggle/input/datasets/dhamur/cotton-plant-disease/Cotton leaves/40 Images/Target spot/random_crop_pil_constract_36.jpg,cotton,cotton::Target spot,Target spot,5,1,train,,
/kaggle/input/datasets/dhamur/cotton-plant-disease/Cotton leaves/40 Images/Aphids/vertical_flippil_constract_16.jpg,cotton,cotton::Aphids,Aphids,0,1,train,,
/kaggle/input/datasets/dhamur/cotton-plant-disease/Cotton leaves/40 Images/Army worm/vertical_flippil_sharpness_21.jpg,cotton,cotton::Army worm,Army worm,1,1,train,,
/kaggle/input/datasets/dhamur/cotton-plant-disease/Cotton leaves/40 Images/Target spot/random_crop_pil_brightness_37.jpg,cotton,cotton::Target spot,Target spot,5,1,train,,
/kaggle/working/exp02_robust_open_set/unknown_sources/cifar10/train/00050_5eec036a6e54.png,cifar10,cifar10::5eec036a6e5405d1,Unclassified,6,0,train,animal,cat
/kaggle/input/datasets/dhamur/cotton-plant-disease/Cotton leaves/40 Images/Army worm/rotate_zoompil_color_4.jpg,cotton,cotton::Army worm,Army worm,1,1,train,,
/kaggle/input/datasets/dhamur/cotton-plant-disease/Cotton leaves/40 Images/Bacterial blight/vertical_flippil_sharpness_31.jpg,cotton,cotton::Bacterial blight,Bacterial blight,2,1,train,,
/kaggle/input/datasets/dhamur/cotton-plant-disease/Cotton leaves/40 Images/Army worm/pil_color_8.jpg,cotton,cotton::Army worm,Army worm,1,1,train,,
/kaggle/input/datasets/dhamur/cotton-plant-disease/Cotton leaves/40 Images/Target spot/vertical_flippil_color_26.jpg,cotton,cotton::Target spot,Target spot,5,1,train,,
/kaggle/input/datasets/dhamur/cotton-plant-disease/Cotton leaves/40 Images/Healthy/vertical_flip16.jpg,cotton,cotton::Healthy,Healthy,3,1,train,,
/kaggle/input/datasets/dhamur/cotton-plant-disease/Cotton leaves/40 Images/Army worm/rotate_zoom4.jpg,cotton,cotton::Army worm,Army worm,1,1,train,,
/kaggle/input/datasets/dhamur/cotton-plant-disease/Cotton leaves/40 Images/Target spot/random_crop_17.jpg,cotton,cotton::Target spot,Target spot,5,1,train,,
/kaggle/input/datasets/dhamur/cotton-plant-disease/Cotton leaves/40 Images/Healthy/pil_brightness_14.jpg,cotton,cotton::Healthy,Healthy,3,1,train,,
/kaggle/input/datasets/dhamur/cotton-plant-disease/Cotton leaves/40 Images/Bacterial blight/random_crop_25.jpg,cotton,cotton::Bacterial blight,Bacterial blight,2,1,train,,
/kaggle/input/datasets/dhamur/cotton-plant-disease/Cotton leaves/40 Images/Target spot/rotate_zoom2.jpg,cotton,cotton::Target spot,Target spot,5,1,train,,
/kaggle/working/exp02_robust_open_set/unknown_sources/cifar10/train/00606_cace9c48aa5c.png,cifar10,cifar10::cace9c48aa5cb06d,Unclassified,6,0,train,animal,cat
/kaggle/input/datasets/dhamur/cotton-plant-disease/Cotton leaves/40 Images/Target spot/vertical_flippil_brightness_16.jpg,cotton,cotton::Target spot,Target spot,5,1,train,,
/kaggle/input/datasets/dhamur/cotton-plant-disease/Cotton leaves/40 Images/Healthy/vertical_flippil_color_23.jpg,cotton,cotton::Healthy,Healthy,3,1,train,,
/kaggle/input/datasets/dhamur/cotton-plant-disease/Cotton leaves/40 Images/Aphids/pil_brightness_3.jpg,cotton,cotton::Aphids,Aphids,0,1,train,,
/kaggle/input/datasets/dhamur/cotton-plant-disease/Cotton leaves/40 Images/Target spot/pil_brightness_1.jpg,cotton,cotton::Target spot,Target spot,5,1,train,,
/kaggle/input/datasets/dhamur/cotton-plant-disease/Cotton leaves/40 Images/Aphids/rotate_zoom21.jpg,cotton,cotton::Aphids,Aphids,0,1,train,,
/kaggle/input/datasets/dhamur/cotton-plant-disease/Cotton leaves/40 Images/Army worm/random_translation_pil_constract_24.jpg,cotton,cotton::Army worm,Army worm,1,1,train,,
/kaggle/input/datasets/dhamur/cotton-plant-disease/Cotton leaves/40 Images/Target spot/vertical_flippil_brightness_8.jpg,cotton,cotton::Target spot,Target spot,5,1,train,,
/kaggle/input/datasets/dhamur/cotton-plant-disease/Cotton leaves/40 Images/Aphids/vertical_flippil_sharpness_34.jpg,cotton,cotton::Aphids,Aphids,0,1,train,,
/kaggle/input/datasets/dhamur/cotton-plant-disease/Cotton leaves/40 Images/Healthy/rotate_zoom21.jpg,cotton,cotton::Healthy,Healthy,3,1,train,,
/kaggle/input/datasets/dhamur/cotton-plant-disease/Cotton leaves/40 Images/Healthy/random_crop_pil_sharpness_20.jpg,cotton,cotton::Healthy,Healthy,3,1,train,,
/kaggle/input/datasets/dhamur/cotton-plant-disease/Cotton leaves/40 Images/Healthy/vertical_flip26.jpg,cotton,cotton::Healthy,Healthy,3,1,train,,
/kaggle/input/datasets/dhamur/cotton-plant-disease/Cotton leaves/40 Images/Bacterial blight/vertical_flip19.jpg,cotton,cotton::Bacterial blight,Bacterial blight,2,1,train,,
/kaggle/input/datasets/dhamur/cotton-plant-disease/Cotton leaves/40 Images/Army worm/random_translation_24.jpg,cotton,cotton::Army worm,Army worm,1,1,train,,
/kaggle/working/exp02_robust_open_set/unknown_sources/cifar10/train/00114_30fe6e3f2866.png,cifar10,cifar10::30fe6e3f2866d775,Unclassified,6,0,train,animal,cat
/kaggle/working/exp02_robust_open_set/unknown_sources/cifar10/train/00064_58e6166140c0.png,cifar10,cifar10::58e6166140c09a52,Unclassified,6,0,train,object_vehicle,ship
/kaggle/input/datasets/dhamur/cotton-plant-disease/Cotton leaves/40 Images/Powdery mildew/vertical_flippil_sharpness_2.jpg,cotton,cotton::Powdery mildew,Powdery mildew,4,1,train,,
/kaggle/input/datasets/dhamur/cotton-plant-disease/Cotton leaves/40 Images/Bacterial blight/pil_sharpness_28.jpg,cotton,cotton::Bacterial blight,Bacterial blight,2,1,train,,
/kaggle/input/datasets/dhamur/cotton-plant-disease/Cotton leaves/40 Images/Bacterial blight/30.jpg,cotton,cotton::Bacterial blight,Bacterial blight,2,1,train,,
/kaggle/input/datasets/dhamur/cotton-plant-disease/Cotton leaves/40 Images/Bacterial blight/vertical_flippil_color_6.jpg,cotton,cotton::Bacterial blight,Bacterial blight,2,1,train,,
/kaggle/input/datasets/dhamur/cotton-plant-disease/Cotton leaves/40 Images/Army worm/random_translation_pil_brightness_36.jpg,cotton,cotton::Army worm,Army worm,1,1,train,,
/kaggle/input/datasets/dhamur/cotton-plant-disease/Cotton leaves/40 Images/Bacterial blight/rotate_zoompil_sharpness_38.jpg,cotton,cotton::Bacterial blight,Bacterial blight,2,1,train,,
/kaggle/input/datasets/dhamur/cotton-plant-disease/Cotton leaves/40 Images/Army worm/rotate_zoompil_brightness_24.jpg,cotton,cotton::Army worm,Army worm,1,1,train,,
/kaggle/input/datasets/dhamur/cotton-plant-disease/Cotton leaves/40 Images/Aphids/pil_sharpness_39.jpg,cotton,cotton::Aphids,Aphids,0,1,train,,
/kaggle/input/datasets/dhamur/cotton-plant-disease/Cotton leaves/40 Images/Healthy/rotate_zoompil_brightness_23.jpg,cotton,cotton::Healthy,Healthy,3,1,train,,
/kaggle/working/exp02_robust_open_set/unknown_sources/cifar10/train/00559_d962d4c37bad.png,cifar10,cifar10::d962d4c37badde27,Unclassified,6,0,train,animal,bird
/kaggle/working/exp02_robust_open_set/unknown_sources/cifar10/train/00130_7088a6002190.png,cifar10,cifar10::7088a6002190eb12,Unclassified,6,0,train,animal,deer
/kaggle/input/datasets/dhamur/cotton-plant-disease/Cotton leaves/40 Images/Powdery mildew/pil_brightness_18.jpg,cotton,cotton::Powdery mildew,Powdery mildew,4,1,train,,
/kaggle/input/datasets/dhamur/cotton-plant-disease/Cotton leaves/40 Images/Bacterial blight/13.jpg,cotton,cotton::Bacterial blight,Bacterial blight,2,1,train,,
/kaggle/input/datasets/dhamur/cotton-plant-disease/Cotton leaves/40 Images/Bacterial blight/pil_sharpness_18.jpg,cotton,cotton::Bacterial blight,Bacterial blight,2,1,train,,
/kaggle/working/exp02_robust_open_set/unknown_sources/cifar10/train/00363_cb884e92e113.png,cifar10,cifar10::cb884e92e113f3be,Unclassified,6,0,train,animal,dog
/kaggle/input/datasets/dhamur/cotton-plant-disease/Cotton leaves/40 Images/Aphids/vertical_flippil_sharpness_39.jpg,cotton,cotton::Aphids,Aphids,0,1,train,,
/kaggle/working/exp02_robust_open_set/unknown_sources/cifar10/train/00180_cfd05f6138b6.png,cifar10,cifar10::cfd05f6138b6d635,Unclassified,6,0,train,object_vehicle,truck
/kaggle/input/datasets/dhamur/cotton-plant-disease/Cotton leaves/40 Images/Bacterial blight/vertical_flippil_sharpness_13.jpg,cotton,cotton::Bacterial blight,Bacterial blight,2,1,train,,
/kaggle/input/datasets/dhamur/cotton-plant-disease/Cotton leaves/40 Images/Powdery mildew/rotate_zoompil_constract_22.jpg,cotton,cotton::Powdery mildew,Powdery mildew,4,1,train,,
/kaggle/input/datasets/dhamur/cotton-plant-disease/Cotton leaves/40 Images/Bacterial blight/vertical_flippil_brightness_34.jpg,cotton,cotton::Bacterial blight,Bacterial blight,2,1,train,,
/kaggle/input/datasets/dhamur/cotton-plant-disease/Cotton leaves/40 Images/Army worm/random_translation_pil_constract_12.jpg,cotton,cotton::Army worm,Army worm,1,1,train,,
/kaggle/input/datasets/dhamur/cotton-plant-disease/Cotton leaves/40 Images/Bacterial blight/random_crop_40.jpg,cotton,cotton::Bacterial blight,Bacterial blight,2,1,train,,
/kaggle/input/datasets/dhamur/cotton-plant-disease/Cotton leaves/40 Images/Army worm/random_translation_pil_brightness_35.jpg,cotton,cotton::Army worm,Army worm,1,1,train,,
/kaggle/input/datasets/dhamur/cotton-plant-disease/Cotton leaves/40 Images/Healthy/random_crop_pil_sharpness_12.jpg,cotton,cotton::Healthy,Healthy,3,1,train,,
/kaggle/input/datasets/dhamur/cotton-plant-disease/Cotton leaves/40 Images/Bacterial blight/vertical_flippil_constract_20.jpg,cotton,cotton::Bacterial blight,Bacterial blight,2,1,train,,
/kaggle/input/datasets/dhamur/cotton-plant-disease/Cotton leaves/40 Images/Army worm/rotate_zoompil_color_25.jpg,cotton,cotton::Army worm,Army worm,1,1,train,,
/kaggle/input/datasets/dhamur/cotton-plant-disease/Cotton leaves/40 Images/Army worm/rotate_zoompil_brightness_2.jpg,cotton,cotton::Army worm,Army worm,1,1,train,,
/kaggle/input/datasets/dhamur/cotton-plant-disease/Cotton leaves/40 Images/Target spot/pil_sharpness_20.jpg,cotton,cotton::Target spot,Target spot,5,1,train,,
/kaggle/input/datasets/dhamur/cotton-plant-disease/Cotton leaves/40 Images/Aphids/rotate_zoompil_brightness_10.jpg,cotton,cotton::Aphids,Aphids,0,1,train,,
/kaggle/input/datasets/dhamur/cotton-plant-disease/Cotton leaves/40 Images/Aphids/pil_constract_29.jpg,cotton,cotton::Aphids,Aphids,0,1,train,,
/kaggle/input/datasets/dhamur/cotton-plant-disease/Cotton leaves/40 Images/Powdery mildew/40.jpg,cotton,cotton::Powdery mildew,Powdery mildew,4,1,train,,
/kaggle/input/datasets/dhamur/cotton-plant-disease/Cotton leaves/40 Images/Aphids/pil_color_22_.jpg,cotton,cotton::Aphids,Aphids,0,1,train,,
/kaggle/working/exp02_robust_open_set/unknown_sources/cifar10/train/00674_ba4e63cae30d.png,cifar10,cifar10::ba4e63cae30de0a6,Unclassified,6,0,train,animal,bird
/kaggle/input/datasets/dhamur/cotton-plant-disease/Cotton leaves/40 Images/Aphids/31.jpg,cotton,cotton::Aphids,Aphids,0,1,train,,
/kaggle/input/datasets/dhamur/cotton-plant-disease/Cotton leaves/40 Images/Powdery mildew/vertical_flippil_constract_32.jpg,cotton,cotton::Powdery mildew,Powdery mildew,4,1,train,,
/kaggle/input/datasets/dhamur/cotton-plant-disease/Cotton leaves/40 Images/Target spot/vertical_flippil_color_31.jpg,cotton,cotton::Target spot,Target spot,5,1,train,,
/kaggle/input/datasets/dhamur/cotton-plant-disease/Cotton leaves/40 Images/Aphids/rotate_zoompil_color_12.jpg,cotton,cotton::Aphids,Aphids,0,1,train,,
/kaggle/input/datasets/dhamur/cotton-plant-disease/Cotton leaves/40 Images/Target spot/random_crop_pil_brightness_32.jpg,cotton,cotton::Target spot,Target spot,5,1,train,,
/kaggle/input/datasets/dhamur/cotton-plant-disease/Cotton leaves/40 Images/Aphids/rotate_zoompil_constract_16.jpg,cotton,cotton::Aphids,Aphids,0,1,train,,
/kaggle/input/datasets/dhamur/cotton-plant-disease/Cotton leaves/40 Images/Aphids/rotate_zoompil_color_18.jpg,cotton,cotton::Aphids,Aphids,0,1,train,,
/kaggle/input/datasets/dhamur/cotton-plant-disease/Cotton leaves/40 Images/Powdery mildew/pil_constract_8.jpg,cotton,cotton::Powdery mildew,Powdery mildew,4,1,train,,
/kaggle/input/datasets/dhamur/cotton-plant-disease/Cotton leaves/40 Images/Aphids/random_crop_pil_constract_20.jpg,cotton,cotton::Aphids,Aphids,0,1,train,,
/kaggle/input/datasets/dhamur/cotton-plant-disease/Cotton leaves/40 Images/Healthy/vertical_flippil_constract_20.jpg,cotton,cotton::Healthy,Healthy,3,1,train,,
/kaggle/input/datasets/dhamur/cotton-plant-disease/Cotton leaves/40 Images/Aphids/pil_brightness_20.jpg,cotton,cotton::Aphids,Aphids,0,1,train,,
/kaggle/input/datasets/dhamur/cotton-plant-disease/Cotton leaves/40 Images/Army worm/rotate_zoom13.jpg,cotton,cotton::Army worm,Army worm,1,1,train,,
/kaggle/input/datasets/dhamur/cotton-plant-disease/Cotton leaves/40 Images/Healthy/rotate_zoompil_brightness_25.jpg,cotton,cotton::Healthy,Healthy,3,1,train,,
/kaggle/working/exp02_robust_open_set/unknown_sources/cifar10/train/00427_0f9ba9febf92.png,cifar10,cifar10::0f9ba9febf921e4e,Unclassified,6,0,train,animal,dog
/kaggle/input/datasets/dhamur/cotton-plant-disease/Cotton leaves/40 Images/Aphids/vertical_flippil_color_6.jpg,cotton,cotton::Aphids,Aphids,0,1,train,,
/kaggle/input/datasets/dhamur/cotton-plant-disease/Cotton leaves/40 Images/Army worm/vertical_flippil_brightness_14.jpg,cotton,cotton::Army worm,Army worm,1,1,train,,
/kaggle/working/exp02_robust_open_set/unknown_sources/cifar10/train/00767_5d4b7e10400d.png,cifar10,cifar10::5d4b7e10400d3532,Unclassified,6,0,train,animal,dog
/kaggle/input/datasets/dhamur/cotton-plant-disease/Cotton leaves/40 Images/Target spot/random_crop_pil_color_22.jpg,cotton,cotton::Target spot,Target spot,5,1,train,,
/kaggle/working/exp02_robust_open_set/unknown_sources/cifar10/train/00335_fcba48226e27.png,cifar10,cifar10::fcba48226e279936,Unclassified,6,0,train,object_vehicle,airplane
/kaggle/input/datasets/dhamur/cotton-plant-disease/Cotton leaves/40 Images/Aphids/vertical_flippil_color_36.jpg,cotton,cotton::Aphids,Aphids,0,1,train,,
/kaggle/working/exp02_robust_open_set/unknown_sources/cifar10/train/00090_148851aeee6a.png,cifar10,cifar10::148851aeee6a39ed,Unclassified,6,0,train,animal,bird
/kaggle/input/datasets/dhamur/cotton-plant-disease/Cotton leaves/40 Images/Powdery mildew/random_crop_pil_brightness_29.jpg,cotton,cotton::Powdery mildew,Powdery mildew,4,1,train,,
/kaggle/input/datasets/dhamur/cotton-plant-disease/Cotton leaves/40 Images/Bacterial blight/random_crop_pil_constract_30.jpg,cotton,cotton::Bacterial blight,Bacterial blight,2,1,train,,
/kaggle/input/datasets/dhamur/cotton-plant-disease/Cotton leaves/40 Images/Army worm/pil_color_7.jpg,cotton,cotton::Army worm,Army worm,1,1,train,,
/kaggle/input/datasets/dhamur/cotton-plant-disease/Cotton leaves/40 Images/Healthy/rotate_zoom23.jpg,cotton,cotton::Healthy,Healthy,3,1,train,,
/kaggle/input/datasets/dhamur/cotton-plant-disease/Cotton leaves/40 Images/Healthy/random_crop_29.jpg,cotton,cotton::Healthy,Healthy,3,1,train,,
/kaggle/input/datasets/dhamur/cotton-plant-disease/Cotton leaves/40 Images/Aphids/vertical_flippil_sharpness_18.jpg,cotton,cotton::Aphids,Aphids,0,1,train,,
/kaggle/input/datasets/dhamur/cotton-plant-disease/Cotton leaves/40 Images/Healthy/pil_brightness_5.jpg,cotton,cotton::Healthy,Healthy,3,1,train,,
/kaggle/input/datasets/dhamur/cotton-plant-disease/Cotton leaves/40 Images/Bacterial blight/random_crop_pil_color_13.jpg,cotton,cotton::Bacterial blight,Bacterial blight,2,1,train,,
/kaggle/working/exp02_robust_open_set/unknown_sources/cifar10/train/00589_608589cd6c37.png,cifar10,cifar10::608589cd6c372e2d,Unclassified,6,0,train,object_vehicle,truck
/kaggle/input/datasets/dhamur/cotton-plant-disease/Cotton leaves/40 Images/Healthy/pil_color_25.jpg,cotton,cotton::Healthy,Healthy,3,1,train,,
/kaggle/input/datasets/dhamur/cotton-plant-disease/Cotton leaves/40 Images/Army worm/pil_brightness_34.jpg,cotton,cotton::Army worm,Army worm,1,1,train,,
/kaggle/input/datasets/dhamur/cotton-plant-disease/Cotton leaves/40 Images/Healthy/rotate_zoompil_color_28.jpg,cotton,cotton::Healthy,Healthy,3,1,train,,
/kaggle/working/exp02_robust_open_set/unknown_sources/cifar10/train/00320_a787f22c9bd5.png,cifar10,cifar10::a787f22c9bd599a2,Unclassified,6,0,train,animal,horse
/kaggle/input/datasets/dhamur/cotton-plant-disease/Cotton leaves/40 Images/Powdery mildew/24.jpg,cotton,cotton::Powdery mildew,Powdery mildew,4,1,train,,
/kaggle/input/datasets/dhamur/cotton-plant-disease/Cotton leaves/40 Images/Healthy/random_crop_13.jpg,cotton,cotton::Healthy,Healthy,3,1,train,,
/kaggle/input/datasets/dhamur/cotton-plant-disease/Cotton leaves/40 Images/Army worm/pil_brightness_22.jpg,cotton,cotton::Army worm,Army worm,1,1,train,,
/kaggle/input/datasets/dhamur/cotton-plant-disease/Cotton leaves/40 Images/Bacterial blight/vertical_flippil_constract_32.jpg,cotton,cotton::Bacterial blight,Bacterial blight,2,1,train,,
/kaggle/input/datasets/dhamur/cotton-plant-disease/Cotton leaves/40 Images/Powdery mildew/random_crop_pil_sharpness_28.jpg,cotton,cotton::Powdery mildew,Powdery mildew,4,1,train,,
/kaggle/input/datasets/dhamur/cotton-plant-disease/Cotton leaves/40 Images/Powdery mildew/pil_constract_29.jpg,cotton,cotton::Powdery mildew,Powdery mildew,4,1,train,,
/kaggle/input/datasets/dhamur/cotton-plant-disease/Cotton leaves/40 Images/Target spot/vertical_flippil_sharpness_14.jpg,cotton,cotton::Target spot,Target spot,5,1,train,,
/kaggle/input/datasets/dhamur/cotton-plant-disease/Cotton leaves/40 Images/Powdery mildew/rotate_zoompil_brightness_37.jpg,cotton,cotton::Powdery mildew,Powdery mildew,4,1,train,,
/kaggle/input/datasets/dhamur/cotton-plant-disease/Cotton leaves/40 Images/Powdery mildew/vertical_flippil_brightness_6.jpg,cotton,cotton::Powdery mildew,Powdery mildew,4,1,train,,
/kaggle/working/exp02_robust_open_set/unknown_sources/cifar10/train/00440_e55766c610af.png,cifar10,cifar10::e55766c610affcfb,Unclassified,6,0,train,animal,deer
/kaggle/input/datasets/dhamur/cotton-plant-disease/Cotton leaves/40 Images/Army worm/vertical_flip8.jpg,cotton,cotton::Army worm,Army worm,1,1,train,,
/kaggle/input/datasets/dhamur/cotton-plant-disease/Cotton leaves/40 Images/Powdery mildew/pil_constract_22.jpg,cotton,cotton::Powdery mildew,Powdery mildew,4,1,train,,
/kaggle/input/datasets/dhamur/cotton-plant-disease/Cotton leaves/40 Images/Powdery mildew/pil_color_5.jpg,cotton,cotton::Powdery mildew,Powdery mildew,4,1,train,,
/kaggle/working/exp02_robust_open_set/unknown_sources/cifar10/train/00296_17d1e1a4dcd9.png,cifar10,cifar10::17d1e1a4dcd994f9,Unclassified,6,0,train,object_vehicle,ship
/kaggle/input/datasets/dhamur/cotton-plant-disease/Cotton leaves/40 Images/Aphids/rotate_zoompil_sharpness_37.jpg,cotton,cotton::Aphids,Aphids,0,1,train,,
/kaggle/input/datasets/dhamur/cotton-plant-disease/Cotton leaves/40 Images/Powdery mildew/random_crop_pil_constract_22.jpg,cotton,cotton::Powdery mildew,Powdery mildew,4,1,train,,
/kaggle/input/datasets/dhamur/cotton-plant-disease/Cotton leaves/40 Images/Aphids/pil_brightness_9.jpg,cotton,cotton::Aphids,Aphids,0,1,train,,
/kaggle/input/datasets/dhamur/cotton-plant-disease/Cotton leaves/40 Images/Healthy/rotate_zoompil_brightness_21.jpg,cotton,cotton::Healthy,Healthy,3,1,train,,
/kaggle/input/datasets/dhamur/cotton-plant-disease/Cotton leaves/40 Images/Army worm/rotate_zoompil_brightness_18.jpg,cotton,cotton::Army worm,Army worm,1,1,train,,
/kaggle/input/datasets/dhamur/cotton-plant-disease/Cotton leaves/40 Images/Powdery mildew/vertical_flippil_constract_37.jpg,cotton,cotton::Powdery mildew,Powdery mildew,4,1,train,,
/kaggle/input/datasets/dhamur/cotton-plant-disease/Cotton leaves/40 Images/Powdery mildew/5.jpg,cotton,cotton::Powdery mildew,Powdery mildew,4,1,train,,
/kaggle/input/datasets/dhamur/cotton-plant-disease/Cotton leaves/40 Images/Bacterial blight/random_crop_pil_sharpness_15.jpg,cotton,cotton::Bacterial blight,Bacterial blight,2,1,train,,
/kaggle/input/datasets/dhamur/cotton-plant-disease/Cotton leaves/40 Images/Target spot/rotate_zoompil_constract_8.jpg,cotton,cotton::Target spot,Target spot,5,1,train,,
/kaggle/input/datasets/dhamur/cotton-plant-disease/Cotton leaves/40 Images/Army worm/random_translation_26.jpg,cotton,cotton::Army worm,Army worm,1,1,train,,
/kaggle/input/datasets/dhamur/cotton-plant-disease/Cotton leaves/40 Images/Aphids/random_crop_pil_brightness_34.jpg,cotton,cotton::Aphids,Aphids,0,1,train,,
/kaggle/input/datasets/dhamur/cotton-plant-disease/Cotton leaves/40 Images/Aphids/pil_brightness_39.jpg,cotton,cotton::Aphids,Aphids,0,1,train,,
/kaggle/input/datasets/dhamur/cotton-plant-disease/Cotton leaves/40 Images/Healthy/random_crop_pil_constract_15.jpg,cotton,cotton::Healthy,Healthy,3,1,train,,
/kaggle/input/datasets/dhamur/cotton-plant-disease/Cotton leaves/40 Images/Bacterial blight/rotate_zoom19.jpg,cotton,cotton::Bacterial blight,Bacterial blight,2,1,train,,
/kaggle/input/datasets/dhamur/cotton-plant-disease/Cotton leaves/40 Images/Army worm/rotate_zoompil_brightness_31.jpg,cotton,cotton::Army worm,Army worm,1,1,train,,
/kaggle/input/datasets/dhamur/cotton-plant-disease/Cotton leaves/40 Images/Army worm/rotate_zoompil_sharpness_22.jpg,cotton,cotton::Army worm,Army worm,1,1,train,,
/kaggle/input/datasets/dhamur/cotton-plant-disease/Cotton leaves/40 Images/Healthy/rotate_zoompil_constract_5.jpg,cotton,cotton::Healthy,Healthy,3,1,train,,
/kaggle/input/datasets/dhamur/cotton-plant-disease/Cotton leaves/40 Images/Bacterial blight/random_crop_pil_color_15.jpg,cotton,cotton::Bacterial blight,Bacterial blight,2,1,train,,
/kaggle/input/datasets/dhamur/cotton-plant-disease/Cotton leaves/40 Images/Aphids/random_crop_pil_sharpness_33.jpg,cotton,cotton::Aphids,Aphids,0,1,train,,
/kaggle/input/datasets/dhamur/cotton-plant-disease/Cotton leaves/40 Images/Target spot/pil_color_25.jpg,cotton,cotton::Target spot,Target spot,5,1,train,,
/kaggle/input/datasets/dhamur/cotton-plant-disease/Cotton leaves/40 Images/Powdery mildew/pil_sharpness_18.jpg,cotton,cotton::Powdery mildew,Powdery mildew,4,1,train,,
/kaggle/working/exp02_robust_open_set/unknown_sources/cifar10/train/00165_aa114c5748c4.png,cifar10,cifar10::aa114c5748c428fe,Unclassified,6,0,train,animal,frog
/kaggle/input/datasets/dhamur/cotton-plant-disease/Cotton leaves/40 Images/Powdery mildew/rotate_zoompil_constract_23.jpg,cotton,cotton::Powdery mildew,Powdery mildew,4,1,train,,
/kaggle/input/datasets/dhamur/cotton-plant-disease/Cotton leaves/40 Images/Powdery mildew/pil_constract_24.jpg,cotton,cotton::Powdery mildew,Powdery mildew,4,1,train,,
/kaggle/input/datasets/dhamur/cotton-plant-disease/Cotton leaves/40 Images/Aphids/vertical_flippil_brightness_34.jpg,cotton,cotton::Aphids,Aphids,0,1,train,,
/kaggle/input/datasets/dhamur/cotton-plant-disease/Cotton leaves/40 Images/Army worm/random_translation_pil_constract_39.jpg,cotton,cotton::Army worm,Army worm,1,1,train,,
/kaggle/working/exp02_robust_open_set/unknown_sources/cifar10/train/00121_cd6e50d82cce.png,cifar10,cifar10::cd6e50d82cce8bc5,Unclassified,6,0,train,object_vehicle,truck
/kaggle/input/datasets/dhamur/cotton-plant-disease/Cotton leaves/40 Images/Army worm/vertical_flippil_sharpness_33.jpg,cotton,cotton::Army worm,Army worm,1,1,train,,
/kaggle/input/datasets/dhamur/cotton-plant-disease/Cotton leaves/40 Images/Target spot/random_crop_39.jpg,cotton,cotton::Target spot,Target spot,5,1,train,,
/kaggle/input/datasets/dhamur/cotton-plant-disease/Cotton leaves/40 Images/Army worm/pil_color_18.jpg,cotton,cotton::Army worm,Army worm,1,1,train,,
/kaggle/input/datasets/dhamur/cotton-plant-disease/Cotton leaves/40 Images/Healthy/pil_sharpness_40.jpg,cotton,cotton::Healthy,Healthy,3,1,train,,
/kaggle/input/datasets/dhamur/cotton-plant-disease/Cotton leaves/40 Images/Powdery mildew/pil_sharpness_26.jpg,cotton,cotton::Powdery mildew,Powdery mildew,4,1,train,,
/kaggle/input/datasets/dhamur/cotton-plant-disease/Cotton leaves/40 Images/Target spot/random_crop_pil_sharpness_4.jpg,cotton,cotton::Target spot,Target spot,5,1,train,,
/kaggle/input/datasets/dhamur/cotton-plant-disease/Cotton leaves/40 Images/Powdery mildew/random_crop_pil_brightness_4.jpg,cotton,cotton::Powdery mildew,Powdery mildew,4,1,train,,
/kaggle/input/datasets/dhamur/cotton-plant-disease/Cotton leaves/40 Images/Army worm/random_translation_pil_brightness_11.jpg,cotton,cotton::Army worm,Army worm,1,1,train,,
/kaggle/input/datasets/dhamur/cotton-plant-disease/Cotton leaves/40 Images/Healthy/pil_brightness_11.jpg,cotton,cotton::Healthy,Healthy,3,1,train,,
/kaggle/working/exp02_robust_open_set/unknown_sources/cifar10/train/00751_774ea1985986.png,cifar10,cifar10::774ea198598654fc,Unclassified,6,0,train,animal,cat
/kaggle/input/datasets/dhamur/cotton-plant-disease/Cotton leaves/40 Images/Powdery mildew/rotate_zoompil_color_34.jpg,cotton,cotton::Powdery mildew,Powdery mildew,4,1,train,,
/kaggle/input/datasets/dhamur/cotton-plant-disease/Cotton leaves/40 Images/Powdery mildew/vertical_flippil_sharpness_5.jpg,cotton,cotton::Powdery mildew,Powdery mildew,4,1,train,,
/kaggle/input/datasets/dhamur/cotton-plant-disease/Cotton leaves/40 Images/Aphids/pil_constract_10.jpg,cotton,cotton::Aphids,Aphids,0,1,train,,
/kaggle/input/datasets/dhamur/cotton-plant-disease/Cotton leaves/40 Images/Bacterial blight/random_crop_pil_sharpness_13.jpg,cotton,cotton::Bacterial blight,Bacterial blight,2,1,train,,
/kaggle/input/datasets/dhamur/cotton-plant-disease/Cotton leaves/40 Images/Powdery mildew/vertical_flippil_sharpness_29.jpg,cotton,cotton::Powdery mildew,Powdery mildew,4,1,train,,
/kaggle/input/datasets/dhamur/cotton-plant-disease/Cotton leaves/40 Images/Aphids/rotate_zoompil_constract_13.jpg,cotton,cotton::Aphids,Aphids,0,1,train,,
/kaggle/input/datasets/dhamur/cotton-plant-disease/Cotton leaves/40 Images/Army worm/random_translation_pil_brightness_32.jpg,cotton,cotton::Army worm,Army worm,1,1,train,,
/kaggle/input/datasets/dhamur/cotton-plant-disease/Cotton leaves/40 Images/Healthy/vertical_flip33.jpg,cotton,cotton::Healthy,Healthy,3,1,train,,
/kaggle/input/datasets/dhamur/cotton-plant-disease/Cotton leaves/40 Images/Bacterial blight/pil_brightness_1.jpg,cotton,cotton::Bacterial blight,Bacterial blight,2,1,train,,
/kaggle/working/exp02_robust_open_set/unknown_sources/cifar10/train/00567_c89105883a8a.png,cifar10,cifar10::c89105883a8a5559,Unclassified,6,0,train,animal,deer
/kaggle/input/datasets/dhamur/cotton-plant-disease/Cotton leaves/40 Images/Healthy/pil_color_11.jpg,cotton,cotton::Healthy,Healthy,3,1,train,,
/kaggle/input/datasets/dhamur/cotton-plant-disease/Cotton leaves/40 Images/Powdery mildew/pil_color_31.jpg,cotton,cotton::Powdery mildew,Powdery mildew,4,1,train,,
/kaggle/input/datasets/dhamur/cotton-plant-disease/Cotton leaves/40 Images/Target spot/pil_constract_34.jpg,cotton,cotton::Target spot,Target spot,5,1,train,,
/kaggle/input/datasets/dhamur/cotton-plant-disease/Cotton leaves/40 Images/Target spot/rotate_zoompil_sharpness_1.jpg,cotton,cotton::Target spot,Target spot,5,1,train,,
/kaggle/input/datasets/dhamur/cotton-plant-disease/Cotton leaves/40 Images/Healthy/pil_color_34.jpg,cotton,cotton::Healthy,Healthy,3,1,train,,
/kaggle/input/datasets/dhamur/cotton-plant-disease/Cotton leaves/40 Images/Army worm/random_translation_pil_constract_28.jpg,cotton,cotton::Army worm,Army worm,1,1,train,,
/kaggle/input/datasets/dhamur/cotton-plant-disease/Cotton leaves/40 Images/Powdery mildew/rotate_zoompil_sharpness_22.jpg,cotton,cotton::Powdery mildew,Powdery mildew,4,1,train,,
/kaggle/input/datasets/dhamur/cotton-plant-disease/Cotton leaves/40 Images/Target spot/vertical_flippil_constract_36.jpg,cotton,cotton::Target spot,Target spot,5,1,train,,
/kaggle/input/datasets/dhamur/cotton-plant-disease/Cotton leaves/40 Images/Bacterial blight/rotate_zoompil_sharpness_32.jpg,cotton,cotton::Bacterial blight,Bacterial blight,2,1,train,,
/kaggle/input/datasets/dhamur/cotton-plant-disease/Cotton leaves/40 Images/Target spot/random_crop_pil_color_17.jpg,cotton,cotton::Target spot,Target spot,5,1,train,,
/kaggle/input/datasets/dhamur/cotton-plant-disease/Cotton leaves/40 Images/Bacterial blight/random_crop_pil_brightness_38.jpg,cotton,cotton::Bacterial blight,Bacterial blight,2,1,train,,
/kaggle/working/exp02_robust_open_set/unknown_sources/cifar10/train/00137_b25a5e55006e.png,cifar10,cifar10::b25a5e55006ec093,Unclassified,6,0,train,animal,cat
/kaggle/input/datasets/dhamur/cotton-plant-disease/Cotton leaves/40 Images/Army worm/random_translation_pil_color_17.jpg,cotton,cotton::Army worm,Army worm,1,1,train,,
/kaggle/input/datasets/dhamur/cotton-plant-disease/Cotton leaves/40 Images/Aphids/rotate_zoompil_constract_32.jpg,cotton,cotton::Aphids,Aphids,0,1,train,,
/kaggle/input/datasets/dhamur/cotton-plant-disease/Cotton leaves/40 Images/Powdery mildew/random_crop_30.jpg,cotton,cotton::Powdery mildew,Powdery mildew,4,1,train,,
/kaggle/working/exp02_robust_open_set/unknown_sources/cifar10/train/00069_367a41328bf9.png,cifar10,cifar10::367a41328bf9a88f,Unclassified,6,0,train,object_vehicle,airplane
/kaggle/input/datasets/dhamur/cotton-plant-disease/Cotton leaves/40 Images/Target spot/random_crop_pil_color_11.jpg,cotton,cotton::Target spot,Target spot,5,1,train,,
/kaggle/working/exp02_robust_open_set/unknown_sources/cifar10/train/00127_2672342437a0.png,cifar10,cifar10::2672342437a02da1,Unclassified,6,0,train,object_vehicle,truck
/kaggle/input/datasets/dhamur/cotton-plant-disease/Cotton leaves/40 Images/Target spot/pil_sharpness_3.jpg,cotton,cotton::Target spot,Target spot,5,1,train,,
/kaggle/input/datasets/dhamur/cotton-plant-disease/Cotton leaves/40 Images/Bacterial blight/pil_brightness_37.jpg,cotton,cotton::Bacterial blight,Bacterial blight,2,1,train,,
/kaggle/input/datasets/dhamur/cotton-plant-disease/Cotton leaves/40 Images/Aphids/5.jpg,cotton,cotton::Aphids,Aphids,0,1,train,,
/kaggle/input/datasets/dhamur/cotton-plant-disease/Cotton leaves/40 Images/Healthy/rotate_zoompil_sharpness_37.jpg,cotton,cotton::Healthy,Healthy,3,1,train,,
/kaggle/input/datasets/dhamur/cotton-plant-disease/Cotton leaves/40 Images/Bacterial blight/vertical_flippil_color_37.jpg,cotton,cotton::Bacterial blight,Bacterial blight,2,1,train,,
/kaggle/input/datasets/dhamur/cotton-plant-disease/Cotton leaves/40 Images/Aphids/random_crop_5.jpg,cotton,cotton::Aphids,Aphids,0,1,train,,
/kaggle/input/datasets/dhamur/cotton-plant-disease/Cotton leaves/40 Images/Aphids/vertical_flippil_brightness_20.jpg,cotton,cotton::Aphids,Aphids,0,1,train,,
/kaggle/input/datasets/dhamur/cotton-plant-disease/Cotton leaves/40 Images/Bacterial blight/pil_sharpness_12.jpg,cotton,cotton::Bacterial blight,Bacterial blight,2,1,train,,
/kaggle/input/datasets/dhamur/cotton-plant-disease/Cotton leaves/40 Images/Army worm/rotate_zoompil_sharpness_25.jpg,cotton,cotton::Army worm,Army worm,1,1,train,,
/kaggle/input/datasets/dhamur/cotton-plant-disease/Cotton leaves/40 Images/Healthy/vertical_flippil_brightness_6.jpg,cotton,cotton::Healthy,Healthy,3,1,train,,
/kaggle/input/datasets/dhamur/cotton-plant-disease/Cotton leaves/40 Images/Aphids/random_crop_pil_constract_22_.jpg,cotton,cotton::Aphids,Aphids,0,1,train,,
/kaggle/input/datasets/dhamur/cotton-plant-disease/Cotton leaves/40 Images/Aphids/pil_constract_27.jpg,cotton,cotton::Aphids,Aphids,0,1,train,,
/kaggle/input/datasets/dhamur/cotton-plant-disease/Cotton leaves/40 Images/Army worm/vertical_flippil_brightness_19.jpg,cotton,cotton::Army worm,Army worm,1,1,train,,
/kaggle/input/datasets/dhamur/cotton-plant-disease/Cotton leaves/40 Images/Powdery mildew/vertical_flippil_sharpness_37.jpg,cotton,cotton::Powdery mildew,Powdery mildew,4,1,train,,
/kaggle/input/datasets/dhamur/cotton-plant-disease/Cotton leaves/40 Images/Army worm/vertical_flip39.jpg,cotton,cotton::Army worm,Army worm,1,1,train,,
/kaggle/input/datasets/dhamur/cotton-plant-disease/Cotton leaves/40 Images/Army worm/rotate_zoompil_brightness_12.jpg,cotton,cotton::Army worm,Army worm,1,1,train,,
/kaggle/input/datasets/dhamur/cotton-plant-disease/Cotton leaves/40 Images/Healthy/random_crop_pil_color_15.jpg,cotton,cotton::Healthy,Healthy,3,1,train,,
/kaggle/input/datasets/dhamur/cotton-plant-disease/Cotton leaves/40 Images/Healthy/random_crop_pil_color_39.jpg,cotton,cotton::Healthy,Healthy,3,1,train,,
/kaggle/input/datasets/dhamur/cotton-plant-disease/Cotton leaves/40 Images/Powdery mildew/rotate_zoompil_constract_9.jpg,cotton,cotton::Powdery mildew,Powdery mildew,4,1,train,,
/kaggle/input/datasets/dhamur/cotton-plant-disease/Cotton leaves/40 Images/Bacterial blight/rotate_zoompil_color_29.jpg,cotton,cotton::Bacterial blight,Bacterial blight,2,1,train,,
/kaggle/working/exp02_robust_open_set/unknown_sources/cifar10/train/00436_0f3bef06a481.png,cifar10,cifar10::0f3bef06a481bcb9,Unclassified,6,0,train,animal,dog
/kaggle/working/exp02_robust_open_set/unknown_sources/cifar10/train/00102_8ef3c42fb6c2.png,cifar10,cifar10::8ef3c42fb6c2836d,Unclassified,6,0,train,animal,deer
/kaggle/input/datasets/dhamur/cotton-plant-disease/Cotton leaves/40 Images/Army worm/rotate_zoompil_brightness_29.jpg,cotton,cotton::Army worm,Army worm,1,1,train,,
/kaggle/input/datasets/dhamur/cotton-plant-disease/Cotton leaves/40 Images/Bacterial blight/pil_sharpness_36.jpg,cotton,cotton::Bacterial blight,Bacterial blight,2,1,train,,
/kaggle/input/datasets/dhamur/cotton-plant-disease/Cotton leaves/40 Images/Powdery mildew/random_crop_14.jpg,cotton,cotton::Powdery mildew,Powdery mildew,4,1,train,,
/kaggle/working/exp02_robust_open_set/unknown_sources/cifar10/train/00442_1993351a0e18.png,cifar10,cifar10::1993351a0e181f96,Unclassified,6,0,train,animal,frog
/kaggle/input/datasets/dhamur/cotton-plant-disease/Cotton leaves/40 Images/Army worm/vertical_flippil_sharpness_26.jpg,cotton,cotton::Army worm,Army worm,1,1,train,,
/kaggle/input/datasets/dhamur/cotton-plant-disease/Cotton leaves/40 Images/Powdery mildew/vertical_flip8.jpg,cotton,cotton::Powdery mildew,Powdery mildew,4,1,train,,
/kaggle/input/datasets/dhamur/cotton-plant-disease/Cotton leaves/40 Images/Bacterial blight/vertical_flip29.jpg,cotton,cotton::Bacterial blight,Bacterial blight,2,1,train,,
/kaggle/input/datasets/dhamur/cotton-plant-disease/Cotton leaves/40 Images/Bacterial blight/random_crop_pil_color_22.jpg,cotton,cotton::Bacterial blight,Bacterial blight,2,1,train,,
/kaggle/input/datasets/dhamur/cotton-plant-disease/Cotton leaves/40 Images/Powdery mildew/random_crop_21.jpg,cotton,cotton::Powdery mildew,Powdery mildew,4,1,train,,
/kaggle/input/datasets/dhamur/cotton-plant-disease/Cotton leaves/40 Images/Healthy/pil_color_24.jpg,cotton,cotton::Healthy,Healthy,3,1,train,,
/kaggle/working/exp02_robust_open_set/unknown_sources/cifar10/train/00307_05efd52d39ac.png,cifar10,cifar10::05efd52d39ac702b,Unclassified,6,0,train,object_vehicle,airplane
/kaggle/input/datasets/dhamur/cotton-plant-disease/Cotton leaves/40 Images/Powdery mildew/random_crop_pil_brightness_25.jpg,cotton,cotton::Powdery mildew,Powdery mildew,4,1,train,,
/kaggle/input/datasets/dhamur/cotton-plant-disease/Cotton leaves/40 Images/Target spot/rotate_zoompil_sharpness_34.jpg,cotton,cotton::Target spot,Target spot,5,1,train,,
/kaggle/input/datasets/dhamur/cotton-plant-disease/Cotton leaves/40 Images/Army worm/random_translation_pil_color_36.jpg,cotton,cotton::Army worm,Army worm,1,1,train,,
/kaggle/input/datasets/dhamur/cotton-plant-disease/Cotton leaves/40 Images/Target spot/vertical_flippil_sharpness_2.jpg,cotton,cotton::Target spot,Target spot,5,1,train,,
/kaggle/input/datasets/dhamur/cotton-plant-disease/Cotton leaves/40 Images/Target spot/pil_constract_11.jpg,cotton,cotton::Target spot,Target spot,5,1,train,,
/kaggle/input/datasets/dhamur/cotton-plant-disease/Cotton leaves/40 Images/Aphids/random_crop_pil_color_10.jpg,cotton,cotton::Aphids,Aphids,0,1,train,,
/kaggle/working/exp02_robust_open_set/unknown_sources/cifar10/train/00488_f070fa084815.png,cifar10,cifar10::f070fa084815bf52,Unclassified,6,0,train,animal,cat
/kaggle/working/exp02_robust_open_set/unknown_sources/cifar10/train/00564_80f0b1268b22.png,cifar10,cifar10::80f0b1268b227afe,Unclassified,6,0,train,animal,dog
/kaggle/input/datasets/dhamur/cotton-plant-disease/Cotton leaves/40 Images/Healthy/pil_brightness_18.jpg,cotton,cotton::Healthy,Healthy,3,1,train,,
/kaggle/input/datasets/dhamur/cotton-plant-disease/Cotton leaves/40 Images/Target spot/rotate_zoompil_brightness_2.jpg,cotton,cotton::Target spot,Target spot,5,1,train,,
/kaggle/input/datasets/dhamur/cotton-plant-disease/Cotton leaves/40 Images/Target spot/vertical_flippil_sharpness_8.jpg,cotton,cotton::Target spot,Target spot,5,1,train,,
/kaggle/input/datasets/dhamur/cotton-plant-disease/Cotton leaves/40 Images/Healthy/pil_brightness_20.jpg,cotton,cotton::Healthy,Healthy,3,1,train,,
/kaggle/working/exp02_robust_open_set/unknown_sources/cifar10/train/00191_667e18a68dd6.png,cifar10,cifar10::667e18a68dd6ca25,Unclassified,6,0,train,animal,deer
/kaggle/input/datasets/dhamur/cotton-plant-disease/Cotton leaves/40 Images/Bacterial blight/vertical_flippil_sharpness_28.jpg,cotton,cotton::Bacterial blight,Bacterial blight,2,1,train,,
/kaggle/working/exp02_robust_open_set/unknown_sources/cifar10/train/00379_bc0e482f520b.png,cifar10,cifar10::bc0e482f520ba477,Unclassified,6,0,train,animal,cat
/kaggle/input/datasets/dhamur/cotton-plant-disease/Cotton leaves/40 Images/Target spot/21.jpg,cotton,cotton::Target spot,Target spot,5,1,train,,
/kaggle/input/datasets/dhamur/cotton-plant-disease/Cotton leaves/40 Images/Target spot/vertical_flippil_brightness_5.jpg,cotton,cotton::Target spot,Target spot,5,1,train,,
/kaggle/input/datasets/dhamur/cotton-plant-disease/Cotton leaves/40 Images/Healthy/vertical_flippil_sharpness_8.jpg,cotton,cotton::Healthy,Healthy,3,1,train,,
/kaggle/working/exp02_robust_open_set/unknown_sources/cifar10/train/00758_b23a18a0feb3.png,cifar10,cifar10::b23a18a0feb35db5,Unclassified,6,0,train,object_vehicle,airplane
/kaggle/input/datasets/dhamur/cotton-plant-disease/Cotton leaves/40 Images/Army worm/pil_sharpness_33.jpg,cotton,cotton::Army worm,Army worm,1,1,train,,
/kaggle/input/datasets/dhamur/cotton-plant-disease/Cotton leaves/40 Images/Healthy/random_crop_pil_color_5.jpg,cotton,cotton::Healthy,Healthy,3,1,train,,
/kaggle/input/datasets/dhamur/cotton-plant-disease/Cotton leaves/40 Images/Healthy/rotate_zoom33.jpg,cotton,cotton::Healthy,Healthy,3,1,train,,
/kaggle/input/datasets/dhamur/cotton-plant-disease/Cotton leaves/40 Images/Healthy/pil_sharpness_11.jpg,cotton,cotton::Healthy,Healthy,3,1,train,,
/kaggle/working/exp02_robust_open_set/unknown_sources/cifar10/train/00737_f539c7c7264f.png,cifar10,cifar10::f539c7c7264f691a,Unclassified,6,0,train,object_vehicle,truck
/kaggle/input/datasets/dhamur/cotton-plant-disease/Cotton leaves/40 Images/Healthy/pil_constract_22.jpg,cotton,cotton::Healthy,Healthy,3,1,train,,
/kaggle/input/datasets/dhamur/cotton-plant-disease/Cotton leaves/40 Images/Army worm/random_translation_pil_constract_37.jpg,cotton,cotton::Army worm,Army worm,1,1,train,,
/kaggle/input/datasets/dhamur/cotton-plant-disease/Cotton leaves/40 Images/Powdery mildew/pil_color_7.jpg,cotton,cotton::Powdery mildew,Powdery mildew,4,1,train,,
/kaggle/input/datasets/dhamur/cotton-plant-disease/Cotton leaves/40 Images/Powdery mildew/rotate_zoompil_sharpness_37.jpg,cotton,cotton::Powdery mildew,Powdery mildew,4,1,train,,
/kaggle/working/exp02_robust_open_set/unknown_sources/cifar10/train/00583_5bc350c3a7d7.png,cifar10,cifar10::5bc350c3a7d76b96,Unclassified,6,0,train,object_vehicle,truck
/kaggle/input/datasets/dhamur/cotton-plant-disease/Cotton leaves/40 Images/Bacterial blight/rotate_zoompil_color_4.jpg,cotton,cotton::Bacterial blight,Bacterial blight,2,1,train,,
/kaggle/input/datasets/dhamur/cotton-plant-disease/Cotton leaves/40 Images/Healthy/vertical_flippil_color_40.jpg,cotton,cotton::Healthy,Healthy,3,1,train,,
/kaggle/input/datasets/dhamur/cotton-plant-disease/Cotton leaves/40 Images/Army worm/pil_sharpness_10.jpg,cotton,cotton::Army worm,Army worm,1,1,train,,
/kaggle/input/datasets/dhamur/cotton-plant-disease/Cotton leaves/40 Images/Powdery mildew/vertical_flippil_color_24.jpg,cotton,cotton::Powdery mildew,Powdery mildew,4,1,train,,
/kaggle/input/datasets/dhamur/cotton-plant-disease/Cotton leaves/40 Images/Healthy/rotate_zoompil_brightness_12.jpg,cotton,cotton::Healthy,Healthy,3,1,train,,
/kaggle/input/datasets/dhamur/cotton-plant-disease/Cotton leaves/40 Images/Powdery mildew/vertical_flippil_constract_18.jpg,cotton,cotton::Powdery mildew,Powdery mildew,4,1,train,,
/kaggle/input/datasets/dhamur/cotton-plant-disease/Cotton leaves/40 Images/Powdery mildew/vertical_flippil_brightness_29.jpg,cotton,cotton::Powdery mildew,Powdery mildew,4,1,train,,
/kaggle/input/datasets/dhamur/cotton-plant-disease/Cotton leaves/40 Images/Healthy/pil_brightness_12.jpg,cotton,cotton::Healthy,Healthy,3,1,train,,
/kaggle/input/datasets/dhamur/cotton-plant-disease/Cotton leaves/40 Images/Army worm/random_translation_pil_color_16.jpg,cotton,cotton::Army worm,Army worm,1,1,train,,
/kaggle/input/datasets/dhamur/cotton-plant-disease/Cotton leaves/40 Images/Army worm/rotate_zoom36.jpg,cotton,cotton::Army worm,Army worm,1,1,train,,
/kaggle/input/datasets/dhamur/cotton-plant-disease/Cotton leaves/40 Images/Healthy/rotate_zoompil_brightness_18.jpg,cotton,cotton::Healthy,Healthy,3,1,train,,
/kaggle/working/exp02_robust_open_set/unknown_sources/cifar10/train/00426_b29deb585509.png,cifar10,cifar10::b29deb585509614b,Unclassified,6,0,train,object_vehicle,automobile
/kaggle/input/datasets/dhamur/cotton-plant-disease/Cotton leaves/40 Images/Healthy/pil_constract_39.jpg,cotton,cotton::Healthy,Healthy,3,1,train,,
/kaggle/input/datasets/dhamur/cotton-plant-disease/Cotton leaves/40 Images/Powdery mildew/vertical_flip13.jpg,cotton,cotton::Powdery mildew,Powdery mildew,4,1,train,,
/kaggle/input/datasets/dhamur/cotton-plant-disease/Cotton leaves/40 Images/Bacterial blight/rotate_zoompil_sharpness_7.jpg,cotton,cotton::Bacterial blight,Bacterial blight,2,1,train,,
/kaggle/input/datasets/dhamur/cotton-plant-disease/Cotton leaves/40 Images/Powdery mildew/pil_sharpness_9.jpg,cotton,cotton::Powdery mildew,Powdery mildew,4,1,train,,
/kaggle/input/datasets/dhamur/cotton-plant-disease/Cotton leaves/40 Images/Bacterial blight/random_crop_pil_color_2.jpg,cotton,cotton::Bacterial blight,Bacterial blight,2,1,train,,
/kaggle/input/datasets/dhamur/cotton-plant-disease/Cotton leaves/40 Images/Aphids/random_crop_pil_sharpness_4.jpg,cotton,cotton::Aphids,Aphids,0,1,train,,
/kaggle/working/exp02_robust_open_set/unknown_sources/cifar10/train/00582_fa8630b6a985.png,cifar10,cifar10::fa8630b6a9858bb4,Unclassified,6,0,train,animal,dog
/kaggle/working/exp02_robust_open_set/unknown_sources/cifar10/train/00125_034f47d25e0c.png,cifar10,cifar10::034f47d25e0cd015,Unclassified,6,0,train,object_vehicle,truck
/kaggle/input/datasets/dhamur/cotton-plant-disease/Cotton leaves/40 Images/Bacterial blight/vertical_flip34.jpg,cotton,cotton::Bacterial blight,Bacterial blight,2,1,train,,
/kaggle/input/datasets/dhamur/cotton-plant-disease/Cotton leaves/40 Images/Healthy/random_crop_pil_color_2.jpg,cotton,cotton::Healthy,Healthy,3,1,train,,
/kaggle/working/exp02_robust_open_set/unknown_sources/cifar10/train/00025_c6a7645e76aa.png,cifar10,cifar10::c6a7645e76aa7194,Unclassified,6,0,train,object_vehicle,automobile
/kaggle/input/datasets/dhamur/cotton-plant-disease/Cotton leaves/40 Images/Bacterial blight/vertical_flippil_brightness_26.jpg,cotton,cotton::Bacterial blight,Bacterial blight,2,1,train,,
/kaggle/input/datasets/dhamur/cotton-plant-disease/Cotton leaves/40 Images/Aphids/pil_brightness_26.jpg,cotton,cotton::Aphids,Aphids,0,1,train,,
/kaggle/working/exp02_robust_open_set/unknown_sources/cifar10/train/00610_ab10b10b2144.png,cifar10,cifar10::ab10b10b2144a69a,Unclassified,6,0,train,animal,dog
/kaggle/input/datasets/dhamur/cotton-plant-disease/Cotton leaves/40 Images/Healthy/vertical_flippil_color_20.jpg,cotton,cotton::Healthy,Healthy,3,1,train,,
/kaggle/input/datasets/dhamur/cotton-plant-disease/Cotton leaves/40 Images/Bacterial blight/vertical_flippil_color_15.jpg,cotton,cotton::Bacterial blight,Bacterial blight,2,1,train,,
/kaggle/input/datasets/dhamur/cotton-plant-disease/Cotton leaves/40 Images/Powdery mildew/rotate_zoompil_constract_2.jpg,cotton,cotton::Powdery mildew,Powdery mildew,4,1,train,,
/kaggle/input/datasets/dhamur/cotton-plant-disease/Cotton leaves/40 Images/Healthy/pil_sharpness_8.jpg,cotton,cotton::Healthy,Healthy,3,1,train,,
/kaggle/input/datasets/dhamur/cotton-plant-disease/Cotton leaves/40 Images/Army worm/random_translation_pil_sharpness_38.jpg,cotton,cotton::Army worm,Army worm,1,1,train,,
/kaggle/working/exp02_robust_open_set/unknown_sources/cifar10/train/00249_2554c76a28ab.png,cifar10,cifar10::2554c76a28ab9496,Unclassified,6,0,train,animal,bird
/kaggle/input/datasets/dhamur/cotton-plant-disease/Cotton leaves/40 Images/Healthy/vertical_flippil_constract_31.jpg,cotton,cotton::Healthy,Healthy,3,1,train,,
/kaggle/input/datasets/dhamur/cotton-plant-disease/Cotton leaves/40 Images/Target spot/pil_sharpness_30.jpg,cotton,cotton::Target spot,Target spot,5,1,train,,
/kaggle/input/datasets/dhamur/cotton-plant-disease/Cotton leaves/40 Images/Healthy/vertical_flippil_constract_37.jpg,cotton,cotton::Healthy,Healthy,3,1,train,,
/kaggle/input/datasets/dhamur/cotton-plant-disease/Cotton leaves/40 Images/Army worm/random_translation_25.jpg,cotton,cotton::Army worm,Army worm,1,1,train,,
/kaggle/working/exp02_robust_open_set/unknown_sources/cifar10/train/00113_1719955ee386.png,cifar10,cifar10::1719955ee38621bf,Unclassified,6,0,train,object_vehicle,airplane
/kaggle/input/datasets/dhamur/cotton-plant-disease/Cotton leaves/40 Images/Powdery mildew/random_crop_pil_sharpness_4.jpg,cotton,cotton::Powdery mildew,Powdery mildew,4,1,train,,
/kaggle/input/datasets/dhamur/cotton-plant-disease/Cotton leaves/40 Images/Aphids/random_crop_pil_color_25.jpg,cotton,cotton::Aphids,Aphids,0,1,train,,
/kaggle/working/exp02_robust_open_set/unknown_sources/cifar10/train/00676_c60bb5e68608.png,cifar10,cifar10::c60bb5e68608b740,Unclassified,6,0,train,object_vehicle,truck
/kaggle/input/datasets/dhamur/cotton-plant-disease/Cotton leaves/40 Images/Powdery mildew/vertical_flip7.jpg,cotton,cotton::Powdery mildew,Powdery mildew,4,1,train,,
/kaggle/input/datasets/dhamur/cotton-plant-disease/Cotton leaves/40 Images/Aphids/rotate_zoompil_sharpness_17.jpg,cotton,cotton::Aphids,Aphids,0,1,train,,
/kaggle/input/datasets/dhamur/cotton-plant-disease/Cotton leaves/40 Images/Target spot/rotate_zoompil_color_21.jpg,cotton,cotton::Target spot,Target spot,5,1,train,,
/kaggle/input/datasets/dhamur/cotton-plant-disease/Cotton leaves/40 Images/Bacterial blight/vertical_flip23.jpg,cotton,cotton::Bacterial blight,Bacterial blight,2,1,train,,
/kaggle/input/datasets/dhamur/cotton-plant-disease/Cotton leaves/40 Images/Healthy/random_crop_28.jpg,cotton,cotton::Healthy,Healthy,3,1,train,,
/kaggle/input/datasets/dhamur/cotton-plant-disease/Cotton leaves/40 Images/Healthy/rotate_zoompil_brightness_15.jpg,cotton,cotton::Healthy,Healthy,3,1,train,,
/kaggle/working/exp02_robust_open_set/unknown_sources/cifar10/train/00331_fa0104bb8219.png,cifar10,cifar10::fa0104bb8219176e,Unclassified,6,0,train,animal,deer
/kaggle/working/exp02_robust_open_set/unknown_sources/cifar10/train/00330_d82c30788d43.png,cifar10,cifar10::d82c30788d430c2f,Unclassified,6,0,train,animal,frog
/kaggle/working/exp02_robust_open_set/unknown_sources/cifar10/train/00006_ea939819fc49.png,cifar10,cifar10::ea939819fc49d059,Unclassified,6,0,train,animal,horse
/kaggle/input/datasets/dhamur/cotton-plant-disease/Cotton leaves/40 Images/Army worm/pil_brightness_32.jpg,cotton,cotton::Army worm,Army worm,1,1,train,,
/kaggle/input/datasets/dhamur/cotton-plant-disease/Cotton leaves/40 Images/Target spot/rotate_zoompil_constract_17.jpg,cotton,cotton::Target spot,Target spot,5,1,train,,
/kaggle/input/datasets/dhamur/cotton-plant-disease/Cotton leaves/40 Images/Powdery mildew/rotate_zoompil_constract_8.jpg,cotton,cotton::Powdery mildew,Powdery mildew,4,1,train,,
/kaggle/working/exp02_robust_open_set/unknown_sources/cifar10/train/00517_52daee47bb03.png,cifar10,cifar10::52daee47bb03a8b0,Unclassified,6,0,train,animal,deer
/kaggle/input/datasets/dhamur/cotton-plant-disease/Cotton leaves/40 Images/Healthy/rotate_zoompil_sharpness_23.jpg,cotton,cotton::Healthy,Healthy,3,1,train,,
/kaggle/input/datasets/dhamur/cotton-plant-disease/Cotton leaves/40 Images/Aphids/random_crop_pil_brightness_32.jpg,cotton,cotton::Aphids,Aphids,0,1,train,,
/kaggle/input/datasets/dhamur/cotton-plant-disease/Cotton leaves/40 Images/Target spot/random_crop_pil_brightness_17.jpg,cotton,cotton::Target spot,Target spot,5,1,train,,
/kaggle/input/datasets/dhamur/cotton-plant-disease/Cotton leaves/40 Images/Healthy/vertical_flip14.jpg,cotton,cotton::Healthy,Healthy,3,1,train,,
/kaggle/input/datasets/dhamur/cotton-plant-disease/Cotton leaves/40 Images/Target spot/random_crop_8.jpg,cotton,cotton::Target spot,Target spot,5,1,train,,
/kaggle/input/datasets/dhamur/cotton-plant-disease/Cotton leaves/40 Images/Bacterial blight/rotate_zoompil_brightness_23.jpg,cotton,cotton::Bacterial blight,Bacterial blight,2,1,train,,
/kaggle/working/exp02_robust_open_set/unknown_sources/cifar10/train/00684_420071a1baad.png,cifar10,cifar10::420071a1baadc2fe,Unclassified,6,0,train,animal,bird
/kaggle/input/datasets/dhamur/cotton-plant-disease/Cotton leaves/40 Images/Bacterial blight/pil_brightness_3.jpg,cotton,cotton::Bacterial blight,Bacterial blight,2,1,train,,
/kaggle/input/datasets/dhamur/cotton-plant-disease/Cotton leaves/40 Images/Powdery mildew/random_crop_pil_color_18.jpg,cotton,cotton::Powdery mildew,Powdery mildew,4,1,train,,
/kaggle/input/datasets/dhamur/cotton-plant-disease/Cotton leaves/40 Images/Powdery mildew/random_crop_39.jpg,cotton,cotton::Powdery mildew,Powdery mildew,4,1,train,,
/kaggle/input/datasets/dhamur/cotton-plant-disease/Cotton leaves/40 Images/Bacterial blight/rotate_zoompil_sharpness_22.jpg,cotton,cotton::Bacterial blight,Bacterial blight,2,1,train,,
/kaggle/input/datasets/dhamur/cotton-plant-disease/Cotton leaves/40 Images/Powdery mildew/vertical_flip19.jpg,cotton,cotton::Powdery mildew,Powdery mildew,4,1,train,,
/kaggle/input/datasets/dhamur/cotton-plant-disease/Cotton leaves/40 Images/Target spot/random_crop_pil_sharpness_31.jpg,cotton,cotton::Target spot,Target spot,5,1,train,,
/kaggle/working/exp02_robust_open_set/unknown_sources/cifar10/train/00166_ea53815dcd50.png,cifar10,cifar10::ea53815dcd506457,Unclassified,6,0,train,object_vehicle,airplane
/kaggle/input/datasets/dhamur/cotton-plant-disease/Cotton leaves/40 Images/Bacterial blight/vertical_flippil_brightness_5.jpg,cotton,cotton::Bacterial blight,Bacterial blight,2,1,train,,
/kaggle/working/exp02_robust_open_set/unknown_sources/cifar10/train/00754_bc4b024f02fa.png,cifar10,cifar10::bc4b024f02fa2851,Unclassified,6,0,train,animal,bird
/kaggle/working/exp02_robust_open_set/unknown_sources/cifar10/train/00466_55e2b2b3a7ff.png,cifar10,cifar10::55e2b2b3a7ff87ba,Unclassified,6,0,train,animal,bird
/kaggle/input/datasets/dhamur/cotton-plant-disease/Cotton leaves/40 Images/Target spot/rotate_zoom19.jpg,cotton,cotton::Target spot,Target spot,5,1,train,,
/kaggle/input/datasets/dhamur/cotton-plant-disease/Cotton leaves/40 Images/Healthy/rotate_zoompil_color_14.jpg,cotton,cotton::Healthy,Healthy,3,1,train,,
/kaggle/input/datasets/dhamur/cotton-plant-disease/Cotton leaves/40 Images/Target spot/pil_color_36.jpg,cotton,cotton::Target spot,Target spot,5,1,train,,
/kaggle/working/exp02_robust_open_set/unknown_sources/cifar10/train/00782_10dcb6ee8d1e.png,cifar10,cifar10::10dcb6ee8d1e9ea9,Unclassified,6,0,train,object_vehicle,ship
/kaggle/working/exp02_robust_open_set/unknown_sources/cifar10/train/00475_3c369f1a9af3.png,cifar10,cifar10::3c369f1a9af3de54,Unclassified,6,0,train,animal,cat
/kaggle/input/datasets/dhamur/cotton-plant-disease/Cotton leaves/40 Images/Army worm/pil_constract_8.jpg,cotton,cotton::Army worm,Army worm,1,1,train,,
/kaggle/input/datasets/dhamur/cotton-plant-disease/Cotton leaves/40 Images/Bacterial blight/vertical_flippil_constract_34.jpg,cotton,cotton::Bacterial blight,Bacterial blight,2,1,train,,
/kaggle/input/datasets/dhamur/cotton-plant-disease/Cotton leaves/40 Images/Powdery mildew/rotate_zoompil_sharpness_6.jpg,cotton,cotton::Powdery mildew,Powdery mildew,4,1,train,,
/kaggle/input/datasets/dhamur/cotton-plant-disease/Cotton leaves/40 Images/Powdery mildew/random_crop_pil_brightness_2.jpg,cotton,cotton::Powdery mildew,Powdery mildew,4,1,train,,
/kaggle/input/datasets/dhamur/cotton-plant-disease/Cotton leaves/40 Images/Powdery mildew/random_crop_pil_sharpness_7.jpg,cotton,cotton::Powdery mildew,Powdery mildew,4,1,train,,
/kaggle/input/datasets/dhamur/cotton-plant-disease/Cotton leaves/40 Images/Army worm/vertical_flippil_sharpness_32.jpg,cotton,cotton::Army worm,Army worm,1,1,train,,
/kaggle/input/datasets/dhamur/cotton-plant-disease/Cotton leaves/40 Images/Army worm/rotate_zoompil_color_9.jpg,cotton,cotton::Army worm,Army worm,1,1,train,,
/kaggle/input/datasets/dhamur/cotton-plant-disease/Cotton leaves/40 Images/Target spot/random_crop_pil_constract_22.jpg,cotton,cotton::Target spot,Target spot,5,1,train,,
/kaggle/working/exp02_robust_open_set/unknown_sources/cifar10/train/00688_9933596157b7.png,cifar10,cifar10::9933596157b7e314,Unclassified,6,0,train,object_vehicle,airplane
/kaggle/input/datasets/dhamur/cotton-plant-disease/Cotton leaves/40 Images/Powdery mildew/vertical_flippil_constract_39.jpg,cotton,cotton::Powdery mildew,Powdery mildew,4,1,train,,
/kaggle/working/exp02_robust_open_set/unknown_sources/cifar10/train/00550_72b36edb94e4.png,cifar10,cifar10::72b36edb94e4cc60,Unclassified,6,0,train,animal,cat
/kaggle/input/datasets/dhamur/cotton-plant-disease/Cotton leaves/40 Images/Target spot/24.jpg,cotton,cotton::Target spot,Target spot,5,1,train,,
/kaggle/input/datasets/dhamur/cotton-plant-disease/Cotton leaves/40 Images/Army worm/random_translation_pil_constract_29.jpg,cotton,cotton::Army worm,Army worm,1,1,train,,
/kaggle/input/datasets/dhamur/cotton-plant-disease/Cotton leaves/40 Images/Powdery mildew/rotate_zoompil_sharpness_20.jpg,cotton,cotton::Powdery mildew,Powdery mildew,4,1,train,,
/kaggle/input/datasets/dhamur/cotton-plant-disease/Cotton leaves/40 Images/Aphids/pil_brightness_38.jpg,cotton,cotton::Aphids,Aphids,0,1,train,,
/kaggle/input/datasets/dhamur/cotton-plant-disease/Cotton leaves/40 Images/Healthy/pil_color_12.jpg,cotton,cotton::Healthy,Healthy,3,1,train,,
/kaggle/input/datasets/dhamur/cotton-plant-disease/Cotton leaves/40 Images/Target spot/pil_color_17.jpg,cotton,cotton::Target spot,Target spot,5,1,train,,
/kaggle/input/datasets/dhamur/cotton-plant-disease/Cotton leaves/40 Images/Healthy/vertical_flippil_constract_6.jpg,cotton,cotton::Healthy,Healthy,3,1,train,,
/kaggle/input/datasets/dhamur/cotton-plant-disease/Cotton leaves/40 Images/Army worm/random_translation_pil_brightness_3.jpg,cotton,cotton::Army worm,Army worm,1,1,train,,
/kaggle/input/datasets/dhamur/cotton-plant-disease/Cotton leaves/40 Images/Bacterial blight/pil_color_31.jpg,cotton,cotton::Bacterial blight,Bacterial blight,2,1,train,,
/kaggle/input/datasets/dhamur/cotton-plant-disease/Cotton leaves/40 Images/Healthy/30.jpg,cotton,cotton::Healthy,Healthy,3,1,train,,
/kaggle/working/exp02_robust_open_set/unknown_sources/cifar10/train/00075_1ad05d14ee12.png,cifar10,cifar10::1ad05d14ee12b4a8,Unclassified,6,0,train,animal,horse
/kaggle/input/datasets/dhamur/cotton-plant-disease/Cotton leaves/40 Images/Aphids/random_crop_pil_brightness_6.jpg,cotton,cotton::Aphids,Aphids,0,1,train,,
/kaggle/input/datasets/dhamur/cotton-plant-disease/Cotton leaves/40 Images/Target spot/35.jpg,cotton,cotton::Target spot,Target spot,5,1,train,,
/kaggle/input/datasets/dhamur/cotton-plant-disease/Cotton leaves/40 Images/Bacterial blight/rotate_zoom6.jpg,cotton,cotton::Bacterial blight,Bacterial blight,2,1,train,,
/kaggle/input/datasets/dhamur/cotton-plant-disease/Cotton leaves/40 Images/Army worm/vertical_flip15.jpg,cotton,cotton::Army worm,Army worm,1,1,train,,
/kaggle/input/datasets/dhamur/cotton-plant-disease/Cotton leaves/40 Images/Aphids/rotate_zoompil_brightness_12.jpg,cotton,cotton::Aphids,Aphids,0,1,train,,
/kaggle/input/datasets/dhamur/cotton-plant-disease/Cotton leaves/40 Images/Powdery mildew/pil_constract_23.jpg,cotton,cotton::Powdery mildew,Powdery mildew,4,1,train,,
/kaggle/input/datasets/dhamur/cotton-plant-disease/Cotton leaves/40 Images/Powdery mildew/rotate_zoompil_sharpness_19.jpg,cotton,cotton::Powdery mildew,Powdery mildew,4,1,train,,
/kaggle/working/exp02_robust_open_set/unknown_sources/cifar10/train/00392_5c730f5e4099.png,cifar10,cifar10::5c730f5e4099a6c5,Unclassified,6,0,train,object_vehicle,airplane
/kaggle/input/datasets/dhamur/cotton-plant-disease/Cotton leaves/40 Images/Powdery mildew/random_crop_pil_color_12.jpg,cotton,cotton::Powdery mildew,Powdery mildew,4,1,train,,
/kaggle/input/datasets/dhamur/cotton-plant-disease/Cotton leaves/40 Images/Aphids/random_crop_pil_brightness_8.jpg,cotton,cotton::Aphids,Aphids,0,1,train,,
/kaggle/input/datasets/dhamur/cotton-plant-disease/Cotton leaves/40 Images/Powdery mildew/rotate_zoom28.jpg,cotton,cotton::Powdery mildew,Powdery mildew,4,1,train,,
/kaggle/input/datasets/dhamur/cotton-plant-disease/Cotton leaves/40 Images/Aphids/rotate_zoompil_color_40.jpg,cotton,cotton::Aphids,Aphids,0,1,train,,
/kaggle/input/datasets/dhamur/cotton-plant-disease/Cotton leaves/40 Images/Army worm/pil_color_10.jpg,cotton,cotton::Army worm,Army worm,1,1,train,,
/kaggle/input/datasets/dhamur/cotton-plant-disease/Cotton leaves/40 Images/Bacterial blight/4.jpg,cotton,cotton::Bacterial blight,Bacterial blight,2,1,train,,
/kaggle/working/exp02_robust_open_set/unknown_sources/cifar10/train/00619_84587d47673e.png,cifar10,cifar10::84587d47673ea4c3,Unclassified,6,0,train,object_vehicle,ship
/kaggle/input/datasets/dhamur/cotton-plant-disease/Cotton leaves/40 Images/Army worm/random_translation_pil_color_39.jpg,cotton,cotton::Army worm,Army worm,1,1,train,,
/kaggle/working/exp02_robust_open_set/unknown_sources/cifar10/train/00785_358f829ed736.png,cifar10,cifar10::358f829ed736ff91,Unclassified,6,0,train,object_vehicle,automobile
/kaggle/input/datasets/dhamur/cotton-plant-disease/Cotton leaves/40 Images/Powdery mildew/random_crop_pil_sharpness_6.jpg,cotton,cotton::Powdery mildew,Powdery mildew,4,1,train,,
/kaggle/input/datasets/dhamur/cotton-plant-disease/Cotton leaves/40 Images/Aphids/vertical_flippil_brightness_32.jpg,cotton,cotton::Aphids,Aphids,0,1,train,,
/kaggle/input/datasets/dhamur/cotton-plant-disease/Cotton leaves/40 Images/Bacterial blight/pil_constract_39.jpg,cotton,cotton::Bacterial blight,Bacterial blight,2,1,train,,
/kaggle/input/datasets/dhamur/cotton-plant-disease/Cotton leaves/40 Images/Army worm/pil_sharpness_32.jpg,cotton,cotton::Army worm,Army worm,1,1,train,,
/kaggle/input/datasets/dhamur/cotton-plant-disease/Cotton leaves/40 Images/Target spot/pil_color_27.jpg,cotton,cotton::Target spot,Target spot,5,1,train,,
/kaggle/input/datasets/dhamur/cotton-plant-disease/Cotton leaves/40 Images/Powdery mildew/vertical_flippil_brightness_23.jpg,cotton,cotton::Powdery mildew,Powdery mildew,4,1,train,,
/kaggle/input/datasets/dhamur/cotton-plant-disease/Cotton leaves/40 Images/Army worm/vertical_flippil_sharpness_2.jpg,cotton,cotton::Army worm,Army worm,1,1,train,,
/kaggle/input/datasets/dhamur/cotton-plant-disease/Cotton leaves/40 Images/Bacterial blight/random_crop_pil_brightness_22.jpg,cotton,cotton::Bacterial blight,Bacterial blight,2,1,train,,
/kaggle/input/datasets/dhamur/cotton-plant-disease/Cotton leaves/40 Images/Target spot/4.jpg,cotton,cotton::Target spot,Target spot,5,1,train,,
/kaggle/input/datasets/dhamur/cotton-plant-disease/Cotton leaves/40 Images/Aphids/random_crop_pil_color_29.jpg,cotton,cotton::Aphids,Aphids,0,1,train,,
/kaggle/input/datasets/dhamur/cotton-plant-disease/Cotton leaves/40 Images/Bacterial blight/random_crop_10.jpg,cotton,cotton::Bacterial blight,Bacterial blight,2,1,train,,
/kaggle/input/datasets/dhamur/cotton-plant-disease/Cotton leaves/40 Images/Healthy/rotate_zoompil_constract_21.jpg,cotton,cotton::Healthy,Healthy,3,1,train,,
/kaggle/input/datasets/dhamur/cotton-plant-disease/Cotton leaves/40 Images/Healthy/pil_constract_12.jpg,cotton,cotton::Healthy,Healthy,3,1,train,,
/kaggle/input/datasets/dhamur/cotton-plant-disease/Cotton leaves/40 Images/Bacterial blight/rotate_zoompil_sharpness_17.jpg,cotton,cotton::Bacterial blight,Bacterial blight,2,1,train,,
/kaggle/input/datasets/dhamur/cotton-plant-disease/Cotton leaves/40 Images/Powdery mildew/rotate_zoompil_constract_18.jpg,cotton,cotton::Powdery mildew,Powdery mildew,4,1,train,,
/kaggle/input/datasets/dhamur/cotton-plant-disease/Cotton leaves/40 Images/Army worm/pil_color_13.jpg,cotton,cotton::Army worm,Army worm,1,1,train,,
/kaggle/input/datasets/dhamur/cotton-plant-disease/Cotton leaves/40 Images/Aphids/random_crop_pil_sharpness_6.jpg,cotton,cotton::Aphids,Aphids,0,1,train,,
/kaggle/input/datasets/dhamur/cotton-plant-disease/Cotton leaves/40 Images/Target spot/vertical_flip4.jpg,cotton,cotton::Target spot,Target spot,5,1,train,,
/kaggle/input/datasets/dhamur/cotton-plant-disease/Cotton leaves/40 Images/Bacterial blight/pil_color_6.jpg,cotton,cotton::Bacterial blight,Bacterial blight,2,1,train,,
/kaggle/working/exp02_robust_open_set/unknown_sources/cifar10/train/00479_637806b2dfb4.png,cifar10,cifar10::637806b2dfb4f3ae,Unclassified,6,0,train,object_vehicle,ship
/kaggle/working/exp02_robust_open_set/unknown_sources/cifar10/train/00226_e46a117e7a07.png,cifar10,cifar10::e46a117e7a07263f,Unclassified,6,0,train,animal,dog
/kaggle/input/datasets/dhamur/cotton-plant-disease/Cotton leaves/40 Images/Healthy/pil_brightness_9.jpg,cotton,cotton::Healthy,Healthy,3,1,train,,
/kaggle/input/datasets/dhamur/cotton-plant-disease/Cotton leaves/40 Images/Healthy/pil_brightness_31.jpg,cotton,cotton::Healthy,Healthy,3,1,train,,
/kaggle/working/exp02_robust_open_set/unknown_sources/cifar10/train/00516_0c9427cfb666.png,cifar10,cifar10::0c9427cfb6662c82,Unclassified,6,0,train,animal,bird
/kaggle/input/datasets/dhamur/cotton-plant-disease/Cotton leaves/40 Images/Powdery mildew/rotate_zoom8.jpg,cotton,cotton::Powdery mildew,Powdery mildew,4,1,train,,
/kaggle/input/datasets/dhamur/cotton-plant-disease/Cotton leaves/40 Images/Army worm/vertical_flippil_brightness_27.jpg,cotton,cotton::Army worm,Army worm,1,1,train,,
/kaggle/input/datasets/dhamur/cotton-plant-disease/Cotton leaves/40 Images/Bacterial blight/pil_brightness_8.jpg,cotton,cotton::Bacterial blight,Bacterial blight,2,1,train,,
/kaggle/input/datasets/dhamur/cotton-plant-disease/Cotton leaves/40 Images/Target spot/vertical_flippil_brightness_21.jpg,cotton,cotton::Target spot,Target spot,5,1,train,,
/kaggle/input/datasets/dhamur/cotton-plant-disease/Cotton leaves/40 Images/Army worm/random_translation_pil_sharpness_40.jpg,cotton,cotton::Army worm,Army worm,1,1,train,,
/kaggle/input/datasets/dhamur/cotton-plant-disease/Cotton leaves/40 Images/Aphids/random_crop_pil_color_18.jpg,cotton,cotton::Aphids,Aphids,0,1,train,,
/kaggle/input/datasets/dhamur/cotton-plant-disease/Cotton leaves/40 Images/Target spot/vertical_flippil_constract_22.jpg,cotton,cotton::Target spot,Target spot,5,1,train,,
/kaggle/input/datasets/dhamur/cotton-plant-disease/Cotton leaves/40 Images/Army worm/random_translation_11.jpg,cotton,cotton::Army worm,Army worm,1,1,train,,
/kaggle/input/datasets/dhamur/cotton-plant-disease/Cotton leaves/40 Images/Army worm/random_translation_pil_sharpness_15.jpg,cotton,cotton::Army worm,Army worm,1,1,train,,
/kaggle/input/datasets/dhamur/cotton-plant-disease/Cotton leaves/40 Images/Bacterial blight/rotate_zoompil_brightness_16.jpg,cotton,cotton::Bacterial blight,Bacterial blight,2,1,train,,
/kaggle/input/datasets/dhamur/cotton-plant-disease/Cotton leaves/40 Images/Powdery mildew/random_crop_8.jpg,cotton,cotton::Powdery mildew,Powdery mildew,4,1,train,,
/kaggle/input/datasets/dhamur/cotton-plant-disease/Cotton leaves/40 Images/Powdery mildew/pil_constract_26.jpg,cotton,cotton::Powdery mildew,Powdery mildew,4,1,train,,
/kaggle/input/datasets/dhamur/cotton-plant-disease/Cotton leaves/40 Images/Bacterial blight/rotate_zoompil_sharpness_33.jpg,cotton,cotton::Bacterial blight,Bacterial blight,2,1,train,,
/kaggle/input/datasets/dhamur/cotton-plant-disease/Cotton leaves/40 Images/Aphids/rotate_zoom32.jpg,cotton,cotton::Aphids,Aphids,0,1,train,,
/kaggle/input/datasets/dhamur/cotton-plant-disease/Cotton leaves/40 Images/Aphids/random_crop_pil_color_37.jpg,cotton,cotton::Aphids,Aphids,0,1,train,,
/kaggle/input/datasets/dhamur/cotton-plant-disease/Cotton leaves/40 Images/Aphids/random_crop_7.jpg,cotton,cotton::Aphids,Aphids,0,1,train,,
/kaggle/input/datasets/dhamur/cotton-plant-disease/Cotton leaves/40 Images/Target spot/vertical_flippil_sharpness_29.jpg,cotton,cotton::Target spot,Target spot,5,1,train,,
/kaggle/working/exp02_robust_open_set/unknown_sources/cifar10/train/00185_54aacba121e0.png,cifar10,cifar10::54aacba121e06b37,Unclassified,6,0,train,animal,horse
/kaggle/input/datasets/dhamur/cotton-plant-disease/Cotton leaves/40 Images/Army worm/rotate_zoom38.jpg,cotton,cotton::Army worm,Army worm,1,1,train,,
/kaggle/input/datasets/dhamur/cotton-plant-disease/Cotton leaves/40 Images/Healthy/random_crop_pil_brightness_30.jpg,cotton,cotton::Healthy,Healthy,3,1,train,,
/kaggle/input/datasets/dhamur/cotton-plant-disease/Cotton leaves/40 Images/Army worm/vertical_flippil_color_19.jpg,cotton,cotton::Army worm,Army worm,1,1,train,,
/kaggle/input/datasets/dhamur/cotton-plant-disease/Cotton leaves/40 Images/Aphids/rotate_zoompil_constract_2.jpg,cotton,cotton::Aphids,Aphids,0,1,train,,
/kaggle/input/datasets/dhamur/cotton-plant-disease/Cotton leaves/40 Images/Aphids/rotate_zoompil_constract_22_.jpg,cotton,cotton::Aphids,Aphids,0,1,train,,
/kaggle/input/datasets/dhamur/cotton-plant-disease/Cotton leaves/40 Images/Healthy/pil_constract_15.jpg,cotton,cotton::Healthy,Healthy,3,1,train,,
/kaggle/input/datasets/dhamur/cotton-plant-disease/Cotton leaves/40 Images/Army worm/vertical_flippil_color_7.jpg,cotton,cotton::Army worm,Army worm,1,1,train,,
/kaggle/input/datasets/dhamur/cotton-plant-disease/Cotton leaves/40 Images/Target spot/pil_color_10.jpg,cotton,cotton::Target spot,Target spot,5,1,train,,
/kaggle/working/exp02_robust_open_set/unknown_sources/cifar10/train/00486_3b8796d92dac.png,cifar10,cifar10::3b8796d92dacfac7,Unclassified,6,0,train,animal,horse
/kaggle/working/exp02_robust_open_set/unknown_sources/cifar10/train/00244_aa55958aaaaf.png,cifar10,cifar10::aa55958aaaafd472,Unclassified,6,0,train,object_vehicle,ship
/kaggle/input/datasets/dhamur/cotton-plant-disease/Cotton leaves/40 Images/Powdery mildew/rotate_zoompil_color_2.jpg,cotton,cotton::Powdery mildew,Powdery mildew,4,1,train,,
/kaggle/input/datasets/dhamur/cotton-plant-disease/Cotton leaves/40 Images/Powdery mildew/pil_constract_10.jpg,cotton,cotton::Powdery mildew,Powdery mildew,4,1,train,,
/kaggle/input/datasets/dhamur/cotton-plant-disease/Cotton leaves/40 Images/Target spot/vertical_flippil_constract_4.jpg,cotton,cotton::Target spot,Target spot,5,1,train,,
/kaggle/input/datasets/dhamur/cotton-plant-disease/Cotton leaves/40 Images/Army worm/pil_brightness_36.jpg,cotton,cotton::Army worm,Army worm,1,1,train,,
/kaggle/input/datasets/dhamur/cotton-plant-disease/Cotton leaves/40 Images/Army worm/random_translation_pil_sharpness_37.jpg,cotton,cotton::Army worm,Army worm,1,1,train,,
/kaggle/input/datasets/dhamur/cotton-plant-disease/Cotton leaves/40 Images/Bacterial blight/random_crop_22.jpg,cotton,cotton::Bacterial blight,Bacterial blight,2,1,train,,
/kaggle/input/datasets/dhamur/cotton-plant-disease/Cotton leaves/40 Images/Aphids/rotate_zoom29.jpg,cotton,cotton::Aphids,Aphids,0,1,train,,
/kaggle/input/datasets/dhamur/cotton-plant-disease/Cotton leaves/40 Images/Powdery mildew/pil_constract_37.jpg,cotton,cotton::Powdery mildew,Powdery mildew,4,1,train,,
/kaggle/working/exp02_robust_open_set/unknown_sources/cifar10/train/00384_a62f33853ac7.png,cifar10,cifar10::a62f33853ac722dd,Unclassified,6,0,train,object_vehicle,truck
/kaggle/working/exp02_robust_open_set/unknown_sources/cifar10/train/00591_da6ac7feed89.png,cifar10,cifar10::da6ac7feed89f4de,Unclassified,6,0,train,animal,dog
/kaggle/input/datasets/dhamur/cotton-plant-disease/Cotton leaves/40 Images/Powdery mildew/vertical_flippil_constract_23.jpg,cotton,cotton::Powdery mildew,Powdery mildew,4,1,train,,
/kaggle/input/datasets/dhamur/cotton-plant-disease/Cotton leaves/40 Images/Powdery mildew/rotate_zoompil_sharpness_7.jpg,cotton,cotton::Powdery mildew,Powdery mildew,4,1,train,,
/kaggle/input/datasets/dhamur/cotton-plant-disease/Cotton leaves/40 Images/Aphids/vertical_flip3.jpg,cotton,cotton::Aphids,Aphids,0,1,train,,
/kaggle/working/exp02_robust_open_set/unknown_sources/cifar10/train/00044_d87e1ffa1791.png,cifar10,cifar10::d87e1ffa17917431,Unclassified,6,0,train,object_vehicle,truck
/kaggle/input/datasets/dhamur/cotton-plant-disease/Cotton leaves/40 Images/Bacterial blight/vertical_flippil_constract_11.jpg,cotton,cotton::Bacterial blight,Bacterial blight,2,1,train,,
/kaggle/input/datasets/dhamur/cotton-plant-disease/Cotton leaves/40 Images/Aphids/rotate_zoom16.jpg,cotton,cotton::Aphids,Aphids,0,1,train,,
/kaggle/input/datasets/dhamur/cotton-plant-disease/Cotton leaves/40 Images/Powdery mildew/21.jpg,cotton,cotton::Powdery mildew,Powdery mildew,4,1,train,,
/kaggle/input/datasets/dhamur/cotton-plant-disease/Cotton leaves/40 Images/Target spot/vertical_flippil_brightness_27.jpg,cotton,cotton::Target spot,Target spot,5,1,train,,
/kaggle/working/exp02_robust_open_set/unknown_sources/cifar10/train/00321_a07c013633c0.png,cifar10,cifar10::a07c013633c08a97,Unclassified,6,0,train,animal,dog
/kaggle/input/datasets/dhamur/cotton-plant-disease/Cotton leaves/40 Images/Target spot/rotate_zoompil_color_37.jpg,cotton,cotton::Target spot,Target spot,5,1,train,,
/kaggle/input/datasets/dhamur/cotton-plant-disease/Cotton leaves/40 Images/Healthy/pil_color_18.jpg,cotton,cotton::Healthy,Healthy,3,1,train,,
/kaggle/input/datasets/dhamur/cotton-plant-disease/Cotton leaves/40 Images/Bacterial blight/vertical_flippil_constract_37.jpg,cotton,cotton::Bacterial blight,Bacterial blight,2,1,train,,
/kaggle/input/datasets/dhamur/cotton-plant-disease/Cotton leaves/40 Images/Army worm/34.jpg,cotton,cotton::Army worm,Army worm,1,1,train,,
/kaggle/input/datasets/dhamur/cotton-plant-disease/Cotton leaves/40 Images/Bacterial blight/vertical_flippil_constract_22.jpg,cotton,cotton::Bacterial blight,Bacterial blight,2,1,train,,
/kaggle/input/datasets/dhamur/cotton-plant-disease/Cotton leaves/40 Images/Powdery mildew/rotate_zoompil_color_22.jpg,cotton,cotton::Powdery mildew,Powdery mildew,4,1,train,,
/kaggle/input/datasets/dhamur/cotton-plant-disease/Cotton leaves/40 Images/Bacterial blight/rotate_zoompil_brightness_14.jpg,cotton,cotton::Bacterial blight,Bacterial blight,2,1,train,,
/kaggle/input/datasets/dhamur/cotton-plant-disease/Cotton leaves/40 Images/Army worm/random_translation_pil_sharpness_23.jpg,cotton,cotton::Army worm,Army worm,1,1,train,,
/kaggle/input/datasets/dhamur/cotton-plant-disease/Cotton leaves/40 Images/Aphids/random_crop_pil_brightness_11.jpg,cotton,cotton::Aphids,Aphids,0,1,train,,
/kaggle/input/datasets/dhamur/cotton-plant-disease/Cotton leaves/40 Images/Army worm/vertical_flippil_color_15.jpg,cotton,cotton::Army worm,Army worm,1,1,train,,
/kaggle/working/exp02_robust_open_set/unknown_sources/cifar10/train/00590_69bcb8dacf37.png,cifar10,cifar10::69bcb8dacf370393,Unclassified,6,0,train,object_vehicle,airplane
/kaggle/input/datasets/dhamur/cotton-plant-disease/Cotton leaves/40 Images/Army worm/pil_sharpness_39.jpg,cotton,cotton::Army worm,Army worm,1,1,train,,
/kaggle/working/exp02_robust_open_set/unknown_sources/cifar10/train/00153_6324b1ed6148.png,cifar10,cifar10::6324b1ed61488985,Unclassified,6,0,train,animal,frog
/kaggle/input/datasets/dhamur/cotton-plant-disease/Cotton leaves/40 Images/Target spot/random_crop_pil_brightness_24.jpg,cotton,cotton::Target spot,Target spot,5,1,train,,
/kaggle/working/exp02_robust_open_set/unknown_sources/cifar10/train/00398_847818a58dc9.png,cifar10,cifar10::847818a58dc91bd2,Unclassified,6,0,train,animal,frog
/kaggle/input/datasets/dhamur/cotton-plant-disease/Cotton leaves/40 Images/Army worm/random_translation_pil_constract_10.jpg,cotton,cotton::Army worm,Army worm,1,1,train,,
/kaggle/input/datasets/dhamur/cotton-plant-disease/Cotton leaves/40 Images/Aphids/vertical_flippil_color_29.jpg,cotton,cotton::Aphids,Aphids,0,1,train,,
/kaggle/input/datasets/dhamur/cotton-plant-disease/Cotton leaves/40 Images/Army worm/rotate_zoompil_sharpness_15.jpg,cotton,cotton::Army worm,Army worm,1,1,train,,
/kaggle/input/datasets/dhamur/cotton-plant-disease/Cotton leaves/40 Images/Army worm/pil_color_25.jpg,cotton,cotton::Army worm,Army worm,1,1,train,,
/kaggle/input/datasets/dhamur/cotton-plant-disease/Cotton leaves/40 Images/Target spot/vertical_flip17.jpg,cotton,cotton::Target spot,Target spot,5,1,train,,
/kaggle/input/datasets/dhamur/cotton-plant-disease/Cotton leaves/40 Images/Healthy/random_crop_5.jpg,cotton,cotton::Healthy,Healthy,3,1,train,,
/kaggle/input/datasets/dhamur/cotton-plant-disease/Cotton leaves/40 Images/Aphids/random_crop_36.jpg,cotton,cotton::Aphids,Aphids,0,1,train,,
/kaggle/working/exp02_robust_open_set/unknown_sources/cifar10/train/00270_5a04faff0fef.png,cifar10,cifar10::5a04faff0fef3718,Unclassified,6,0,train,animal,bird
/kaggle/input/datasets/dhamur/cotton-plant-disease/Cotton leaves/40 Images/Aphids/pil_constract_30.jpg,cotton,cotton::Aphids,Aphids,0,1,train,,
/kaggle/input/datasets/dhamur/cotton-plant-disease/Cotton leaves/40 Images/Healthy/random_crop_pil_constract_31.jpg,cotton,cotton::Healthy,Healthy,3,1,train,,
/kaggle/input/datasets/dhamur/cotton-plant-disease/Cotton leaves/40 Images/Army worm/vertical_flippil_brightness_4.jpg,cotton,cotton::Army worm,Army worm,1,1,train,,
/kaggle/input/datasets/dhamur/cotton-plant-disease/Cotton leaves/40 Images/Army worm/pil_sharpness_40.jpg,cotton,cotton::Army worm,Army worm,1,1,train,,
/kaggle/input/datasets/dhamur/cotton-plant-disease/Cotton leaves/40 Images/Aphids/pil_color_36.jpg,cotton,cotton::Aphids,Aphids,0,1,train,,
/kaggle/input/datasets/dhamur/cotton-plant-disease/Cotton leaves/40 Images/Healthy/rotate_zoompil_color_39.jpg,cotton,cotton::Healthy,Healthy,3,1,train,,
/kaggle/input/datasets/dhamur/cotton-plant-disease/Cotton leaves/40 Images/Powdery mildew/random_crop_pil_color_7.jpg,cotton,cotton::Powdery mildew,Powdery mildew,4,1,train,,
/kaggle/input/datasets/dhamur/cotton-plant-disease/Cotton leaves/40 Images/Army worm/vertical_flippil_color_35.jpg,cotton,cotton::Army worm,Army worm,1,1,train,,
/kaggle/input/datasets/dhamur/cotton-plant-disease/Cotton leaves/40 Images/Aphids/pil_sharpness_26.jpg,cotton,cotton::Aphids,Aphids,0,1,train,,
/kaggle/input/datasets/dhamur/cotton-plant-disease/Cotton leaves/40 Images/Target spot/rotate_zoompil_color_20.jpg,cotton,cotton::Target spot,Target spot,5,1,train,,
/kaggle/input/datasets/dhamur/cotton-plant-disease/Cotton leaves/40 Images/Healthy/random_crop_36.jpg,cotton,cotton::Healthy,Healthy,3,1,train,,
/kaggle/working/exp02_robust_open_set/unknown_sources/cifar10/train/00750_a1ba6c8d9002.png,cifar10,cifar10::a1ba6c8d90020767,Unclassified,6,0,train,object_vehicle,airplane
/kaggle/input/datasets/dhamur/cotton-plant-disease/Cotton leaves/40 Images/Target spot/rotate_zoompil_sharpness_37.jpg,cotton,cotton::Target spot,Target spot,5,1,train,,
/kaggle/input/datasets/dhamur/cotton-plant-disease/Cotton leaves/40 Images/Army worm/vertical_flippil_constract_17.jpg,cotton,cotton::Army worm,Army worm,1,1,train,,
/kaggle/input/datasets/dhamur/cotton-plant-disease/Cotton leaves/40 Images/Aphids/random_crop_pil_brightness_35.jpg,cotton,cotton::Aphids,Aphids,0,1,train,,
/kaggle/input/datasets/dhamur/cotton-plant-disease/Cotton leaves/40 Images/Aphids/rotate_zoompil_constract_34.jpg,cotton,cotton::Aphids,Aphids,0,1,train,,
/kaggle/input/datasets/dhamur/cotton-plant-disease/Cotton leaves/40 Images/Army worm/rotate_zoompil_color_2.jpg,cotton,cotton::Army worm,Army worm,1,1,train,,
/kaggle/input/datasets/dhamur/cotton-plant-disease/Cotton leaves/40 Images/Bacterial blight/39.jpg,cotton,cotton::Bacterial blight,Bacterial blight,2,1,train,,
/kaggle/input/datasets/dhamur/cotton-plant-disease/Cotton leaves/40 Images/Powdery mildew/28.jpg,cotton,cotton::Powdery mildew,Powdery mildew,4,1,train,,
/kaggle/input/datasets/dhamur/cotton-plant-disease/Cotton leaves/40 Images/Powdery mildew/pil_brightness_40.jpg,cotton,cotton::Powdery mildew,Powdery mildew,4,1,train,,
/kaggle/input/datasets/dhamur/cotton-plant-disease/Cotton leaves/40 Images/Aphids/vertical_flippil_constract_17.jpg,cotton,cotton::Aphids,Aphids,0,1,train,,
/kaggle/input/datasets/dhamur/cotton-plant-disease/Cotton leaves/40 Images/Bacterial blight/vertical_flippil_brightness_10.jpg,cotton,cotton::Bacterial blight,Bacterial blight,2,1,train,,
/kaggle/input/datasets/dhamur/cotton-plant-disease/Cotton leaves/40 Images/Target spot/random_crop_pil_brightness_39.jpg,cotton,cotton::Target spot,Target spot,5,1,train,,
/kaggle/input/datasets/dhamur/cotton-plant-disease/Cotton leaves/40 Images/Aphids/random_crop_pil_brightness_3.jpg,cotton,cotton::Aphids,Aphids,0,1,train,,
/kaggle/input/datasets/dhamur/cotton-plant-disease/Cotton leaves/40 Images/Healthy/vertical_flippil_sharpness_33.jpg,cotton,cotton::Healthy,Healthy,3,1,train,,
/kaggle/input/datasets/dhamur/cotton-plant-disease/Cotton leaves/40 Images/Healthy/vertical_flippil_color_1.jpg,cotton,cotton::Healthy,Healthy,3,1,train,,
/kaggle/input/datasets/dhamur/cotton-plant-disease/Cotton leaves/40 Images/Powdery mildew/random_crop_pil_sharpness_20.jpg,cotton,cotton::Powdery mildew,Powdery mildew,4,1,train,,
/kaggle/working/exp02_robust_open_set/unknown_sources/cifar10/train/00251_b28a392d0cb2.png,cifar10,cifar10::b28a392d0cb25613,Unclassified,6,0,train,animal,cat
/kaggle/input/datasets/dhamur/cotton-plant-disease/Cotton leaves/40 Images/Target spot/rotate_zoompil_brightness_31.jpg,cotton,cotton::Target spot,Target spot,5,1,train,,
/kaggle/working/exp02_robust_open_set/unknown_sources/cifar10/train/00521_c00eba4637b4.png,cifar10,cifar10::c00eba4637b41fd0,Unclassified,6,0,train,animal,frog
/kaggle/input/datasets/dhamur/cotton-plant-disease/Cotton leaves/40 Images/Powdery mildew/random_crop_pil_color_20.jpg,cotton,cotton::Powdery mildew,Powdery mildew,4,1,train,,
/kaggle/input/datasets/dhamur/cotton-plant-disease/Cotton leaves/40 Images/Target spot/pil_constract_12.jpg,cotton,cotton::Target spot,Target spot,5,1,train,,
/kaggle/working/exp02_robust_open_set/unknown_sources/cifar10/train/00731_b8190595ad9e.png,cifar10,cifar10::b8190595ad9edf1a,Unclassified,6,0,train,object_vehicle,automobile
/kaggle/input/datasets/dhamur/cotton-plant-disease/Cotton leaves/40 Images/Target spot/random_crop_pil_sharpness_36.jpg,cotton,cotton::Target spot,Target spot,5,1,train,,
/kaggle/input/datasets/dhamur/cotton-plant-disease/Cotton leaves/40 Images/Aphids/vertical_flippil_color_15.jpg,cotton,cotton::Aphids,Aphids,0,1,train,,
/kaggle/input/datasets/dhamur/cotton-plant-disease/Cotton leaves/40 Images/Healthy/random_crop_1.jpg,cotton,cotton::Healthy,Healthy,3,1,train,,
/kaggle/input/datasets/dhamur/cotton-plant-disease/Cotton leaves/40 Images/Target spot/random_crop_pil_brightness_33.jpg,cotton,cotton::Target spot,Target spot,5,1,train,,
/kaggle/input/datasets/dhamur/cotton-plant-disease/Cotton leaves/40 Images/Aphids/random_crop_pil_sharpness_3.jpg,cotton,cotton::Aphids,Aphids,0,1,train,,
/kaggle/input/datasets/dhamur/cotton-plant-disease/Cotton leaves/40 Images/Powdery mildew/vertical_flippil_brightness_36.jpg,cotton,cotton::Powdery mildew,Powdery mildew,4,1,train,,
/kaggle/working/exp02_robust_open_set/unknown_sources/cifar10/train/00675_4038ecf4f44f.png,cifar10,cifar10::4038ecf4f44f0f4c,Unclassified,6,0,train,object_vehicle,truck
/kaggle/input/datasets/dhamur/cotton-plant-disease/Cotton leaves/40 Images/Aphids/rotate_zoompil_brightness_4.jpg,cotton,cotton::Aphids,Aphids,0,1,train,,
/kaggle/input/datasets/dhamur/cotton-plant-disease/Cotton leaves/40 Images/Bacterial blight/20.jpg,cotton,cotton::Bacterial blight,Bacterial blight,2,1,train,,
/kaggle/input/datasets/dhamur/cotton-plant-disease/Cotton leaves/40 Images/Powdery mildew/rotate_zoompil_brightness_10.jpg,cotton,cotton::Powdery mildew,Powdery mildew,4,1,train,,
/kaggle/input/datasets/dhamur/cotton-plant-disease/Cotton leaves/40 Images/Target spot/10.jpg,cotton,cotton::Target spot,Target spot,5,1,train,,
/kaggle/input/datasets/dhamur/cotton-plant-disease/Cotton leaves/40 Images/Aphids/random_crop_pil_color_26.jpg,cotton,cotton::Aphids,Aphids,0,1,train,,
/kaggle/input/datasets/dhamur/cotton-plant-disease/Cotton leaves/40 Images/Healthy/rotate_zoom28.jpg,cotton,cotton::Healthy,Healthy,3,1,train,,
/kaggle/input/datasets/dhamur/cotton-plant-disease/Cotton leaves/40 Images/Aphids/rotate_zoompil_brightness_16.jpg,cotton,cotton::Aphids,Aphids,0,1,train,,
/kaggle/input/datasets/dhamur/cotton-plant-disease/Cotton leaves/40 Images/Army worm/31.jpg,cotton,cotton::Army worm,Army worm,1,1,train,,
/kaggle/input/datasets/dhamur/cotton-plant-disease/Cotton leaves/40 Images/Aphids/random_crop_pil_sharpness_8.jpg,cotton,cotton::Aphids,Aphids,0,1,train,,
/kaggle/input/datasets/dhamur/cotton-plant-disease/Cotton leaves/40 Images/Target spot/rotate_zoompil_color_5.jpg,cotton,cotton::Target spot,Target spot,5,1,train,,
/kaggle/input/datasets/dhamur/cotton-plant-disease/Cotton leaves/40 Images/Aphids/pil_constract_7.jpg,cotton,cotton::Aphids,Aphids,0,1,train,,
/kaggle/input/datasets/dhamur/cotton-plant-disease/Cotton leaves/40 Images/Healthy/pil_constract_6.jpg,cotton,cotton::Healthy,Healthy,3,1,train,,
/kaggle/input/datasets/dhamur/cotton-plant-disease/Cotton leaves/40 Images/Target spot/vertical_flippil_sharpness_24.jpg,cotton,cotton::Target spot,Target spot,5,1,train,,
/kaggle/input/datasets/dhamur/cotton-plant-disease/Cotton leaves/40 Images/Powdery mildew/pil_sharpness_12.jpg,cotton,cotton::Powdery mildew,Powdery mildew,4,1,train,,
/kaggle/input/datasets/dhamur/cotton-plant-disease/Cotton leaves/40 Images/Bacterial blight/pil_color_23.jpg,cotton,cotton::Bacterial blight,Bacterial blight,2,1,train,,
/kaggle/input/datasets/dhamur/cotton-plant-disease/Cotton leaves/40 Images/Powdery mildew/rotate_zoompil_brightness_8.jpg,cotton,cotton::Powdery mildew,Powdery mildew,4,1,train,,
/kaggle/input/datasets/dhamur/cotton-plant-disease/Cotton leaves/40 Images/Aphids/pil_color_30.jpg,cotton,cotton::Aphids,Aphids,0,1,train,,
/kaggle/input/datasets/dhamur/cotton-plant-disease/Cotton leaves/40 Images/Army worm/rotate_zoom37.jpg,cotton,cotton::Army worm,Army worm,1,1,train,,
/kaggle/input/datasets/dhamur/cotton-plant-disease/Cotton leaves/40 Images/Bacterial blight/vertical_flip20.jpg,cotton,cotton::Bacterial blight,Bacterial blight,2,1,train,,
/kaggle/input/datasets/dhamur/cotton-plant-disease/Cotton leaves/40 Images/Powdery mildew/rotate_zoompil_constract_17.jpg,cotton,cotton::Powdery mildew,Powdery mildew,4,1,train,,
/kaggle/input/datasets/dhamur/cotton-plant-disease/Cotton leaves/40 Images/Bacterial blight/random_crop_pil_sharpness_29.jpg,cotton,cotton::Bacterial blight,Bacterial blight,2,1,train,,
/kaggle/input/datasets/dhamur/cotton-plant-disease/Cotton leaves/40 Images/Aphids/random_crop_pil_constract_31.jpg,cotton,cotton::Aphids,Aphids,0,1,train,,
/kaggle/input/datasets/dhamur/cotton-plant-disease/Cotton leaves/40 Images/Bacterial blight/pil_sharpness_15.jpg,cotton,cotton::Bacterial blight,Bacterial blight,2,1,train,,
/kaggle/input/datasets/dhamur/cotton-plant-disease/Cotton leaves/40 Images/Healthy/19.jpg,cotton,cotton::Healthy,Healthy,3,1,train,,
/kaggle/input/datasets/dhamur/cotton-plant-disease/Cotton leaves/40 Images/Aphids/pil_constract_14.jpg,cotton,cotton::Aphids,Aphids,0,1,train,,
/kaggle/working/exp02_robust_open_set/unknown_sources/cifar10/train/00033_c658db87d876.png,cifar10,cifar10::c658db87d8767420,Unclassified,6,0,train,animal,cat
/kaggle/input/datasets/dhamur/cotton-plant-disease/Cotton leaves/40 Images/Army worm/random_translation_7.jpg,cotton,cotton::Army worm,Army worm,1,1,train,,
/kaggle/input/datasets/dhamur/cotton-plant-disease/Cotton leaves/40 Images/Bacterial blight/vertical_flippil_brightness_14.jpg,cotton,cotton::Bacterial blight,Bacterial blight,2,1,train,,
/kaggle/input/datasets/dhamur/cotton-plant-disease/Cotton leaves/40 Images/Aphids/rotate_zoompil_brightness_19.jpg,cotton,cotton::Aphids,Aphids,0,1,train,,
/kaggle/input/datasets/dhamur/cotton-plant-disease/Cotton leaves/40 Images/Aphids/random_crop_pil_brightness_15.jpg,cotton,cotton::Aphids,Aphids,0,1,train,,
/kaggle/input/datasets/dhamur/cotton-plant-disease/Cotton leaves/40 Images/Target spot/random_crop_31.jpg,cotton,cotton::Target spot,Target spot,5,1,train,,
/kaggle/input/datasets/dhamur/cotton-plant-disease/Cotton leaves/40 Images/Bacterial blight/rotate_zoom37.jpg,cotton,cotton::Bacterial blight,Bacterial blight,2,1,train,,
/kaggle/working/exp02_robust_open_set/unknown_sources/cifar10/train/00353_b89143e02148.png,cifar10,cifar10::b89143e02148e407,Unclassified,6,0,train,object_vehicle,airplane
/kaggle/input/datasets/dhamur/cotton-plant-disease/Cotton leaves/40 Images/Target spot/vertical_flip26.jpg,cotton,cotton::Target spot,Target spot,5,1,train,,
/kaggle/input/datasets/dhamur/cotton-plant-disease/Cotton leaves/40 Images/Powdery mildew/vertical_flippil_sharpness_33.jpg,cotton,cotton::Powdery mildew,Powdery mildew,4,1,train,,
/kaggle/input/datasets/dhamur/cotton-plant-disease/Cotton leaves/40 Images/Aphids/pil_constract_25.jpg,cotton,cotton::Aphids,Aphids,0,1,train,,
/kaggle/working/exp02_robust_open_set/unknown_sources/cifar10/train/00066_333c3df6904f.png,cifar10,cifar10::333c3df6904f3f89,Unclassified,6,0,train,object_vehicle,truck
/kaggle/input/datasets/dhamur/cotton-plant-disease/Cotton leaves/40 Images/Army worm/rotate_zoompil_color_8.jpg,cotton,cotton::Army worm,Army worm,1,1,train,,
/kaggle/input/datasets/dhamur/cotton-plant-disease/Cotton leaves/40 Images/Army worm/random_translation_pil_constract_5.jpg,cotton,cotton::Army worm,Army worm,1,1,train,,
/kaggle/input/datasets/dhamur/cotton-plant-disease/Cotton leaves/40 Images/Healthy/vertical_flippil_sharpness_11.jpg,cotton,cotton::Healthy,Healthy,3,1,train,,
/kaggle/input/datasets/dhamur/cotton-plant-disease/Cotton leaves/40 Images/Bacterial blight/random_crop_23.jpg,cotton,cotton::Bacterial blight,Bacterial blight,2,1,train,,
/kaggle/input/datasets/dhamur/cotton-plant-disease/Cotton leaves/40 Images/Aphids/vertical_flip38.jpg,cotton,cotton::Aphids,Aphids,0,1,train,,
/kaggle/input/datasets/dhamur/cotton-plant-disease/Cotton leaves/40 Images/Army worm/vertical_flippil_sharpness_16.jpg,cotton,cotton::Army worm,Army worm,1,1,train,,
/kaggle/working/exp02_robust_open_set/unknown_sources/cifar10/train/00047_818d8e068e11.png,cifar10,cifar10::818d8e068e11c801,Unclassified,6,0,train,object_vehicle,automobile
/kaggle/input/datasets/dhamur/cotton-plant-disease/Cotton leaves/40 Images/Target spot/rotate_zoom16.jpg,cotton,cotton::Target spot,Target spot,5,1,train,,
/kaggle/input/datasets/dhamur/cotton-plant-disease/Cotton leaves/40 Images/Bacterial blight/vertical_flippil_brightness_39.jpg,cotton,cotton::Bacterial blight,Bacterial blight,2,1,train,,
/kaggle/input/datasets/dhamur/cotton-plant-disease/Cotton leaves/40 Images/Target spot/random_crop_40.jpg,cotton,cotton::Target spot,Target spot,5,1,train,,
/kaggle/working/exp02_robust_open_set/unknown_sources/cifar10/train/00664_b2bb862bd9a8.png,cifar10,cifar10::b2bb862bd9a806b5,Unclassified,6,0,train,object_vehicle,truck
/kaggle/input/datasets/dhamur/cotton-plant-disease/Cotton leaves/40 Images/Powdery mildew/rotate_zoompil_constract_21.jpg,cotton,cotton::Powdery mildew,Powdery mildew,4,1,train,,
/kaggle/input/datasets/dhamur/cotton-plant-disease/Cotton leaves/40 Images/Army worm/vertical_flippil_constract_33.jpg,cotton,cotton::Army worm,Army worm,1,1,train,,
/kaggle/input/datasets/dhamur/cotton-plant-disease/Cotton leaves/40 Images/Army worm/rotate_zoompil_constract_22.jpg,cotton,cotton::Army worm,Army worm,1,1,train,,
/kaggle/input/datasets/dhamur/cotton-plant-disease/Cotton leaves/40 Images/Army worm/random_translation_pil_constract_35.jpg,cotton,cotton::Army worm,Army worm,1,1,train,,
/kaggle/input/datasets/dhamur/cotton-plant-disease/Cotton leaves/40 Images/Powdery mildew/rotate_zoompil_constract_36.jpg,cotton,cotton::Powdery mildew,Powdery mildew,4,1,train,,
/kaggle/input/datasets/dhamur/cotton-plant-disease/Cotton leaves/40 Images/Target spot/rotate_zoompil_sharpness_21.jpg,cotton,cotton::Target spot,Target spot,5,1,train,,
/kaggle/input/datasets/dhamur/cotton-plant-disease/Cotton leaves/40 Images/Powdery mildew/7.jpg,cotton,cotton::Powdery mildew,Powdery mildew,4,1,train,,
/kaggle/input/datasets/dhamur/cotton-plant-disease/Cotton leaves/40 Images/Aphids/pil_constract_37.jpg,cotton,cotton::Aphids,Aphids,0,1,train,,
/kaggle/input/datasets/dhamur/cotton-plant-disease/Cotton leaves/40 Images/Healthy/random_crop_pil_brightness_28.jpg,cotton,cotton::Healthy,Healthy,3,1,train,,
/kaggle/input/datasets/dhamur/cotton-plant-disease/Cotton leaves/40 Images/Army worm/vertical_flippil_sharpness_30.jpg,cotton,cotton::Army worm,Army worm,1,1,train,,
/kaggle/working/exp02_robust_open_set/unknown_sources/cifar10/train/00652_8b6608c127f0.png,cifar10,cifar10::8b6608c127f0c95d,Unclassified,6,0,train,animal,bird
/kaggle/input/datasets/dhamur/cotton-plant-disease/Cotton leaves/40 Images/Bacterial blight/pil_brightness_17.jpg,cotton,cotton::Bacterial blight,Bacterial blight,2,1,train,,
/kaggle/input/datasets/dhamur/cotton-plant-disease/Cotton leaves/40 Images/Healthy/random_crop_22.jpg,cotton,cotton::Healthy,Healthy,3,1,train,,
/kaggle/input/datasets/dhamur/cotton-plant-disease/Cotton leaves/40 Images/Bacterial blight/rotate_zoom23.jpg,cotton,cotton::Bacterial blight,Bacterial blight,2,1,train,,
/kaggle/input/datasets/dhamur/cotton-plant-disease/Cotton leaves/40 Images/Target spot/rotate_zoompil_brightness_27.jpg,cotton,cotton::Target spot,Target spot,5,1,train,,
/kaggle/input/datasets/dhamur/cotton-plant-disease/Cotton leaves/40 Images/Target spot/rotate_zoompil_constract_31.jpg,cotton,cotton::Target spot,Target spot,5,1,train,,
/kaggle/working/exp02_robust_open_set/unknown_sources/cifar10/train/00016_40c4129b5df0.png,cifar10,cifar10::40c4129b5df091f8,Unclassified,6,0,train,object_vehicle,ship
/kaggle/input/datasets/dhamur/cotton-plant-disease/Cotton leaves/40 Images/Powdery mildew/3.jpg,cotton,cotton::Powdery mildew,Powdery mildew,4,1,train,,
/kaggle/input/datasets/dhamur/cotton-plant-disease/Cotton leaves/40 Images/Aphids/rotate_zoompil_sharpness_2.jpg,cotton,cotton::Aphids,Aphids,0,1,train,,
/kaggle/working/exp02_robust_open_set/unknown_sources/cifar10/train/00229_a593f7244136.png,cifar10,cifar10::a593f7244136d8c4,Unclassified,6,0,train,object_vehicle,automobile
/kaggle/working/exp02_robust_open_set/unknown_sources/cifar10/train/00669_f438a4d5a4d2.png,cifar10,cifar10::f438a4d5a4d2e7ac,Unclassified,6,0,train,animal,dog
/kaggle/input/datasets/dhamur/cotton-plant-disease/Cotton leaves/40 Images/Aphids/rotate_zoompil_constract_20.jpg,cotton,cotton::Aphids,Aphids,0,1,train,,
/kaggle/working/exp02_robust_open_set/unknown_sources/cifar10/train/00464_197b5b8506c9.png,cifar10,cifar10::197b5b8506c931d4,Unclassified,6,0,train,animal,cat
/kaggle/input/datasets/dhamur/cotton-plant-disease/Cotton leaves/40 Images/Powdery mildew/random_crop_pil_color_27.jpg,cotton,cotton::Powdery mildew,Powdery mildew,4,1,train,,
/kaggle/input/datasets/dhamur/cotton-plant-disease/Cotton leaves/40 Images/Bacterial blight/pil_constract_12.jpg,cotton,cotton::Bacterial blight,Bacterial blight,2,1,train,,
/kaggle/input/datasets/dhamur/cotton-plant-disease/Cotton leaves/40 Images/Target spot/random_crop_pil_brightness_6.jpg,cotton,cotton::Target spot,Target spot,5,1,train,,
/kaggle/working/exp02_robust_open_set/unknown_sources/cifar10/train/00625_cbb16ab1826c.png,cifar10,cifar10::cbb16ab1826ca6e7,Unclassified,6,0,train,animal,horse
/kaggle/input/datasets/dhamur/cotton-plant-disease/Cotton leaves/40 Images/Army worm/rotate_zoompil_brightness_30.jpg,cotton,cotton::Army worm,Army worm,1,1,train,,
/kaggle/working/exp02_robust_open_set/unknown_sources/cifar10/train/00467_321f8a62fdc9.png,cifar10,cifar10::321f8a62fdc93358,Unclassified,6,0,train,animal,deer
/kaggle/input/datasets/dhamur/cotton-plant-disease/Cotton leaves/40 Images/Target spot/random_crop_pil_color_6.jpg,cotton,cotton::Target spot,Target spot,5,1,train,,
/kaggle/input/datasets/dhamur/cotton-plant-disease/Cotton leaves/40 Images/Aphids/pil_constract_5.jpg,cotton,cotton::Aphids,Aphids,0,1,train,,
/kaggle/input/datasets/dhamur/cotton-plant-disease/Cotton leaves/40 Images/Bacterial blight/rotate_zoompil_constract_28.jpg,cotton,cotton::Bacterial blight,Bacterial blight,2,1,train,,
/kaggle/input/datasets/dhamur/cotton-plant-disease/Cotton leaves/40 Images/Army worm/vertical_flippil_sharpness_38.jpg,cotton,cotton::Army worm,Army worm,1,1,train,,
/kaggle/working/exp02_robust_open_set/unknown_sources/cifar10/train/00181_ea07df806ac6.png,cifar10,cifar10::ea07df806ac6a314,Unclassified,6,0,train,animal,bird
/kaggle/input/datasets/dhamur/cotton-plant-disease/Cotton leaves/40 Images/Army worm/random_translation_pil_constract_7.jpg,cotton,cotton::Army worm,Army worm,1,1,train,,
/kaggle/input/datasets/dhamur/cotton-plant-disease/Cotton leaves/40 Images/Army worm/pil_sharpness_17.jpg,cotton,cotton::Army worm,Army worm,1,1,train,,
/kaggle/working/exp02_robust_open_set/unknown_sources/cifar10/train/00642_1c7d00d444f0.png,cifar10,cifar10::1c7d00d444f02672,Unclassified,6,0,train,object_vehicle,airplane
/kaggle/working/exp02_robust_open_set/unknown_sources/cifar10/train/00387_fd359d2b08f5.png,cifar10,cifar10::fd359d2b08f59f65,Unclassified,6,0,train,object_vehicle,airplane
/kaggle/input/datasets/dhamur/cotton-plant-disease/Cotton leaves/40 Images/Aphids/pil_constract_13.jpg,cotton,cotton::Aphids,Aphids,0,1,train,,
/kaggle/input/datasets/dhamur/cotton-plant-disease/Cotton leaves/40 Images/Target spot/random_crop_pil_sharpness_23.jpg,cotton,cotton::Target spot,Target spot,5,1,train,,
/kaggle/input/datasets/dhamur/cotton-plant-disease/Cotton leaves/40 Images/Aphids/rotate_zoompil_brightness_33.jpg,cotton,cotton::Aphids,Aphids,0,1,train,,
/kaggle/input/datasets/dhamur/cotton-plant-disease/Cotton leaves/40 Images/Army worm/11.jpg,cotton,cotton::Army worm,Army worm,1,1,train,,
/kaggle/input/datasets/dhamur/cotton-plant-disease/Cotton leaves/40 Images/Army worm/rotate_zoompil_brightness_23.jpg,cotton,cotton::Army worm,Army worm,1,1,train,,
/kaggle/input/datasets/dhamur/cotton-plant-disease/Cotton leaves/40 Images/Healthy/random_crop_pil_color_27.jpg,cotton,cotton::Healthy,Healthy,3,1,train,,
/kaggle/input/datasets/dhamur/cotton-plant-disease/Cotton leaves/40 Images/Healthy/rotate_zoompil_brightness_3.jpg,cotton,cotton::Healthy,Healthy,3,1,train,,
/kaggle/working/exp02_robust_open_set/unknown_sources/cifar10/train/00432_e0c2cd17eec3.png,cifar10,cifar10::e0c2cd17eec359cb,Unclassified,6,0,train,object_vehicle,automobile
/kaggle/input/datasets/dhamur/cotton-plant-disease/Cotton leaves/40 Images/Bacterial blight/12.jpg,cotton,cotton::Bacterial blight,Bacterial blight,2,1,train,,
/kaggle/input/datasets/dhamur/cotton-plant-disease/Cotton leaves/40 Images/Army worm/rotate_zoompil_sharpness_28.jpg,cotton,cotton::Army worm,Army worm,1,1,train,,
/kaggle/input/datasets/dhamur/cotton-plant-disease/Cotton leaves/40 Images/Target spot/random_crop_20.jpg,cotton,cotton::Target spot,Target spot,5,1,train,,
/kaggle/input/datasets/dhamur/cotton-plant-disease/Cotton leaves/40 Images/Target spot/vertical_flippil_constract_5.jpg,cotton,cotton::Target spot,Target spot,5,1,train,,
/kaggle/input/datasets/dhamur/cotton-plant-disease/Cotton leaves/40 Images/Bacterial blight/random_crop_35.jpg,cotton,cotton::Bacterial blight,Bacterial blight,2,1,train,,
/kaggle/input/datasets/dhamur/cotton-plant-disease/Cotton leaves/40 Images/Bacterial blight/rotate_zoom10.jpg,cotton,cotton::Bacterial blight,Bacterial blight,2,1,train,,
/kaggle/input/datasets/dhamur/cotton-plant-disease/Cotton leaves/40 Images/Aphids/vertical_flippil_constract_29.jpg,cotton,cotton::Aphids,Aphids,0,1,train,,
/kaggle/working/exp02_robust_open_set/unknown_sources/cifar10/train/00639_b178274da232.png,cifar10,cifar10::b178274da232a9a2,Unclassified,6,0,train,animal,frog
/kaggle/input/datasets/dhamur/cotton-plant-disease/Cotton leaves/40 Images/Healthy/random_crop_pil_sharpness_2.jpg,cotton,cotton::Healthy,Healthy,3,1,train,,
/kaggle/input/datasets/dhamur/cotton-plant-disease/Cotton leaves/40 Images/Powdery mildew/random_crop_pil_sharpness_29.jpg,cotton,cotton::Powdery mildew,Powdery mildew,4,1,train,,
/kaggle/input/datasets/dhamur/cotton-plant-disease/Cotton leaves/40 Images/Target spot/vertical_flippil_color_38.jpg,cotton,cotton::Target spot,Target spot,5,1,train,,
/kaggle/input/datasets/dhamur/cotton-plant-disease/Cotton leaves/40 Images/Army worm/vertical_flip14.jpg,cotton,cotton::Army worm,Army worm,1,1,train,,
/kaggle/input/datasets/dhamur/cotton-plant-disease/Cotton leaves/40 Images/Healthy/pil_brightness_39.jpg,cotton,cotton::Healthy,Healthy,3,1,train,,
/kaggle/input/datasets/dhamur/cotton-plant-disease/Cotton leaves/40 Images/Target spot/rotate_zoompil_brightness_38.jpg,cotton,cotton::Target spot,Target spot,5,1,train,,
/kaggle/working/exp02_robust_open_set/unknown_sources/cifar10/train/00222_09ba65a9aced.png,cifar10,cifar10::09ba65a9aceda2fb,Unclassified,6,0,train,animal,bird
/kaggle/input/datasets/dhamur/cotton-plant-disease/Cotton leaves/40 Images/Target spot/38.jpg,cotton,cotton::Target spot,Target spot,5,1,train,,
/kaggle/input/datasets/dhamur/cotton-plant-disease/Cotton leaves/40 Images/Bacterial blight/rotate_zoompil_sharpness_25.jpg,cotton,cotton::Bacterial blight,Bacterial blight,2,1,train,,
/kaggle/input/datasets/dhamur/cotton-plant-disease/Cotton leaves/40 Images/Powdery mildew/vertical_flip27.jpg,cotton,cotton::Powdery mildew,Powdery mildew,4,1,train,,
/kaggle/input/datasets/dhamur/cotton-plant-disease/Cotton leaves/40 Images/Army worm/random_translation_5.jpg,cotton,cotton::Army worm,Army worm,1,1,train,,
/kaggle/input/datasets/dhamur/cotton-plant-disease/Cotton leaves/40 Images/Bacterial blight/rotate_zoompil_sharpness_12.jpg,cotton,cotton::Bacterial blight,Bacterial blight,2,1,train,,
/kaggle/input/datasets/dhamur/cotton-plant-disease/Cotton leaves/40 Images/Target spot/vertical_flippil_brightness_39.jpg,cotton,cotton::Target spot,Target spot,5,1,train,,
/kaggle/input/datasets/dhamur/cotton-plant-disease/Cotton leaves/40 Images/Healthy/pil_sharpness_34.jpg,cotton,cotton::Healthy,Healthy,3,1,train,,
/kaggle/input/datasets/dhamur/cotton-plant-disease/Cotton leaves/40 Images/Powdery mildew/random_crop_pil_brightness_17.jpg,cotton,cotton::Powdery mildew,Powdery mildew,4,1,train,,
/kaggle/input/datasets/dhamur/cotton-plant-disease/Cotton leaves/40 Images/Bacterial blight/vertical_flippil_brightness_8.jpg,cotton,cotton::Bacterial blight,Bacterial blight,2,1,train,,
/kaggle/input/datasets/dhamur/cotton-plant-disease/Cotton leaves/40 Images/Target spot/pil_sharpness_32.jpg,cotton,cotton::Target spot,Target spot,5,1,train,,
/kaggle/input/datasets/dhamur/cotton-plant-disease/Cotton leaves/40 Images/Powdery mildew/vertical_flippil_sharpness_17.jpg,cotton,cotton::Powdery mildew,Powdery mildew,4,1,train,,
/kaggle/input/datasets/dhamur/cotton-plant-disease/Cotton leaves/40 Images/Army worm/rotate_zoompil_color_11.jpg,cotton,cotton::Army worm,Army worm,1,1,train,,
/kaggle/input/datasets/dhamur/cotton-plant-disease/Cotton leaves/40 Images/Aphids/rotate_zoompil_brightness_22_.jpg,cotton,cotton::Aphids,Aphids,0,1,train,,
/kaggle/input/datasets/dhamur/cotton-plant-disease/Cotton leaves/40 Images/Target spot/vertical_flippil_color_17.jpg,cotton,cotton::Target spot,Target spot,5,1,train,,
/kaggle/input/datasets/dhamur/cotton-plant-disease/Cotton leaves/40 Images/Aphids/pil_brightness_28.jpg,cotton,cotton::Aphids,Aphids,0,1,train,,
/kaggle/working/exp02_robust_open_set/unknown_sources/cifar10/train/00065_947527ce1a18.png,cifar10,cifar10::947527ce1a18e2df,Unclassified,6,0,train,animal,cat
/kaggle/input/datasets/dhamur/cotton-plant-disease/Cotton leaves/40 Images/Aphids/vertical_flippil_sharpness_30.jpg,cotton,cotton::Aphids,Aphids,0,1,train,,
/kaggle/input/datasets/dhamur/cotton-plant-disease/Cotton leaves/40 Images/Powdery mildew/random_crop_pil_color_9.jpg,cotton,cotton::Powdery mildew,Powdery mildew,4,1,train,,
/kaggle/input/datasets/dhamur/cotton-plant-disease/Cotton leaves/40 Images/Healthy/vertical_flippil_brightness_38.jpg,cotton,cotton::Healthy,Healthy,3,1,train,,
/kaggle/input/datasets/dhamur/cotton-plant-disease/Cotton leaves/40 Images/Target spot/rotate_zoompil_brightness_6.jpg,cotton,cotton::Target spot,Target spot,5,1,train,,
/kaggle/input/datasets/dhamur/cotton-plant-disease/Cotton leaves/40 Images/Powdery mildew/random_crop_pil_constract_19.jpg,cotton,cotton::Powdery mildew,Powdery mildew,4,1,train,,
/kaggle/working/exp02_robust_open_set/unknown_sources/cifar10/train/00195_d8d3ba9cdce8.png,cifar10,cifar10::d8d3ba9cdce8237c,Unclassified,6,0,train,object_vehicle,automobile
/kaggle/input/datasets/dhamur/cotton-plant-disease/Cotton leaves/40 Images/Powdery mildew/pil_constract_1.jpg,cotton,cotton::Powdery mildew,Powdery mildew,4,1,train,,
/kaggle/input/datasets/dhamur/cotton-plant-disease/Cotton leaves/40 Images/Target spot/rotate_zoompil_color_13.jpg,cotton,cotton::Target spot,Target spot,5,1,train,,
/kaggle/input/datasets/dhamur/cotton-plant-disease/Cotton leaves/40 Images/Bacterial blight/rotate_zoompil_constract_27.jpg,cotton,cotton::Bacterial blight,Bacterial blight,2,1,train,,
/kaggle/input/datasets/dhamur/cotton-plant-disease/Cotton leaves/40 Images/Aphids/random_crop_pil_color_40.jpg,cotton,cotton::Aphids,Aphids,0,1,train,,
/kaggle/input/datasets/dhamur/cotton-plant-disease/Cotton leaves/40 Images/Aphids/pil_color_11.jpg,cotton,cotton::Aphids,Aphids,0,1,train,,
/kaggle/input/datasets/dhamur/cotton-plant-disease/Cotton leaves/40 Images/Aphids/vertical_flippil_constract_10.jpg,cotton,cotton::Aphids,Aphids,0,1,train,,
/kaggle/input/datasets/dhamur/cotton-plant-disease/Cotton leaves/40 Images/Bacterial blight/vertical_flip7.jpg,cotton,cotton::Bacterial blight,Bacterial blight,2,1,train,,
/kaggle/input/datasets/dhamur/cotton-plant-disease/Cotton leaves/40 Images/Target spot/random_crop_pil_sharpness_18.jpg,cotton,cotton::Target spot,Target spot,5,1,train,,
/kaggle/input/datasets/dhamur/cotton-plant-disease/Cotton leaves/40 Images/Bacterial blight/vertical_flippil_constract_38.jpg,cotton,cotton::Bacterial blight,Bacterial blight,2,1,train,,
/kaggle/input/datasets/dhamur/cotton-plant-disease/Cotton leaves/40 Images/Powdery mildew/random_crop_pil_sharpness_31.jpg,cotton,cotton::Powdery mildew,Powdery mildew,4,1,train,,
/kaggle/input/datasets/dhamur/cotton-plant-disease/Cotton leaves/40 Images/Bacterial blight/vertical_flippil_sharpness_18.jpg,cotton,cotton::Bacterial blight,Bacterial blight,2,1,train,,
/kaggle/input/datasets/dhamur/cotton-plant-disease/Cotton leaves/40 Images/Aphids/random_crop_pil_brightness_7.jpg,cotton,cotton::Aphids,Aphids,0,1,train,,
/kaggle/input/datasets/dhamur/cotton-plant-disease/Cotton leaves/40 Images/Bacterial blight/rotate_zoompil_color_24.jpg,cotton,cotton::Bacterial blight,Bacterial blight,2,1,train,,
/kaggle/input/datasets/dhamur/cotton-plant-disease/Cotton leaves/40 Images/Bacterial blight/vertical_flippil_constract_33.jpg,cotton,cotton::Bacterial blight,Bacterial blight,2,1,train,,
/kaggle/input/datasets/dhamur/cotton-plant-disease/Cotton leaves/40 Images/Army worm/rotate_zoompil_color_31.jpg,cotton,cotton::Army worm,Army worm,1,1,train,,
/kaggle/input/datasets/dhamur/cotton-plant-disease/Cotton leaves/40 Images/Army worm/rotate_zoompil_sharpness_31.jpg,cotton,cotton::Army worm,Army worm,1,1,train,,
/kaggle/input/datasets/dhamur/cotton-plant-disease/Cotton leaves/40 Images/Aphids/random_crop_27.jpg,cotton,cotton::Aphids,Aphids,0,1,train,,
/kaggle/input/datasets/dhamur/cotton-plant-disease/Cotton leaves/40 Images/Aphids/rotate_zoom38.jpg,cotton,cotton::Aphids,Aphids,0,1,train,,
/kaggle/input/datasets/dhamur/cotton-plant-disease/Cotton leaves/40 Images/Bacterial blight/random_crop_pil_color_38.jpg,cotton,cotton::Bacterial blight,Bacterial blight,2,1,train,,
/kaggle/working/exp02_robust_open_set/unknown_sources/cifar10/train/00267_f335f811c7f8.png,cifar10,cifar10::f335f811c7f82287,Unclassified,6,0,train,animal,cat
/kaggle/input/datasets/dhamur/cotton-plant-disease/Cotton leaves/40 Images/Bacterial blight/17.jpg,cotton,cotton::Bacterial blight,Bacterial blight,2,1,train,,
/kaggle/input/datasets/dhamur/cotton-plant-disease/Cotton leaves/40 Images/Powdery mildew/vertical_flippil_sharpness_12.jpg,cotton,cotton::Powdery mildew,Powdery mildew,4,1,train,,
/kaggle/working/exp02_robust_open_set/unknown_sources/cifar10/train/00662_f772ba384a1b.png,cifar10,cifar10::f772ba384a1b87ec,Unclassified,6,0,train,animal,dog
/kaggle/input/datasets/dhamur/cotton-plant-disease/Cotton leaves/40 Images/Powdery mildew/rotate_zoom6.jpg,cotton,cotton::Powdery mildew,Powdery mildew,4,1,train,,
/kaggle/input/datasets/dhamur/cotton-plant-disease/Cotton leaves/40 Images/Target spot/pil_color_37.jpg,cotton,cotton::Target spot,Target spot,5,1,train,,
/kaggle/working/exp02_robust_open_set/unknown_sources/cifar10/train/00231_313d81484012.png,cifar10,cifar10::313d81484012c626,Unclassified,6,0,train,object_vehicle,ship
/kaggle/input/datasets/dhamur/cotton-plant-disease/Cotton leaves/40 Images/Army worm/pil_sharpness_4.jpg,cotton,cotton::Army worm,Army worm,1,1,train,,
/kaggle/working/exp02_robust_open_set/unknown_sources/cifar10/train/00491_60f46fb43bd6.png,cifar10,cifar10::60f46fb43bd66e39,Unclassified,6,0,train,object_vehicle,ship
/kaggle/input/datasets/dhamur/cotton-plant-disease/Cotton leaves/40 Images/Healthy/vertical_flippil_sharpness_35.jpg,cotton,cotton::Healthy,Healthy,3,1,train,,
/kaggle/working/exp02_robust_open_set/unknown_sources/cifar10/train/00523_5899a9c8d56c.png,cifar10,cifar10::5899a9c8d56c6356,Unclassified,6,0,train,animal,deer
/kaggle/input/datasets/dhamur/cotton-plant-disease/Cotton leaves/40 Images/Aphids/vertical_flip23.jpg,cotton,cotton::Aphids,Aphids,0,1,train,,
/kaggle/input/datasets/dhamur/cotton-plant-disease/Cotton leaves/40 Images/Healthy/vertical_flip18.jpg,cotton,cotton::Healthy,Healthy,3,1,train,,
/kaggle/input/datasets/dhamur/cotton-plant-disease/Cotton leaves/40 Images/Target spot/vertical_flippil_brightness_10.jpg,cotton,cotton::Target spot,Target spot,5,1,train,,
/kaggle/input/datasets/dhamur/cotton-plant-disease/Cotton leaves/40 Images/Powdery mildew/random_crop_pil_brightness_35.jpg,cotton,cotton::Powdery mildew,Powdery mildew,4,1,train,,
/kaggle/input/datasets/dhamur/cotton-plant-disease/Cotton leaves/40 Images/Army worm/random_translation_pil_sharpness_29.jpg,cotton,cotton::Army worm,Army worm,1,1,train,,
/kaggle/input/datasets/dhamur/cotton-plant-disease/Cotton leaves/40 Images/Aphids/pil_constract_3.jpg,cotton,cotton::Aphids,Aphids,0,1,train,,
/kaggle/input/datasets/dhamur/cotton-plant-disease/Cotton leaves/40 Images/Target spot/rotate_zoompil_brightness_37.jpg,cotton,cotton::Target spot,Target spot,5,1,train,,
/kaggle/input/datasets/dhamur/cotton-plant-disease/Cotton leaves/40 Images/Healthy/pil_constract_34.jpg,cotton,cotton::Healthy,Healthy,3,1,train,,
/kaggle/input/datasets/dhamur/cotton-plant-disease/Cotton leaves/40 Images/Powdery mildew/37.jpg,cotton,cotton::Powdery mildew,Powdery mildew,4,1,train,,
/kaggle/input/datasets/dhamur/cotton-plant-disease/Cotton leaves/40 Images/Healthy/vertical_flippil_color_18.jpg,cotton,cotton::Healthy,Healthy,3,1,train,,
/kaggle/input/datasets/dhamur/cotton-plant-disease/Cotton leaves/40 Images/Bacterial blight/rotate_zoompil_constract_1.jpg,cotton,cotton::Bacterial blight,Bacterial blight,2,1,train,,
/kaggle/input/datasets/dhamur/cotton-plant-disease/Cotton leaves/40 Images/Target spot/random_crop_pil_color_27.jpg,cotton,cotton::Target spot,Target spot,5,1,train,,
/kaggle/working/exp02_robust_open_set/unknown_sources/cifar10/train/00341_a7f93cb56697.png,cifar10,cifar10::a7f93cb5669734dc,Unclassified,6,0,train,animal,cat
/kaggle/input/datasets/dhamur/cotton-plant-disease/Cotton leaves/40 Images/Aphids/vertical_flippil_brightness_5.jpg,cotton,cotton::Aphids,Aphids,0,1,train,,
/kaggle/input/datasets/dhamur/cotton-plant-disease/Cotton leaves/40 Images/Healthy/random_crop_pil_brightness_5.jpg,cotton,cotton::Healthy,Healthy,3,1,train,,
/kaggle/input/datasets/dhamur/cotton-plant-disease/Cotton leaves/40 Images/Powdery mildew/vertical_flippil_brightness_8.jpg,cotton,cotton::Powdery mildew,Powdery mildew,4,1,train,,
/kaggle/input/datasets/dhamur/cotton-plant-disease/Cotton leaves/40 Images/Target spot/random_crop_6.jpg,cotton,cotton::Target spot,Target spot,5,1,train,,
/kaggle/input/datasets/dhamur/cotton-plant-disease/Cotton leaves/40 Images/Bacterial blight/vertical_flippil_sharpness_32.jpg,cotton,cotton::Bacterial blight,Bacterial blight,2,1,train,,
/kaggle/working/exp02_robust_open_set/unknown_sources/cifar10/train/00514_75702c87f267.png,cifar10,cifar10::75702c87f26749c9,Unclassified,6,0,train,animal,cat
/kaggle/input/datasets/dhamur/cotton-plant-disease/Cotton leaves/40 Images/Aphids/pil_color_17.jpg,cotton,cotton::Aphids,Aphids,0,1,train,,
/kaggle/input/datasets/dhamur/cotton-plant-disease/Cotton leaves/40 Images/Army worm/rotate_zoom3.jpg,cotton,cotton::Army worm,Army worm,1,1,train,,
/kaggle/input/datasets/dhamur/cotton-plant-disease/Cotton leaves/40 Images/Bacterial blight/vertical_flippil_brightness_23.jpg,cotton,cotton::Bacterial blight,Bacterial blight,2,1,train,,
/kaggle/input/datasets/dhamur/cotton-plant-disease/Cotton leaves/40 Images/Bacterial blight/vertical_flippil_sharpness_14.jpg,cotton,cotton::Bacterial blight,Bacterial blight,2,1,train,,
/kaggle/working/exp02_robust_open_set/unknown_sources/cifar10/train/00053_0dad45007aa8.png,cifar10,cifar10::0dad45007aa8a12e,Unclassified,6,0,train,object_vehicle,truck
/kaggle/input/datasets/dhamur/cotton-plant-disease/Cotton leaves/40 Images/Powdery mildew/pil_constract_35.jpg,cotton,cotton::Powdery mildew,Powdery mildew,4,1,train,,
/kaggle/input/datasets/dhamur/cotton-plant-disease/Cotton leaves/40 Images/Bacterial blight/pil_color_19.jpg,cotton,cotton::Bacterial blight,Bacterial blight,2,1,train,,
/kaggle/input/datasets/dhamur/cotton-plant-disease/Cotton leaves/40 Images/Healthy/rotate_zoom16.jpg,cotton,cotton::Healthy,Healthy,3,1,train,,
/kaggle/input/datasets/dhamur/cotton-plant-disease/Cotton leaves/40 Images/Target spot/2.jpg,cotton,cotton::Target spot,Target spot,5,1,train,,
/kaggle/working/exp02_robust_open_set/unknown_sources/cifar10/train/00643_99e0d4bdb0fd.png,cifar10,cifar10::99e0d4bdb0fdf27b,Unclassified,6,0,train,object_vehicle,ship
/kaggle/input/datasets/dhamur/cotton-plant-disease/Cotton leaves/40 Images/Army worm/rotate_zoompil_color_29.jpg,cotton,cotton::Army worm,Army worm,1,1,train,,
/kaggle/input/datasets/dhamur/cotton-plant-disease/Cotton leaves/40 Images/Healthy/vertical_flip12.jpg,cotton,cotton::Healthy,Healthy,3,1,train,,
/kaggle/input/datasets/dhamur/cotton-plant-disease/Cotton leaves/40 Images/Target spot/random_crop_pil_sharpness_38.jpg,cotton,cotton::Target spot,Target spot,5,1,train,,
/kaggle/working/exp02_robust_open_set/unknown_sources/cifar10/train/00317_01e6d0683da9.png,cifar10,cifar10::01e6d0683da92ccf,Unclassified,6,0,train,animal,bird
/kaggle/input/datasets/dhamur/cotton-plant-disease/Cotton leaves/40 Images/Powdery mildew/rotate_zoompil_brightness_11.jpg,cotton,cotton::Powdery mildew,Powdery mildew,4,1,train,,
/kaggle/input/datasets/dhamur/cotton-plant-disease/Cotton leaves/40 Images/Bacterial blight/rotate_zoompil_constract_29.jpg,cotton,cotton::Bacterial blight,Bacterial blight,2,1,train,,
/kaggle/input/datasets/dhamur/cotton-plant-disease/Cotton leaves/40 Images/Target spot/pil_brightness_11.jpg,cotton,cotton::Target spot,Target spot,5,1,train,,
/kaggle/input/datasets/dhamur/cotton-plant-disease/Cotton leaves/40 Images/Healthy/21.jpg,cotton,cotton::Healthy,Healthy,3,1,train,,
/kaggle/input/datasets/dhamur/cotton-plant-disease/Cotton leaves/40 Images/Bacterial blight/rotate_zoompil_constract_38.jpg,cotton,cotton::Bacterial blight,Bacterial blight,2,1,train,,
/kaggle/input/datasets/dhamur/cotton-plant-disease/Cotton leaves/40 Images/Aphids/vertical_flippil_sharpness_4.jpg,cotton,cotton::Aphids,Aphids,0,1,train,,
/kaggle/input/datasets/dhamur/cotton-plant-disease/Cotton leaves/40 Images/Bacterial blight/random_crop_pil_color_35.jpg,cotton,cotton::Bacterial blight,Bacterial blight,2,1,train,,
/kaggle/input/datasets/dhamur/cotton-plant-disease/Cotton leaves/40 Images/Healthy/rotate_zoompil_constract_13.jpg,cotton,cotton::Healthy,Healthy,3,1,train,,
/kaggle/input/datasets/dhamur/cotton-plant-disease/Cotton leaves/40 Images/Target spot/pil_color_30.jpg,cotton,cotton::Target spot,Target spot,5,1,train,,
/kaggle/input/datasets/dhamur/cotton-plant-disease/Cotton leaves/40 Images/Healthy/rotate_zoom30.jpg,cotton,cotton::Healthy,Healthy,3,1,train,,
/kaggle/input/datasets/dhamur/cotton-plant-disease/Cotton leaves/40 Images/Healthy/pil_sharpness_1.jpg,cotton,cotton::Healthy,Healthy,3,1,train,,
/kaggle/input/datasets/dhamur/cotton-plant-disease/Cotton leaves/40 Images/Army worm/random_translation_pil_color_40.jpg,cotton,cotton::Army worm,Army worm,1,1,train,,
/kaggle/input/datasets/dhamur/cotton-plant-disease/Cotton leaves/40 Images/Powdery mildew/random_crop_pil_brightness_26.jpg,cotton,cotton::Powdery mildew,Powdery mildew,4,1,train,,
/kaggle/input/datasets/dhamur/cotton-plant-disease/Cotton leaves/40 Images/Target spot/random_crop_4.jpg,cotton,cotton::Target spot,Target spot,5,1,train,,
/kaggle/input/datasets/dhamur/cotton-plant-disease/Cotton leaves/40 Images/Healthy/rotate_zoompil_sharpness_17.jpg,cotton,cotton::Healthy,Healthy,3,1,train,,
/kaggle/input/datasets/dhamur/cotton-plant-disease/Cotton leaves/40 Images/Healthy/vertical_flippil_color_35.jpg,cotton,cotton::Healthy,Healthy,3,1,train,,
/kaggle/input/datasets/dhamur/cotton-plant-disease/Cotton leaves/40 Images/Powdery mildew/random_crop_pil_sharpness_2.jpg,cotton,cotton::Powdery mildew,Powdery mildew,4,1,train,,
/kaggle/input/datasets/dhamur/cotton-plant-disease/Cotton leaves/40 Images/Healthy/24.jpg,cotton,cotton::Healthy,Healthy,3,1,train,,
/kaggle/working/exp02_robust_open_set/unknown_sources/cifar10/train/00394_cb942a1aefa2.png,cifar10,cifar10::cb942a1aefa2ef91,Unclassified,6,0,train,object_vehicle,truck
/kaggle/input/datasets/dhamur/cotton-plant-disease/Cotton leaves/40 Images/Powdery mildew/pil_constract_3.jpg,cotton,cotton::Powdery mildew,Powdery mildew,4,1,train,,
/kaggle/input/datasets/dhamur/cotton-plant-disease/Cotton leaves/40 Images/Army worm/12.jpg,cotton,cotton::Army worm,Army worm,1,1,train,,
/kaggle/input/datasets/dhamur/cotton-plant-disease/Cotton leaves/40 Images/Aphids/rotate_zoompil_brightness_8.jpg,cotton,cotton::Aphids,Aphids,0,1,train,,
/kaggle/working/exp02_robust_open_set/unknown_sources/cifar10/train/00129_84b2ace9f640.png,cifar10,cifar10::84b2ace9f640b211,Unclassified,6,0,train,object_vehicle,truck
/kaggle/input/datasets/dhamur/cotton-plant-disease/Cotton leaves/40 Images/Army worm/vertical_flippil_color_31.jpg,cotton,cotton::Army worm,Army worm,1,1,train,,
/kaggle/input/datasets/dhamur/cotton-plant-disease/Cotton leaves/40 Images/Army worm/random_translation_pil_brightness_16.jpg,cotton,cotton::Army worm,Army worm,1,1,train,,
/kaggle/input/datasets/dhamur/cotton-plant-disease/Cotton leaves/40 Images/Healthy/rotate_zoompil_constract_14.jpg,cotton,cotton::Healthy,Healthy,3,1,train,,
/kaggle/input/datasets/dhamur/cotton-plant-disease/Cotton leaves/40 Images/Aphids/random_crop_pil_brightness_25.jpg,cotton,cotton::Aphids,Aphids,0,1,train,,
/kaggle/input/datasets/dhamur/cotton-plant-disease/Cotton leaves/40 Images/Army worm/rotate_zoompil_color_39.jpg,cotton,cotton::Army worm,Army worm,1,1,train,,
/kaggle/working/exp02_robust_open_set/unknown_sources/cifar10/train/00346_396e5cb16101.png,cifar10,cifar10::396e5cb16101b1a2,Unclassified,6,0,train,animal,dog
/kaggle/input/datasets/dhamur/cotton-plant-disease/Cotton leaves/40 Images/Powdery mildew/random_crop_pil_color_25.jpg,cotton,cotton::Powdery mildew,Powdery mildew,4,1,train,,
/kaggle/input/datasets/dhamur/cotton-plant-disease/Cotton leaves/40 Images/Powdery mildew/random_crop_11.jpg,cotton,cotton::Powdery mildew,Powdery mildew,4,1,train,,
/kaggle/input/datasets/dhamur/cotton-plant-disease/Cotton leaves/40 Images/Healthy/random_crop_pil_color_4.jpg,cotton,cotton::Healthy,Healthy,3,1,train,,
/kaggle/input/datasets/dhamur/cotton-plant-disease/Cotton leaves/40 Images/Target spot/pil_brightness_13.jpg,cotton,cotton::Target spot,Target spot,5,1,train,,
/kaggle/input/datasets/dhamur/cotton-plant-disease/Cotton leaves/40 Images/Target spot/vertical_flippil_brightness_32.jpg,cotton,cotton::Target spot,Target spot,5,1,train,,
/kaggle/input/datasets/dhamur/cotton-plant-disease/Cotton leaves/40 Images/Powdery mildew/rotate_zoompil_color_23.jpg,cotton,cotton::Powdery mildew,Powdery mildew,4,1,train,,
/kaggle/input/datasets/dhamur/cotton-plant-disease/Cotton leaves/40 Images/Powdery mildew/vertical_flippil_brightness_34.jpg,cotton,cotton::Powdery mildew,Powdery mildew,4,1,train,,
/kaggle/input/datasets/dhamur/cotton-plant-disease/Cotton leaves/40 Images/Bacterial blight/pil_color_28.jpg,cotton,cotton::Bacterial blight,Bacterial blight,2,1,train,,
/kaggle/input/datasets/dhamur/cotton-plant-disease/Cotton leaves/40 Images/Powdery mildew/rotate_zoompil_color_25.jpg,cotton,cotton::Powdery mildew,Powdery mildew,4,1,train,,
/kaggle/working/exp02_robust_open_set/unknown_sources/cifar10/train/00211_cc85b1d82614.png,cifar10,cifar10::cc85b1d82614301f,Unclassified,6,0,train,animal,horse
/kaggle/input/datasets/dhamur/cotton-plant-disease/Cotton leaves/40 Images/Bacterial blight/vertical_flip28.jpg,cotton,cotton::Bacterial blight,Bacterial blight,2,1,train,,
/kaggle/input/datasets/dhamur/cotton-plant-disease/Cotton leaves/40 Images/Bacterial blight/rotate_zoompil_constract_39.jpg,cotton,cotton::Bacterial blight,Bacterial blight,2,1,train,,
/kaggle/input/datasets/dhamur/cotton-plant-disease/Cotton leaves/40 Images/Army worm/pil_color_38.jpg,cotton,cotton::Army worm,Army worm,1,1,train,,
/kaggle/input/datasets/dhamur/cotton-plant-disease/Cotton leaves/40 Images/Bacterial blight/vertical_flippil_color_33.jpg,cotton,cotton::Bacterial blight,Bacterial blight,2,1,train,,
/kaggle/input/datasets/dhamur/cotton-plant-disease/Cotton leaves/40 Images/Powdery mildew/pil_color_32.jpg,cotton,cotton::Powdery mildew,Powdery mildew,4,1,train,,
/kaggle/working/exp02_robust_open_set/unknown_sources/cifar10/train/00183_b672e0f180bf.png,cifar10,cifar10::b672e0f180bf5bdf,Unclassified,6,0,train,animal,cat
/kaggle/input/datasets/dhamur/cotton-plant-disease/Cotton leaves/40 Images/Bacterial blight/rotate_zoompil_sharpness_39.jpg,cotton,cotton::Bacterial blight,Bacterial blight,2,1,train,,
/kaggle/input/datasets/dhamur/cotton-plant-disease/Cotton leaves/40 Images/Healthy/random_crop_pil_color_34.jpg,cotton,cotton::Healthy,Healthy,3,1,train,,
/kaggle/working/exp02_robust_open_set/unknown_sources/cifar10/train/00509_53c5619d8b7b.png,cifar10,cifar10::53c5619d8b7b4fef,Unclassified,6,0,train,object_vehicle,airplane
/kaggle/input/datasets/dhamur/cotton-plant-disease/Cotton leaves/40 Images/Army worm/random_translation_pil_brightness_27.jpg,cotton,cotton::Army worm,Army worm,1,1,train,,
/kaggle/working/exp02_robust_open_set/unknown_sources/cifar10/train/00178_a9a2065d2aea.png,cifar10,cifar10::a9a2065d2aeaf377,Unclassified,6,0,train,animal,horse
/kaggle/input/datasets/dhamur/cotton-plant-disease/Cotton leaves/40 Images/Target spot/vertical_flippil_brightness_33.jpg,cotton,cotton::Target spot,Target spot,5,1,train,,
/kaggle/input/datasets/dhamur/cotton-plant-disease/Cotton leaves/40 Images/Powdery mildew/rotate_zoompil_sharpness_10.jpg,cotton,cotton::Powdery mildew,Powdery mildew,4,1,train,,
/kaggle/input/datasets/dhamur/cotton-plant-disease/Cotton leaves/40 Images/Powdery mildew/random_crop_37.jpg,cotton,cotton::Powdery mildew,Powdery mildew,4,1,train,,
/kaggle/input/datasets/dhamur/cotton-plant-disease/Cotton leaves/40 Images/Army worm/pil_constract_34.jpg,cotton,cotton::Army worm,Army worm,1,1,train,,
/kaggle/input/datasets/dhamur/cotton-plant-disease/Cotton leaves/40 Images/Bacterial blight/pil_sharpness_16.jpg,cotton,cotton::Bacterial blight,Bacterial blight,2,1,train,,
/kaggle/input/datasets/dhamur/cotton-plant-disease/Cotton leaves/40 Images/Aphids/random_crop_pil_brightness_2.jpg,cotton,cotton::Aphids,Aphids,0,1,train,,
/kaggle/working/exp02_robust_open_set/unknown_sources/cifar10/train/00568_15cd82f87108.png,cifar10,cifar10::15cd82f871084c04,Unclassified,6,0,train,animal,frog
/kaggle/input/datasets/dhamur/cotton-plant-disease/Cotton leaves/40 Images/Aphids/pil_sharpness_18.jpg,cotton,cotton::Aphids,Aphids,0,1,train,,
/kaggle/input/datasets/dhamur/cotton-plant-disease/Cotton leaves/40 Images/Aphids/pil_color_25.jpg,cotton,cotton::Aphids,Aphids,0,1,train,,
/kaggle/input/datasets/dhamur/cotton-plant-disease/Cotton leaves/40 Images/Healthy/random_crop_pil_brightness_39.jpg,cotton,cotton::Healthy,Healthy,3,1,train,,
/kaggle/input/datasets/dhamur/cotton-plant-disease/Cotton leaves/40 Images/Target spot/rotate_zoompil_color_11.jpg,cotton,cotton::Target spot,Target spot,5,1,train,,
/kaggle/input/datasets/dhamur/cotton-plant-disease/Cotton leaves/40 Images/Target spot/pil_brightness_24.jpg,cotton,cotton::Target spot,Target spot,5,1,train,,
/kaggle/input/datasets/dhamur/cotton-plant-disease/Cotton leaves/40 Images/Healthy/random_crop_pil_constract_14.jpg,cotton,cotton::Healthy,Healthy,3,1,train,,
/kaggle/working/exp02_robust_open_set/unknown_sources/cifar10/train/00682_afa4f2d5c728.png,cifar10,cifar10::afa4f2d5c728d6c6,Unclassified,6,0,train,object_vehicle,automobile
/kaggle/input/datasets/dhamur/cotton-plant-disease/Cotton leaves/40 Images/Aphids/pil_constract_20.jpg,cotton,cotton::Aphids,Aphids,0,1,train,,
/kaggle/input/datasets/dhamur/cotton-plant-disease/Cotton leaves/40 Images/Bacterial blight/vertical_flippil_color_17.jpg,cotton,cotton::Bacterial blight,Bacterial blight,2,1,train,,
/kaggle/input/datasets/dhamur/cotton-plant-disease/Cotton leaves/40 Images/Powdery mildew/pil_constract_6.jpg,cotton,cotton::Powdery mildew,Powdery mildew,4,1,train,,
/kaggle/input/datasets/dhamur/cotton-plant-disease/Cotton leaves/40 Images/Bacterial blight/vertical_flip21.jpg,cotton,cotton::Bacterial blight,Bacterial blight,2,1,train,,
/kaggle/input/datasets/dhamur/cotton-plant-disease/Cotton leaves/40 Images/Target spot/pil_sharpness_22.jpg,cotton,cotton::Target spot,Target spot,5,1,train,,
/kaggle/working/exp02_robust_open_set/unknown_sources/cifar10/train/00058_e2e3ce59ffeb.png,cifar10,cifar10::e2e3ce59ffeb53fa,Unclassified,6,0,train,object_vehicle,airplane
/kaggle/input/datasets/dhamur/cotton-plant-disease/Cotton leaves/40 Images/Target spot/rotate_zoompil_color_22.jpg,cotton,cotton::Target spot,Target spot,5,1,train,,
/kaggle/input/datasets/dhamur/cotton-plant-disease/Cotton leaves/40 Images/Target spot/pil_brightness_17.jpg,cotton,cotton::Target spot,Target spot,5,1,train,,
/kaggle/working/exp02_robust_open_set/unknown_sources/cifar10/train/00611_d11960258c2e.png,cifar10,cifar10::d11960258c2eeaed,Unclassified,6,0,train,object_vehicle,airplane
/kaggle/input/datasets/dhamur/cotton-plant-disease/Cotton leaves/40 Images/Healthy/pil_constract_17.jpg,cotton,cotton::Healthy,Healthy,3,1,train,,
/kaggle/input/datasets/dhamur/cotton-plant-disease/Cotton leaves/40 Images/Powdery mildew/random_crop_36.jpg,cotton,cotton::Powdery mildew,Powdery mildew,4,1,train,,
/kaggle/input/datasets/dhamur/cotton-plant-disease/Cotton leaves/40 Images/Healthy/vertical_flippil_sharpness_12.jpg,cotton,cotton::Healthy,Healthy,3,1,train,,
/kaggle/input/datasets/dhamur/cotton-plant-disease/Cotton leaves/40 Images/Target spot/pil_brightness_39.jpg,cotton,cotton::Target spot,Target spot,5,1,train,,
/kaggle/input/datasets/dhamur/cotton-plant-disease/Cotton leaves/40 Images/Powdery mildew/rotate_zoom39.jpg,cotton,cotton::Powdery mildew,Powdery mildew,4,1,train,,
/kaggle/input/datasets/dhamur/cotton-plant-disease/Cotton leaves/40 Images/Target spot/vertical_flippil_constract_16.jpg,cotton,cotton::Target spot,Target spot,5,1,train,,
/kaggle/input/datasets/dhamur/cotton-plant-disease/Cotton leaves/40 Images/Aphids/vertical_flippil_constract_8.jpg,cotton,cotton::Aphids,Aphids,0,1,train,,
/kaggle/input/datasets/dhamur/cotton-plant-disease/Cotton leaves/40 Images/Powdery mildew/vertical_flippil_brightness_28.jpg,cotton,cotton::Powdery mildew,Powdery mildew,4,1,train,,
/kaggle/input/datasets/dhamur/cotton-plant-disease/Cotton leaves/40 Images/Target spot/random_crop_pil_brightness_38.jpg,cotton,cotton::Target spot,Target spot,5,1,train,,
/kaggle/input/datasets/dhamur/cotton-plant-disease/Cotton leaves/40 Images/Aphids/random_crop_pil_brightness_5.jpg,cotton,cotton::Aphids,Aphids,0,1,train,,
/kaggle/working/exp02_robust_open_set/unknown_sources/cifar10/train/00722_57f00c817909.png,cifar10,cifar10::57f00c817909b9f1,Unclassified,6,0,train,object_vehicle,truck
/kaggle/input/datasets/dhamur/cotton-plant-disease/Cotton leaves/40 Images/Powdery mildew/15.jpg,cotton,cotton::Powdery mildew,Powdery mildew,4,1,train,,
/kaggle/input/datasets/dhamur/cotton-plant-disease/Cotton leaves/40 Images/Bacterial blight/19.jpg,cotton,cotton::Bacterial blight,Bacterial blight,2,1,train,,
/kaggle/working/exp02_robust_open_set/unknown_sources/cifar10/train/00002_b068d1eab78c.png,cifar10,cifar10::b068d1eab78c1f3e,Unclassified,6,0,train,animal,cat
/kaggle/input/datasets/dhamur/cotton-plant-disease/Cotton leaves/40 Images/Aphids/random_crop_pil_color_14.jpg,cotton,cotton::Aphids,Aphids,0,1,train,,
/kaggle/input/datasets/dhamur/cotton-plant-disease/Cotton leaves/40 Images/Powdery mildew/random_crop_pil_brightness_5.jpg,cotton,cotton::Powdery mildew,Powdery mildew,4,1,train,,
/kaggle/input/datasets/dhamur/cotton-plant-disease/Cotton leaves/40 Images/Army worm/vertical_flippil_constract_40.jpg,cotton,cotton::Army worm,Army worm,1,1,train,,
/kaggle/input/datasets/dhamur/cotton-plant-disease/Cotton leaves/40 Images/Army worm/random_translation_pil_color_27.jpg,cotton,cotton::Army worm,Army worm,1,1,train,,
/kaggle/input/datasets/dhamur/cotton-plant-disease/Cotton leaves/40 Images/Army worm/random_translation_3.jpg,cotton,cotton::Army worm,Army worm,1,1,train,,
/kaggle/input/datasets/dhamur/cotton-plant-disease/Cotton leaves/40 Images/Powdery mildew/31.jpg,cotton,cotton::Powdery mildew,Powdery mildew,4,1,train,,
/kaggle/input/datasets/dhamur/cotton-plant-disease/Cotton leaves/40 Images/Healthy/pil_constract_29.jpg,cotton,cotton::Healthy,Healthy,3,1,train,,
/kaggle/input/datasets/dhamur/cotton-plant-disease/Cotton leaves/40 Images/Powdery mildew/rotate_zoompil_brightness_1.jpg,cotton,cotton::Powdery mildew,Powdery mildew,4,1,train,,
/kaggle/working/exp02_robust_open_set/unknown_sources/cifar10/train/00192_31a9d004162e.png,cifar10,cifar10::31a9d004162eb0bc,Unclassified,6,0,train,animal,frog
/kaggle/input/datasets/dhamur/cotton-plant-disease/Cotton leaves/40 Images/Healthy/rotate_zoompil_color_25.jpg,cotton,cotton::Healthy,Healthy,3,1,train,,
/kaggle/working/exp02_robust_open_set/unknown_sources/cifar10/train/00071_06281221737f.png,cifar10,cifar10::06281221737f52a9,Unclassified,6,0,train,animal,bird
/kaggle/input/datasets/dhamur/cotton-plant-disease/Cotton leaves/40 Images/Healthy/rotate_zoompil_color_23.jpg,cotton,cotton::Healthy,Healthy,3,1,train,,
/kaggle/input/datasets/dhamur/cotton-plant-disease/Cotton leaves/40 Images/Target spot/random_crop_pil_constract_11.jpg,cotton,cotton::Target spot,Target spot,5,1,train,,
/kaggle/input/datasets/dhamur/cotton-plant-disease/Cotton leaves/40 Images/Army worm/rotate_zoompil_constract_31.jpg,cotton,cotton::Army worm,Army worm,1,1,train,,
/kaggle/input/datasets/dhamur/cotton-plant-disease/Cotton leaves/40 Images/Aphids/random_crop_pil_color_17.jpg,cotton,cotton::Aphids,Aphids,0,1,train,,
/kaggle/input/datasets/dhamur/cotton-plant-disease/Cotton leaves/40 Images/Aphids/vertical_flippil_sharpness_8.jpg,cotton,cotton::Aphids,Aphids,0,1,train,,
/kaggle/working/exp02_robust_open_set/unknown_sources/cifar10/train/00034_df6ba7c21f2b.png,cifar10,cifar10::df6ba7c21f2b5e9f,Unclassified,6,0,train,animal,cat
/kaggle/input/datasets/dhamur/cotton-plant-disease/Cotton leaves/40 Images/Aphids/pil_sharpness_21.jpg,cotton,cotton::Aphids,Aphids,0,1,train,,
/kaggle/input/datasets/dhamur/cotton-plant-disease/Cotton leaves/40 Images/Healthy/random_crop_pil_color_32.jpg,cotton,cotton::Healthy,Healthy,3,1,train,,
/kaggle/input/datasets/dhamur/cotton-plant-disease/Cotton leaves/40 Images/Aphids/10.jpg,cotton,cotton::Aphids,Aphids,0,1,train,,
/kaggle/input/datasets/dhamur/cotton-plant-disease/Cotton leaves/40 Images/Powdery mildew/rotate_zoompil_constract_37.jpg,cotton,cotton::Powdery mildew,Powdery mildew,4,1,train,,
/kaggle/input/datasets/dhamur/cotton-plant-disease/Cotton leaves/40 Images/Healthy/random_crop_pil_sharpness_39.jpg,cotton,cotton::Healthy,Healthy,3,1,train,,
/kaggle/input/datasets/dhamur/cotton-plant-disease/Cotton leaves/40 Images/Target spot/rotate_zoompil_color_14.jpg,cotton,cotton::Target spot,Target spot,5,1,train,,
/kaggle/input/datasets/dhamur/cotton-plant-disease/Cotton leaves/40 Images/Target spot/rotate_zoom5.jpg,cotton,cotton::Target spot,Target spot,5,1,train,,
/kaggle/input/datasets/dhamur/cotton-plant-disease/Cotton leaves/40 Images/Powdery mildew/pil_constract_25.jpg,cotton,cotton::Powdery mildew,Powdery mildew,4,1,train,,
/kaggle/input/datasets/dhamur/cotton-plant-disease/Cotton leaves/40 Images/Aphids/random_crop_pil_sharpness_7.jpg,cotton,cotton::Aphids,Aphids,0,1,train,,
/kaggle/working/exp02_robust_open_set/unknown_sources/cifar10/train/00311_ac78b662f063.png,cifar10,cifar10::ac78b662f0631eaa,Unclassified,6,0,train,animal,dog
/kaggle/input/datasets/dhamur/cotton-plant-disease/Cotton leaves/40 Images/Target spot/rotate_zoompil_brightness_8.jpg,cotton,cotton::Target spot,Target spot,5,1,train,,
/kaggle/working/exp02_robust_open_set/unknown_sources/cifar10/train/00040_e845acf46777.png,cifar10,cifar10::e845acf4677713b0,Unclassified,6,0,train,animal,frog
/kaggle/input/datasets/dhamur/cotton-plant-disease/Cotton leaves/40 Images/Target spot/random_crop_pil_constract_13.jpg,cotton,cotton::Target spot,Target spot,5,1,train,,
/kaggle/input/datasets/dhamur/cotton-plant-disease/Cotton leaves/40 Images/Target spot/rotate_zoompil_sharpness_27.jpg,cotton,cotton::Target spot,Target spot,5,1,train,,
/kaggle/input/datasets/dhamur/cotton-plant-disease/Cotton leaves/40 Images/Aphids/random_crop_33.jpg,cotton,cotton::Aphids,Aphids,0,1,train,,
/kaggle/input/datasets/dhamur/cotton-plant-disease/Cotton leaves/40 Images/Aphids/vertical_flippil_color_30.jpg,cotton,cotton::Aphids,Aphids,0,1,train,,
/kaggle/input/datasets/dhamur/cotton-plant-disease/Cotton leaves/40 Images/Healthy/rotate_zoompil_color_15.jpg,cotton,cotton::Healthy,Healthy,3,1,train,,
/kaggle/input/datasets/dhamur/cotton-plant-disease/Cotton leaves/40 Images/Bacterial blight/random_crop_pil_brightness_37.jpg,cotton,cotton::Bacterial blight,Bacterial blight,2,1,train,,
/kaggle/working/exp02_robust_open_set/unknown_sources/cifar10/train/00612_33ca628c4169.png,cifar10,cifar10::33ca628c4169a8fd,Unclassified,6,0,train,animal,deer
/kaggle/input/datasets/dhamur/cotton-plant-disease/Cotton leaves/40 Images/Healthy/random_crop_pil_sharpness_40.jpg,cotton,cotton::Healthy,Healthy,3,1,train,,
/kaggle/input/datasets/dhamur/cotton-plant-disease/Cotton leaves/40 Images/Target spot/random_crop_pil_sharpness_5.jpg,cotton,cotton::Target spot,Target spot,5,1,train,,
/kaggle/input/datasets/dhamur/cotton-plant-disease/Cotton leaves/40 Images/Bacterial blight/random_crop_pil_sharpness_31.jpg,cotton,cotton::Bacterial blight,Bacterial blight,2,1,train,,
/kaggle/input/datasets/dhamur/cotton-plant-disease/Cotton leaves/40 Images/Powdery mildew/pil_sharpness_38.jpg,cotton,cotton::Powdery mildew,Powdery mildew,4,1,train,,
/kaggle/input/datasets/dhamur/cotton-plant-disease/Cotton leaves/40 Images/Healthy/rotate_zoom32.jpg,cotton,cotton::Healthy,Healthy,3,1,train,,
/kaggle/input/datasets/dhamur/cotton-plant-disease/Cotton leaves/40 Images/Powdery mildew/vertical_flippil_sharpness_35.jpg,cotton,cotton::Powdery mildew,Powdery mildew,4,1,train,,
/kaggle/input/datasets/dhamur/cotton-plant-disease/Cotton leaves/40 Images/Aphids/pil_constract_36.jpg,cotton,cotton::Aphids,Aphids,0,1,train,,
/kaggle/input/datasets/dhamur/cotton-plant-disease/Cotton leaves/40 Images/Healthy/random_crop_pil_sharpness_9.jpg,cotton,cotton::Healthy,Healthy,3,1,train,,
/kaggle/input/datasets/dhamur/cotton-plant-disease/Cotton leaves/40 Images/Healthy/rotate_zoom38.jpg,cotton,cotton::Healthy,Healthy,3,1,train,,
/kaggle/input/datasets/dhamur/cotton-plant-disease/Cotton leaves/40 Images/Bacterial blight/pil_brightness_25.jpg,cotton,cotton::Bacterial blight,Bacterial blight,2,1,train,,
/kaggle/working/exp02_robust_open_set/unknown_sources/cifar10/train/00435_d40fa6b2e521.png,cifar10,cifar10::d40fa6b2e5214f8e,Unclassified,6,0,train,object_vehicle,airplane
/kaggle/input/datasets/dhamur/cotton-plant-disease/Cotton leaves/40 Images/Army worm/random_translation_pil_sharpness_32.jpg,cotton,cotton::Army worm,Army worm,1,1,train,,
/kaggle/input/datasets/dhamur/cotton-plant-disease/Cotton leaves/40 Images/Aphids/vertical_flip5.jpg,cotton,cotton::Aphids,Aphids,0,1,train,,
/kaggle/working/exp02_robust_open_set/unknown_sources/cifar10/train/00537_98c60b75ac37.png,cifar10,cifar10::98c60b75ac3777f1,Unclassified,6,0,train,animal,deer
/kaggle/working/exp02_robust_open_set/unknown_sources/cifar10/train/00495_c8d9653d9df4.png,cifar10,cifar10::c8d9653d9df44325,Unclassified,6,0,train,animal,cat
/kaggle/input/datasets/dhamur/cotton-plant-disease/Cotton leaves/40 Images/Healthy/random_crop_pil_constract_13.jpg,cotton,cotton::Healthy,Healthy,3,1,train,,
/kaggle/input/datasets/dhamur/cotton-plant-disease/Cotton leaves/40 Images/Target spot/vertical_flip1.jpg,cotton,cotton::Target spot,Target spot,5,1,train,,
/kaggle/working/exp02_robust_open_set/unknown_sources/cifar10/train/00142_3de2192830ef.png,cifar10,cifar10::3de2192830ef237a,Unclassified,6,0,train,animal,cat
/kaggle/input/datasets/dhamur/cotton-plant-disease/Cotton leaves/40 Images/Bacterial blight/pil_constract_33.jpg,cotton,cotton::Bacterial blight,Bacterial blight,2,1,train,,
/kaggle/input/datasets/dhamur/cotton-plant-disease/Cotton leaves/40 Images/Healthy/rotate_zoompil_sharpness_32.jpg,cotton,cotton::Healthy,Healthy,3,1,train,,
/kaggle/input/datasets/dhamur/cotton-plant-disease/Cotton leaves/40 Images/Target spot/pil_color_7.jpg,cotton,cotton::Target spot,Target spot,5,1,train,,
/kaggle/working/exp02_robust_open_set/unknown_sources/cifar10/train/00014_129129b2f4ab.png,cifar10,cifar10::129129b2f4ab5480,Unclassified,6,0,train,animal,dog
/kaggle/input/datasets/dhamur/cotton-plant-disease/Cotton leaves/40 Images/Army worm/random_translation_pil_brightness_26.jpg,cotton,cotton::Army worm,Army worm,1,1,train,,
/kaggle/input/datasets/dhamur/cotton-plant-disease/Cotton leaves/40 Images/Powdery mildew/rotate_zoompil_sharpness_30.jpg,cotton,cotton::Powdery mildew,Powdery mildew,4,1,train,,
/kaggle/input/datasets/dhamur/cotton-plant-disease/Cotton leaves/40 Images/Target spot/rotate_zoompil_color_9.jpg,cotton,cotton::Target spot,Target spot,5,1,train,,
/kaggle/input/datasets/dhamur/cotton-plant-disease/Cotton leaves/40 Images/Powdery mildew/vertical_flippil_brightness_1.jpg,cotton,cotton::Powdery mildew,Powdery mildew,4,1,train,,
/kaggle/input/datasets/dhamur/cotton-plant-disease/Cotton leaves/40 Images/Aphids/pil_brightness_36.jpg,cotton,cotton::Aphids,Aphids,0,1,train,,
/kaggle/input/datasets/dhamur/cotton-plant-disease/Cotton leaves/40 Images/Target spot/pil_sharpness_19.jpg,cotton,cotton::Target spot,Target spot,5,1,train,,
/kaggle/input/datasets/dhamur/cotton-plant-disease/Cotton leaves/40 Images/Target spot/rotate_zoompil_brightness_21.jpg,cotton,cotton::Target spot,Target spot,5,1,train,,
/kaggle/input/datasets/dhamur/cotton-plant-disease/Cotton leaves/40 Images/Target spot/pil_color_8.jpg,cotton,cotton::Target spot,Target spot,5,1,train,,
/kaggle/input/datasets/dhamur/cotton-plant-disease/Cotton leaves/40 Images/Powdery mildew/vertical_flippil_constract_5.jpg,cotton,cotton::Powdery mildew,Powdery mildew,4,1,train,,
/kaggle/input/datasets/dhamur/cotton-plant-disease/Cotton leaves/40 Images/Target spot/random_crop_pil_sharpness_20.jpg,cotton,cotton::Target spot,Target spot,5,1,train,,
/kaggle/input/datasets/dhamur/cotton-plant-disease/Cotton leaves/40 Images/Army worm/pil_sharpness_2.jpg,cotton,cotton::Army worm,Army worm,1,1,train,,
/kaggle/working/exp02_robust_open_set/unknown_sources/cifar10/train/00774_a8754b02e8ba.png,cifar10,cifar10::a8754b02e8ba0a3c,Unclassified,6,0,train,object_vehicle,ship
/kaggle/input/datasets/dhamur/cotton-plant-disease/Cotton leaves/40 Images/Healthy/rotate_zoompil_color_18.jpg,cotton,cotton::Healthy,Healthy,3,1,train,,
/kaggle/input/datasets/dhamur/cotton-plant-disease/Cotton leaves/40 Images/Bacterial blight/random_crop_31.jpg,cotton,cotton::Bacterial blight,Bacterial blight,2,1,train,,
/kaggle/input/datasets/dhamur/cotton-plant-disease/Cotton leaves/40 Images/Aphids/random_crop_3.jpg,cotton,cotton::Aphids,Aphids,0,1,train,,
/kaggle/input/datasets/dhamur/cotton-plant-disease/Cotton leaves/40 Images/Target spot/rotate_zoompil_brightness_28.jpg,cotton,cotton::Target spot,Target spot,5,1,train,,
/kaggle/input/datasets/dhamur/cotton-plant-disease/Cotton leaves/40 Images/Aphids/random_crop_pil_color_34.jpg,cotton,cotton::Aphids,Aphids,0,1,train,,
/kaggle/input/datasets/dhamur/cotton-plant-disease/Cotton leaves/40 Images/Bacterial blight/rotate_zoompil_color_36.jpg,cotton,cotton::Bacterial blight,Bacterial blight,2,1,train,,
/kaggle/input/datasets/dhamur/cotton-plant-disease/Cotton leaves/40 Images/Aphids/vertical_flip33.jpg,cotton,cotton::Aphids,Aphids,0,1,train,,
/kaggle/input/datasets/dhamur/cotton-plant-disease/Cotton leaves/40 Images/Army worm/rotate_zoompil_color_23.jpg,cotton,cotton::Army worm,Army worm,1,1,train,,
/kaggle/working/exp02_robust_open_set/unknown_sources/cifar10/train/00108_6b30f73fb32d.png,cifar10,cifar10::6b30f73fb32dcfa4,Unclassified,6,0,train,object_vehicle,truck
/kaggle/input/datasets/dhamur/cotton-plant-disease/Cotton leaves/40 Images/Powdery mildew/pil_brightness_9.jpg,cotton,cotton::Powdery mildew,Powdery mildew,4,1,train,,
/kaggle/input/datasets/dhamur/cotton-plant-disease/Cotton leaves/40 Images/Army worm/rotate_zoompil_color_32.jpg,cotton,cotton::Army worm,Army worm,1,1,train,,
/kaggle/input/datasets/dhamur/cotton-plant-disease/Cotton leaves/40 Images/Target spot/random_crop_pil_brightness_20.jpg,cotton,cotton::Target spot,Target spot,5,1,train,,
/kaggle/input/datasets/dhamur/cotton-plant-disease/Cotton leaves/40 Images/Aphids/1.jpg,cotton,cotton::Aphids,Aphids,0,1,train,,
/kaggle/input/datasets/dhamur/cotton-plant-disease/Cotton leaves/40 Images/Target spot/random_crop_24.jpg,cotton,cotton::Target spot,Target spot,5,1,train,,
/kaggle/input/datasets/dhamur/cotton-plant-disease/Cotton leaves/40 Images/Target spot/15.jpg,cotton,cotton::Target spot,Target spot,5,1,train,,
/kaggle/input/datasets/dhamur/cotton-plant-disease/Cotton leaves/40 Images/Healthy/pil_constract_2.jpg,cotton,cotton::Healthy,Healthy,3,1,train,,
/kaggle/input/datasets/dhamur/cotton-plant-disease/Cotton leaves/40 Images/Healthy/vertical_flippil_sharpness_29.jpg,cotton,cotton::Healthy,Healthy,3,1,train,,
/kaggle/input/datasets/dhamur/cotton-plant-disease/Cotton leaves/40 Images/Target spot/random_crop_pil_brightness_23.jpg,cotton,cotton::Target spot,Target spot,5,1,train,,
/kaggle/input/datasets/dhamur/cotton-plant-disease/Cotton leaves/40 Images/Army worm/pil_constract_6.jpg,cotton,cotton::Army worm,Army worm,1,1,train,,
/kaggle/input/datasets/dhamur/cotton-plant-disease/Cotton leaves/40 Images/Bacterial blight/pil_constract_26.jpg,cotton,cotton::Bacterial blight,Bacterial blight,2,1,train,,
/kaggle/input/datasets/dhamur/cotton-plant-disease/Cotton leaves/40 Images/Aphids/rotate_zoompil_color_29.jpg,cotton,cotton::Aphids,Aphids,0,1,train,,
/kaggle/input/datasets/dhamur/cotton-plant-disease/Cotton leaves/40 Images/Powdery mildew/rotate_zoompil_constract_13.jpg,cotton,cotton::Powdery mildew,Powdery mildew,4,1,train,,
/kaggle/input/datasets/dhamur/cotton-plant-disease/Cotton leaves/40 Images/Bacterial blight/random_crop_27.jpg,cotton,cotton::Bacterial blight,Bacterial blight,2,1,train,,
/kaggle/input/datasets/dhamur/cotton-plant-disease/Cotton leaves/40 Images/Powdery mildew/pil_constract_21.jpg,cotton,cotton::Powdery mildew,Powdery mildew,4,1,train,,
/kaggle/working/exp02_robust_open_set/unknown_sources/cifar10/train/00717_7d56140a845b.png,cifar10,cifar10::7d56140a845bbb04,Unclassified,6,0,train,animal,deer
/kaggle/input/datasets/dhamur/cotton-plant-disease/Cotton leaves/40 Images/Aphids/pil_brightness_6.jpg,cotton,cotton::Aphids,Aphids,0,1,train,,
/kaggle/input/datasets/dhamur/cotton-plant-disease/Cotton leaves/40 Images/Healthy/rotate_zoompil_sharpness_27.jpg,cotton,cotton::Healthy,Healthy,3,1,train,,
/kaggle/input/datasets/dhamur/cotton-plant-disease/Cotton leaves/40 Images/Healthy/pil_sharpness_22.jpg,cotton,cotton::Healthy,Healthy,3,1,train,,
/kaggle/input/datasets/dhamur/cotton-plant-disease/Cotton leaves/40 Images/Healthy/random_crop_pil_color_10.jpg,cotton,cotton::Healthy,Healthy,3,1,train,,
/kaggle/input/datasets/dhamur/cotton-plant-disease/Cotton leaves/40 Images/Powdery mildew/vertical_flippil_sharpness_34.jpg,cotton,cotton::Powdery mildew,Powdery mildew,4,1,train,,
/kaggle/working/exp02_robust_open_set/unknown_sources/cifar10/train/00295_15a4e1a28e2c.png,cifar10,cifar10::15a4e1a28e2c0526,Unclassified,6,0,train,object_vehicle,ship
/kaggle/input/datasets/dhamur/cotton-plant-disease/Cotton leaves/40 Images/Aphids/random_crop_pil_color_1.jpg,cotton,cotton::Aphids,Aphids,0,1,train,,
/kaggle/working/exp02_robust_open_set/unknown_sources/cifar10/train/00217_e155b526e096.png,cifar10,cifar10::e155b526e0967720,Unclassified,6,0,train,animal,frog
/kaggle/working/exp02_robust_open_set/unknown_sources/cifar10/train/00285_b71e2340b637.png,cifar10,cifar10::b71e2340b6376467,Unclassified,6,0,train,animal,cat
/kaggle/input/datasets/dhamur/cotton-plant-disease/Cotton leaves/40 Images/Healthy/vertical_flippil_sharpness_22.jpg,cotton,cotton::Healthy,Healthy,3,1,train,,
/kaggle/input/datasets/dhamur/cotton-plant-disease/Cotton leaves/40 Images/Aphids/vertical_flip30.jpg,cotton,cotton::Aphids,Aphids,0,1,train,,
/kaggle/input/datasets/dhamur/cotton-plant-disease/Cotton leaves/40 Images/Powdery mildew/4.jpg,cotton,cotton::Powdery mildew,Powdery mildew,4,1,train,,
/kaggle/input/datasets/dhamur/cotton-plant-disease/Cotton leaves/40 Images/Powdery mildew/vertical_flippil_color_1.jpg,cotton,cotton::Powdery mildew,Powdery mildew,4,1,train,,
/kaggle/working/exp02_robust_open_set/unknown_sources/cifar10/train/00299_809e8ee89124.png,cifar10,cifar10::809e8ee891241b64,Unclassified,6,0,train,animal,deer
/kaggle/input/datasets/dhamur/cotton-plant-disease/Cotton leaves/40 Images/Aphids/rotate_zoompil_brightness_29.jpg,cotton,cotton::Aphids,Aphids,0,1,train,,
/kaggle/input/datasets/dhamur/cotton-plant-disease/Cotton leaves/40 Images/Army worm/random_translation_pil_color_6.jpg,cotton,cotton::Army worm,Army worm,1,1,train,,
/kaggle/input/datasets/dhamur/cotton-plant-disease/Cotton leaves/40 Images/Healthy/random_crop_pil_color_1.jpg,cotton,cotton::Healthy,Healthy,3,1,train,,
/kaggle/input/datasets/dhamur/cotton-plant-disease/Cotton leaves/40 Images/Powdery mildew/pil_brightness_16.jpg,cotton,cotton::Powdery mildew,Powdery mildew,4,1,train,,
/kaggle/input/datasets/dhamur/cotton-plant-disease/Cotton leaves/40 Images/Target spot/vertical_flippil_color_39.jpg,cotton,cotton::Target spot,Target spot,5,1,train,,
/kaggle/input/datasets/dhamur/cotton-plant-disease/Cotton leaves/40 Images/Army worm/vertical_flippil_brightness_7.jpg,cotton,cotton::Army worm,Army worm,1,1,train,,
/kaggle/input/datasets/dhamur/cotton-plant-disease/Cotton leaves/40 Images/Aphids/rotate_zoompil_sharpness_20.jpg,cotton,cotton::Aphids,Aphids,0,1,train,,
/kaggle/input/datasets/dhamur/cotton-plant-disease/Cotton leaves/40 Images/Target spot/random_crop_pil_color_10.jpg,cotton,cotton::Target spot,Target spot,5,1,train,,
/kaggle/input/datasets/dhamur/cotton-plant-disease/Cotton leaves/40 Images/Healthy/pil_brightness_40.jpg,cotton,cotton::Healthy,Healthy,3,1,train,,
/kaggle/input/datasets/dhamur/cotton-plant-disease/Cotton leaves/40 Images/Healthy/random_crop_pil_sharpness_14.jpg,cotton,cotton::Healthy,Healthy,3,1,train,,
/kaggle/input/datasets/dhamur/cotton-plant-disease/Cotton leaves/40 Images/Target spot/pil_constract_3.jpg,cotton,cotton::Target spot,Target spot,5,1,train,,
/kaggle/input/datasets/dhamur/cotton-plant-disease/Cotton leaves/40 Images/Powdery mildew/random_crop_5.jpg,cotton,cotton::Powdery mildew,Powdery mildew,4,1,train,,
/kaggle/working/exp02_robust_open_set/unknown_sources/cifar10/train/00176_e81f8354874f.png,cifar10,cifar10::e81f8354874fd14c,Unclassified,6,0,train,animal,deer
/kaggle/working/exp02_robust_open_set/unknown_sources/cifar10/train/00547_d31b1d1515ef.png,cifar10,cifar10::d31b1d1515efd806,Unclassified,6,0,train,object_vehicle,airplane
/kaggle/input/datasets/dhamur/cotton-plant-disease/Cotton leaves/40 Images/Bacterial blight/rotate_zoom20.jpg,cotton,cotton::Bacterial blight,Bacterial blight,2,1,train,,
/kaggle/input/datasets/dhamur/cotton-plant-disease/Cotton leaves/40 Images/Aphids/15.jpg,cotton,cotton::Aphids,Aphids,0,1,train,,
/kaggle/input/datasets/dhamur/cotton-plant-disease/Cotton leaves/40 Images/Healthy/rotate_zoompil_constract_38.jpg,cotton,cotton::Healthy,Healthy,3,1,train,,
/kaggle/input/datasets/dhamur/cotton-plant-disease/Cotton leaves/40 Images/Army worm/rotate_zoompil_color_14.jpg,cotton,cotton::Army worm,Army worm,1,1,train,,
/kaggle/input/datasets/dhamur/cotton-plant-disease/Cotton leaves/40 Images/Aphids/random_crop_1.jpg,cotton,cotton::Aphids,Aphids,0,1,train,,
/kaggle/working/exp02_robust_open_set/unknown_sources/cifar10/train/00579_3ace3741b3e1.png,cifar10,cifar10::3ace3741b3e1bfb0,Unclassified,6,0,train,object_vehicle,truck
/kaggle/input/datasets/dhamur/cotton-plant-disease/Cotton leaves/40 Images/Aphids/vertical_flip34.jpg,cotton,cotton::Aphids,Aphids,0,1,train,,
/kaggle/working/exp02_robust_open_set/unknown_sources/cifar10/train/00204_00a4bec69c01.png,cifar10,cifar10::00a4bec69c010fb4,Unclassified,6,0,train,animal,deer
/kaggle/working/exp02_robust_open_set/unknown_sources/cifar10/train/00761_4f499709dd45.png,cifar10,cifar10::4f499709dd4518e5,Unclassified,6,0,train,animal,horse
/kaggle/input/datasets/dhamur/cotton-plant-disease/Cotton leaves/40 Images/Army worm/vertical_flippil_constract_31.jpg,cotton,cotton::Army worm,Army worm,1,1,train,,
/kaggle/input/datasets/dhamur/cotton-plant-disease/Cotton leaves/40 Images/Aphids/random_crop_pil_constract_15.jpg,cotton,cotton::Aphids,Aphids,0,1,train,,
/kaggle/input/datasets/dhamur/cotton-plant-disease/Cotton leaves/40 Images/Powdery mildew/vertical_flippil_color_18.jpg,cotton,cotton::Powdery mildew,Powdery mildew,4,1,train,,
/kaggle/input/datasets/dhamur/cotton-plant-disease/Cotton leaves/40 Images/Powdery mildew/vertical_flip1.jpg,cotton,cotton::Powdery mildew,Powdery mildew,4,1,train,,
/kaggle/input/datasets/dhamur/cotton-plant-disease/Cotton leaves/40 Images/Target spot/pil_constract_8.jpg,cotton,cotton::Target spot,Target spot,5,1,train,,
/kaggle/working/exp02_robust_open_set/unknown_sources/cifar10/train/00439_911c50664390.png,cifar10,cifar10::911c50664390a319,Unclassified,6,0,train,animal,frog
/kaggle/input/datasets/dhamur/cotton-plant-disease/Cotton leaves/40 Images/Army worm/vertical_flippil_constract_36.jpg,cotton,cotton::Army worm,Army worm,1,1,train,,
/kaggle/input/datasets/dhamur/cotton-plant-disease/Cotton leaves/40 Images/Powdery mildew/random_crop_pil_sharpness_19.jpg,cotton,cotton::Powdery mildew,Powdery mildew,4,1,train,,
/kaggle/working/exp02_robust_open_set/unknown_sources/cifar10/train/00099_aaba767cbd0d.png,cifar10,cifar10::aaba767cbd0d5ed8,Unclassified,6,0,train,object_vehicle,truck
/kaggle/input/datasets/dhamur/cotton-plant-disease/Cotton leaves/40 Images/Target spot/pil_color_5.jpg,cotton,cotton::Target spot,Target spot,5,1,train,,
/kaggle/input/datasets/dhamur/cotton-plant-disease/Cotton leaves/40 Images/Bacterial blight/rotate_zoompil_color_26.jpg,cotton,cotton::Bacterial blight,Bacterial blight,2,1,train,,
/kaggle/input/datasets/dhamur/cotton-plant-disease/Cotton leaves/40 Images/Bacterial blight/vertical_flippil_constract_40.jpg,cotton,cotton::Bacterial blight,Bacterial blight,2,1,train,,
/kaggle/input/datasets/dhamur/cotton-plant-disease/Cotton leaves/40 Images/Healthy/random_crop_pil_brightness_1.jpg,cotton,cotton::Healthy,Healthy,3,1,train,,
/kaggle/input/datasets/dhamur/cotton-plant-disease/Cotton leaves/40 Images/Healthy/pil_constract_14.jpg,cotton,cotton::Healthy,Healthy,3,1,train,,
/kaggle/input/datasets/dhamur/cotton-plant-disease/Cotton leaves/40 Images/Healthy/pil_sharpness_27.jpg,cotton,cotton::Healthy,Healthy,3,1,train,,
/kaggle/input/datasets/dhamur/cotton-plant-disease/Cotton leaves/40 Images/Target spot/random_crop_pil_constract_23.jpg,cotton,cotton::Target spot,Target spot,5,1,train,,
/kaggle/input/datasets/dhamur/cotton-plant-disease/Cotton leaves/40 Images/Bacterial blight/vertical_flippil_sharpness_20.jpg,cotton,cotton::Bacterial blight,Bacterial blight,2,1,train,,
/kaggle/input/datasets/dhamur/cotton-plant-disease/Cotton leaves/40 Images/Healthy/pil_sharpness_38.jpg,cotton,cotton::Healthy,Healthy,3,1,train,,
/kaggle/working/exp02_robust_open_set/unknown_sources/cifar10/train/00312_aa328178732b.png,cifar10,cifar10::aa328178732bd28d,Unclassified,6,0,train,animal,bird
/kaggle/input/datasets/dhamur/cotton-plant-disease/Cotton leaves/40 Images/Aphids/rotate_zoom6.jpg,cotton,cotton::Aphids,Aphids,0,1,train,,
/kaggle/input/datasets/dhamur/cotton-plant-disease/Cotton leaves/40 Images/Army worm/pil_brightness_19.jpg,cotton,cotton::Army worm,Army worm,1,1,train,,
/kaggle/input/datasets/dhamur/cotton-plant-disease/Cotton leaves/40 Images/Healthy/vertical_flippil_color_30.jpg,cotton,cotton::Healthy,Healthy,3,1,train,,
/kaggle/working/exp02_robust_open_set/unknown_sources/cifar10/train/00425_4a7c881bfb88.png,cifar10,cifar10::4a7c881bfb88de64,Unclassified,6,0,train,object_vehicle,airplane
/kaggle/input/datasets/dhamur/cotton-plant-disease/Cotton leaves/40 Images/Target spot/vertical_flippil_constract_30.jpg,cotton,cotton::Target spot,Target spot,5,1,train,,
/kaggle/input/datasets/dhamur/cotton-plant-disease/Cotton leaves/40 Images/Aphids/random_crop_pil_color_16.jpg,cotton,cotton::Aphids,Aphids,0,1,train,,
/kaggle/input/datasets/dhamur/cotton-plant-disease/Cotton leaves/40 Images/Bacterial blight/rotate_zoom36.jpg,cotton,cotton::Bacterial blight,Bacterial blight,2,1,train,,
/kaggle/input/datasets/dhamur/cotton-plant-disease/Cotton leaves/40 Images/Target spot/random_crop_pil_brightness_40.jpg,cotton,cotton::Target spot,Target spot,5,1,train,,
/kaggle/input/datasets/dhamur/cotton-plant-disease/Cotton leaves/40 Images/Army worm/rotate_zoom39.jpg,cotton,cotton::Army worm,Army worm,1,1,train,,
/kaggle/input/datasets/dhamur/cotton-plant-disease/Cotton leaves/40 Images/Bacterial blight/pil_constract_4.jpg,cotton,cotton::Bacterial blight,Bacterial blight,2,1,train,,
/kaggle/input/datasets/dhamur/cotton-plant-disease/Cotton leaves/40 Images/Target spot/random_crop_pil_color_33.jpg,cotton,cotton::Target spot,Target spot,5,1,train,,
/kaggle/input/datasets/dhamur/cotton-plant-disease/Cotton leaves/40 Images/Bacterial blight/rotate_zoom32.jpg,cotton,cotton::Bacterial blight,Bacterial blight,2,1,train,,
/kaggle/input/datasets/dhamur/cotton-plant-disease/Cotton leaves/40 Images/Powdery mildew/vertical_flippil_brightness_2.jpg,cotton,cotton::Powdery mildew,Powdery mildew,4,1,train,,
/kaggle/input/datasets/dhamur/cotton-plant-disease/Cotton leaves/40 Images/Target spot/random_crop_pil_sharpness_3.jpg,cotton,cotton::Target spot,Target spot,5,1,train,,
/kaggle/input/datasets/dhamur/cotton-plant-disease/Cotton leaves/40 Images/Healthy/rotate_zoom22.jpg,cotton,cotton::Healthy,Healthy,3,1,train,,
/kaggle/input/datasets/dhamur/cotton-plant-disease/Cotton leaves/40 Images/Army worm/rotate_zoompil_sharpness_11.jpg,cotton,cotton::Army worm,Army worm,1,1,train,,
/kaggle/input/datasets/dhamur/cotton-plant-disease/Cotton leaves/40 Images/Aphids/rotate_zoom15.jpg,cotton,cotton::Aphids,Aphids,0,1,train,,
/kaggle/input/datasets/dhamur/cotton-plant-disease/Cotton leaves/40 Images/Aphids/rotate_zoompil_color_38.jpg,cotton,cotton::Aphids,Aphids,0,1,train,,
/kaggle/input/datasets/dhamur/cotton-plant-disease/Cotton leaves/40 Images/Aphids/random_crop_pil_constract_12.jpg,cotton,cotton::Aphids,Aphids,0,1,train,,
/kaggle/input/datasets/dhamur/cotton-plant-disease/Cotton leaves/40 Images/Powdery mildew/vertical_flippil_sharpness_28.jpg,cotton,cotton::Powdery mildew,Powdery mildew,4,1,train,,
/kaggle/input/datasets/dhamur/cotton-plant-disease/Cotton leaves/40 Images/Aphids/rotate_zoompil_sharpness_38.jpg,cotton,cotton::Aphids,Aphids,0,1,train,,
/kaggle/input/datasets/dhamur/cotton-plant-disease/Cotton leaves/40 Images/Powdery mildew/rotate_zoom29.jpg,cotton,cotton::Powdery mildew,Powdery mildew,4,1,train,,
/kaggle/working/exp02_robust_open_set/unknown_sources/cifar10/train/00254_ce04bb79e2a8.png,cifar10,cifar10::ce04bb79e2a8e8ac,Unclassified,6,0,train,animal,cat
/kaggle/input/datasets/dhamur/cotton-plant-disease/Cotton leaves/40 Images/Target spot/rotate_zoompil_brightness_12.jpg,cotton,cotton::Target spot,Target spot,5,1,train,,
/kaggle/input/datasets/dhamur/cotton-plant-disease/Cotton leaves/40 Images/Powdery mildew/vertical_flip16.jpg,cotton,cotton::Powdery mildew,Powdery mildew,4,1,train,,
/kaggle/input/datasets/dhamur/cotton-plant-disease/Cotton leaves/40 Images/Aphids/random_crop_pil_sharpness_9.jpg,cotton,cotton::Aphids,Aphids,0,1,train,,
/kaggle/input/datasets/dhamur/cotton-plant-disease/Cotton leaves/40 Images/Bacterial blight/vertical_flippil_sharpness_22.jpg,cotton,cotton::Bacterial blight,Bacterial blight,2,1,train,,
/kaggle/input/datasets/dhamur/cotton-plant-disease/Cotton leaves/40 Images/Army worm/rotate_zoompil_color_20.jpg,cotton,cotton::Army worm,Army worm,1,1,train,,
/kaggle/input/datasets/dhamur/cotton-plant-disease/Cotton leaves/40 Images/Healthy/pil_sharpness_14.jpg,cotton,cotton::Healthy,Healthy,3,1,train,,
/kaggle/working/exp02_robust_open_set/unknown_sources/cifar10/train/00548_e7e780f3a281.png,cifar10,cifar10::e7e780f3a2811e75,Unclassified,6,0,train,animal,cat
/kaggle/input/datasets/dhamur/cotton-plant-disease/Cotton leaves/40 Images/Bacterial blight/rotate_zoompil_color_13.jpg,cotton,cotton::Bacterial blight,Bacterial blight,2,1,train,,
/kaggle/input/datasets/dhamur/cotton-plant-disease/Cotton leaves/40 Images/Target spot/rotate_zoompil_brightness_29.jpg,cotton,cotton::Target spot,Target spot,5,1,train,,
/kaggle/input/datasets/dhamur/cotton-plant-disease/Cotton leaves/40 Images/Army worm/18.jpg,cotton,cotton::Army worm,Army worm,1,1,train,,
/kaggle/input/datasets/dhamur/cotton-plant-disease/Cotton leaves/40 Images/Bacterial blight/pil_color_2.jpg,cotton,cotton::Bacterial blight,Bacterial blight,2,1,train,,
/kaggle/input/datasets/dhamur/cotton-plant-disease/Cotton leaves/40 Images/Army worm/random_translation_pil_color_10.jpg,cotton,cotton::Army worm,Army worm,1,1,train,,
/kaggle/input/datasets/dhamur/cotton-plant-disease/Cotton leaves/40 Images/Target spot/vertical_flip30.jpg,cotton,cotton::Target spot,Target spot,5,1,train,,
/kaggle/input/datasets/dhamur/cotton-plant-disease/Cotton leaves/40 Images/Powdery mildew/rotate_zoompil_color_31.jpg,cotton,cotton::Powdery mildew,Powdery mildew,4,1,train,,
/kaggle/input/datasets/dhamur/cotton-plant-disease/Cotton leaves/40 Images/Powdery mildew/random_crop_pil_color_16.jpg,cotton,cotton::Powdery mildew,Powdery mildew,4,1,train,,
/kaggle/input/datasets/dhamur/cotton-plant-disease/Cotton leaves/40 Images/Target spot/rotate_zoompil_constract_11.jpg,cotton,cotton::Target spot,Target spot,5,1,train,,
/kaggle/working/exp02_robust_open_set/unknown_sources/cifar10/train/00762_089be85f036c.png,cifar10,cifar10::089be85f036cbb80,Unclassified,6,0,train,animal,deer
/kaggle/working/exp02_robust_open_set/unknown_sources/cifar10/train/00656_5b44bb857173.png,cifar10,cifar10::5b44bb85717306e1,Unclassified,6,0,train,animal,bird
/kaggle/working/exp02_robust_open_set/unknown_sources/cifar10/train/00357_9b997b881eb4.png,cifar10,cifar10::9b997b881eb4bab9,Unclassified,6,0,train,animal,cat
/kaggle/input/datasets/dhamur/cotton-plant-disease/Cotton leaves/40 Images/Army worm/rotate_zoompil_brightness_8.jpg,cotton,cotton::Army worm,Army worm,1,1,train,,
/kaggle/input/datasets/dhamur/cotton-plant-disease/Cotton leaves/40 Images/Army worm/pil_brightness_12.jpg,cotton,cotton::Army worm,Army worm,1,1,train,,
/kaggle/input/datasets/dhamur/cotton-plant-disease/Cotton leaves/40 Images/Powdery mildew/vertical_flippil_brightness_26.jpg,cotton,cotton::Powdery mildew,Powdery mildew,4,1,train,,
/kaggle/input/datasets/dhamur/cotton-plant-disease/Cotton leaves/40 Images/Aphids/random_crop_pil_constract_23.jpg,cotton,cotton::Aphids,Aphids,0,1,train,,
/kaggle/input/datasets/dhamur/cotton-plant-disease/Cotton leaves/40 Images/Bacterial blight/rotate_zoom18.jpg,cotton,cotton::Bacterial blight,Bacterial blight,2,1,train,,
/kaggle/input/datasets/dhamur/cotton-plant-disease/Cotton leaves/40 Images/Target spot/rotate_zoompil_brightness_19.jpg,cotton,cotton::Target spot,Target spot,5,1,train,,
/kaggle/input/datasets/dhamur/cotton-plant-disease/Cotton leaves/40 Images/Healthy/rotate_zoom14.jpg,cotton,cotton::Healthy,Healthy,3,1,train,,
/kaggle/input/datasets/dhamur/cotton-plant-disease/Cotton leaves/40 Images/Army worm/rotate_zoompil_sharpness_36.jpg,cotton,cotton::Army worm,Army worm,1,1,train,,
/kaggle/working/exp02_robust_open_set/unknown_sources/cifar10/train/00672_f6bbf05ba973.png,cifar10,cifar10::f6bbf05ba973f0ec,Unclassified,6,0,train,animal,bird
/kaggle/input/datasets/dhamur/cotton-plant-disease/Cotton leaves/40 Images/Army worm/rotate_zoom28.jpg,cotton,cotton::Army worm,Army worm,1,1,train,,
/kaggle/input/datasets/dhamur/cotton-plant-disease/Cotton leaves/40 Images/Healthy/rotate_zoompil_constract_8.jpg,cotton,cotton::Healthy,Healthy,3,1,train,,
/kaggle/working/exp02_robust_open_set/unknown_sources/cifar10/train/00711_f3ab21457dc3.png,cifar10,cifar10::f3ab21457dc3f2df,Unclassified,6,0,train,object_vehicle,truck
/kaggle/input/datasets/dhamur/cotton-plant-disease/Cotton leaves/40 Images/Healthy/random_crop_11.jpg,cotton,cotton::Healthy,Healthy,3,1,train,,
/kaggle/input/datasets/dhamur/cotton-plant-disease/Cotton leaves/40 Images/Target spot/vertical_flip5.jpg,cotton,cotton::Target spot,Target spot,5,1,train,,
/kaggle/input/datasets/dhamur/cotton-plant-disease/Cotton leaves/40 Images/Powdery mildew/vertical_flippil_constract_21.jpg,cotton,cotton::Powdery mildew,Powdery mildew,4,1,train,,
/kaggle/input/datasets/dhamur/cotton-plant-disease/Cotton leaves/40 Images/Powdery mildew/vertical_flippil_brightness_4.jpg,cotton,cotton::Powdery mildew,Powdery mildew,4,1,train,,
/kaggle/input/datasets/dhamur/cotton-plant-disease/Cotton leaves/40 Images/Target spot/pil_constract_14.jpg,cotton,cotton::Target spot,Target spot,5,1,train,,
/kaggle/input/datasets/dhamur/cotton-plant-disease/Cotton leaves/40 Images/Bacterial blight/2.jpg,cotton,cotton::Bacterial blight,Bacterial blight,2,1,train,,
/kaggle/input/datasets/dhamur/cotton-plant-disease/Cotton leaves/40 Images/Bacterial blight/34.jpg,cotton,cotton::Bacterial blight,Bacterial blight,2,1,train,,
/kaggle/input/datasets/dhamur/cotton-plant-disease/Cotton leaves/40 Images/Target spot/vertical_flippil_constract_31.jpg,cotton,cotton::Target spot,Target spot,5,1,train,,
/kaggle/working/exp02_robust_open_set/unknown_sources/cifar10/train/00532_6cf400c109a6.png,cifar10,cifar10::6cf400c109a65997,Unclassified,6,0,train,object_vehicle,airplane
/kaggle/input/datasets/dhamur/cotton-plant-disease/Cotton leaves/40 Images/Army worm/random_translation_pil_constract_14.jpg,cotton,cotton::Army worm,Army worm,1,1,train,,
/kaggle/input/datasets/dhamur/cotton-plant-disease/Cotton leaves/40 Images/Target spot/rotate_zoompil_brightness_26.jpg,cotton,cotton::Target spot,Target spot,5,1,train,,
/kaggle/input/datasets/dhamur/cotton-plant-disease/Cotton leaves/40 Images/Aphids/rotate_zoompil_brightness_18.jpg,cotton,cotton::Aphids,Aphids,0,1,train,,
/kaggle/working/exp02_robust_open_set/unknown_sources/cifar10/train/00670_9f510f70cad7.png,cifar10,cifar10::9f510f70cad7f117,Unclassified,6,0,train,animal,dog
/kaggle/input/datasets/dhamur/cotton-plant-disease/Cotton leaves/40 Images/Target spot/rotate_zoompil_constract_26.jpg,cotton,cotton::Target spot,Target spot,5,1,train,,
/kaggle/input/datasets/dhamur/cotton-plant-disease/Cotton leaves/40 Images/Healthy/rotate_zoompil_sharpness_18.jpg,cotton,cotton::Healthy,Healthy,3,1,train,,
/kaggle/input/datasets/dhamur/cotton-plant-disease/Cotton leaves/40 Images/Army worm/pil_sharpness_30.jpg,cotton,cotton::Army worm,Army worm,1,1,train,,
/kaggle/input/datasets/dhamur/cotton-plant-disease/Cotton leaves/40 Images/Army worm/rotate_zoom1.jpg,cotton,cotton::Army worm,Army worm,1,1,train,,
/kaggle/input/datasets/dhamur/cotton-plant-disease/Cotton leaves/40 Images/Bacterial blight/rotate_zoompil_constract_19.jpg,cotton,cotton::Bacterial blight,Bacterial blight,2,1,train,,
/kaggle/input/datasets/dhamur/cotton-plant-disease/Cotton leaves/40 Images/Powdery mildew/vertical_flip5.jpg,cotton,cotton::Powdery mildew,Powdery mildew,4,1,train,,
/kaggle/input/datasets/dhamur/cotton-plant-disease/Cotton leaves/40 Images/Aphids/rotate_zoompil_color_3.jpg,cotton,cotton::Aphids,Aphids,0,1,train,,
/kaggle/input/datasets/dhamur/cotton-plant-disease/Cotton leaves/40 Images/Bacterial blight/vertical_flippil_brightness_33.jpg,cotton,cotton::Bacterial blight,Bacterial blight,2,1,train,,
/kaggle/input/datasets/dhamur/cotton-plant-disease/Cotton leaves/40 Images/Aphids/rotate_zoompil_color_1.jpg,cotton,cotton::Aphids,Aphids,0,1,train,,
/kaggle/working/exp02_robust_open_set/unknown_sources/cifar10/train/00039_2f17f441c9a8.png,cifar10,cifar10::2f17f441c9a828a2,Unclassified,6,0,train,animal,dog
/kaggle/input/datasets/dhamur/cotton-plant-disease/Cotton leaves/40 Images/Target spot/random_crop_pil_constract_33.jpg,cotton,cotton::Target spot,Target spot,5,1,train,,
/kaggle/input/datasets/dhamur/cotton-plant-disease/Cotton leaves/40 Images/Army worm/rotate_zoom21.jpg,cotton,cotton::Army worm,Army worm,1,1,train,,
/kaggle/input/datasets/dhamur/cotton-plant-disease/Cotton leaves/40 Images/Target spot/vertical_flippil_constract_17.jpg,cotton,cotton::Target spot,Target spot,5,1,train,,
/kaggle/input/datasets/dhamur/cotton-plant-disease/Cotton leaves/40 Images/Healthy/rotate_zoompil_constract_7.jpg,cotton,cotton::Healthy,Healthy,3,1,train,,
/kaggle/input/datasets/dhamur/cotton-plant-disease/Cotton leaves/40 Images/Aphids/rotate_zoompil_sharpness_21.jpg,cotton,cotton::Aphids,Aphids,0,1,train,,
/kaggle/input/datasets/dhamur/cotton-plant-disease/Cotton leaves/40 Images/Army worm/rotate_zoompil_color_21.jpg,cotton,cotton::Army worm,Army worm,1,1,train,,
/kaggle/input/datasets/dhamur/cotton-plant-disease/Cotton leaves/40 Images/Healthy/vertical_flippil_sharpness_28.jpg,cotton,cotton::Healthy,Healthy,3,1,train,,
/kaggle/working/exp02_robust_open_set/unknown_sources/cifar10/train/00258_7def587df8a1.png,cifar10,cifar10::7def587df8a12649,Unclassified,6,0,train,animal,dog
/kaggle/input/datasets/dhamur/cotton-plant-disease/Cotton leaves/40 Images/Aphids/vertical_flip39.jpg,cotton,cotton::Aphids,Aphids,0,1,train,,
/kaggle/input/datasets/dhamur/cotton-plant-disease/Cotton leaves/40 Images/Aphids/4.jpg,cotton,cotton::Aphids,Aphids,0,1,train,,
/kaggle/input/datasets/dhamur/cotton-plant-disease/Cotton leaves/40 Images/Bacterial blight/29.jpg,cotton,cotton::Bacterial blight,Bacterial blight,2,1,train,,
/kaggle/input/datasets/dhamur/cotton-plant-disease/Cotton leaves/40 Images/Powdery mildew/rotate_zoompil_brightness_35.jpg,cotton,cotton::Powdery mildew,Powdery mildew,4,1,train,,
/kaggle/input/datasets/dhamur/cotton-plant-disease/Cotton leaves/40 Images/Target spot/vertical_flippil_sharpness_38.jpg,cotton,cotton::Target spot,Target spot,5,1,train,,
/kaggle/input/datasets/dhamur/cotton-plant-disease/Cotton leaves/40 Images/Aphids/rotate_zoompil_color_37.jpg,cotton,cotton::Aphids,Aphids,0,1,train,,
/kaggle/input/datasets/dhamur/cotton-plant-disease/Cotton leaves/40 Images/Bacterial blight/pil_brightness_23.jpg,cotton,cotton::Bacterial blight,Bacterial blight,2,1,train,,
/kaggle/input/datasets/dhamur/cotton-plant-disease/Cotton leaves/40 Images/Army worm/pil_brightness_24.jpg,cotton,cotton::Army worm,Army worm,1,1,train,,
/kaggle/working/exp02_robust_open_set/unknown_sources/cifar10/train/00648_3da0aa09e502.png,cifar10,cifar10::3da0aa09e502c577,Unclassified,6,0,train,animal,dog
/kaggle/input/datasets/dhamur/cotton-plant-disease/Cotton leaves/40 Images/Healthy/pil_sharpness_7.jpg,cotton,cotton::Healthy,Healthy,3,1,train,,
/kaggle/working/exp02_robust_open_set/unknown_sources/cifar10/train/00563_17e14828b219.png,cifar10,cifar10::17e14828b219af04,Unclassified,6,0,train,animal,deer
/kaggle/input/datasets/dhamur/cotton-plant-disease/Cotton leaves/40 Images/Powdery mildew/pil_sharpness_15.jpg,cotton,cotton::Powdery mildew,Powdery mildew,4,1,train,,
/kaggle/input/datasets/dhamur/cotton-plant-disease/Cotton leaves/40 Images/Aphids/random_crop_pil_constract_39.jpg,cotton,cotton::Aphids,Aphids,0,1,train,,
/kaggle/input/datasets/dhamur/cotton-plant-disease/Cotton leaves/40 Images/Healthy/rotate_zoompil_constract_34.jpg,cotton,cotton::Healthy,Healthy,3,1,train,,
/kaggle/input/datasets/dhamur/cotton-plant-disease/Cotton leaves/40 Images/Powdery mildew/rotate_zoompil_sharpness_21.jpg,cotton,cotton::Powdery mildew,Powdery mildew,4,1,train,,
/kaggle/working/exp02_robust_open_set/unknown_sources/cifar10/train/00793_f94a31a68227.png,cifar10,cifar10::f94a31a6822776c7,Unclassified,6,0,train,animal,cat
/kaggle/input/datasets/dhamur/cotton-plant-disease/Cotton leaves/40 Images/Army worm/rotate_zoompil_constract_20.jpg,cotton,cotton::Army worm,Army worm,1,1,train,,
/kaggle/input/datasets/dhamur/cotton-plant-disease/Cotton leaves/40 Images/Aphids/26.jpg,cotton,cotton::Aphids,Aphids,0,1,train,,
/kaggle/input/datasets/dhamur/cotton-plant-disease/Cotton leaves/40 Images/Army worm/rotate_zoom19.jpg,cotton,cotton::Army worm,Army worm,1,1,train,,
/kaggle/input/datasets/dhamur/cotton-plant-disease/Cotton leaves/40 Images/Aphids/pil_brightness_32.jpg,cotton,cotton::Aphids,Aphids,0,1,train,,
/kaggle/input/datasets/dhamur/cotton-plant-disease/Cotton leaves/40 Images/Bacterial blight/pil_sharpness_27.jpg,cotton,cotton::Bacterial blight,Bacterial blight,2,1,train,,
/kaggle/input/datasets/dhamur/cotton-plant-disease/Cotton leaves/40 Images/Powdery mildew/rotate_zoompil_color_26.jpg,cotton,cotton::Powdery mildew,Powdery mildew,4,1,train,,
/kaggle/input/datasets/dhamur/cotton-plant-disease/Cotton leaves/40 Images/Army worm/rotate_zoompil_brightness_27.jpg,cotton,cotton::Army worm,Army worm,1,1,train,,
/kaggle/input/datasets/dhamur/cotton-plant-disease/Cotton leaves/40 Images/Bacterial blight/vertical_flippil_color_38.jpg,cotton,cotton::Bacterial blight,Bacterial blight,2,1,train,,
/kaggle/input/datasets/dhamur/cotton-plant-disease/Cotton leaves/40 Images/Army worm/rotate_zoompil_brightness_33.jpg,cotton,cotton::Army worm,Army worm,1,1,train,,
/kaggle/input/datasets/dhamur/cotton-plant-disease/Cotton leaves/40 Images/Bacterial blight/vertical_flippil_constract_9.jpg,cotton,cotton::Bacterial blight,Bacterial blight,2,1,train,,
/kaggle/input/datasets/dhamur/cotton-plant-disease/Cotton leaves/40 Images/Bacterial blight/random_crop_pil_color_5.jpg,cotton,cotton::Bacterial blight,Bacterial blight,2,1,train,,
/kaggle/input/datasets/dhamur/cotton-plant-disease/Cotton leaves/40 Images/Target spot/random_crop_pil_color_39.jpg,cotton,cotton::Target spot,Target spot,5,1,train,,
/kaggle/input/datasets/dhamur/cotton-plant-disease/Cotton leaves/40 Images/Bacterial blight/rotate_zoom3.jpg,cotton,cotton::Bacterial blight,Bacterial blight,2,1,train,,
/kaggle/input/datasets/dhamur/cotton-plant-disease/Cotton leaves/40 Images/Bacterial blight/rotate_zoompil_sharpness_8.jpg,cotton,cotton::Bacterial blight,Bacterial blight,2,1,train,,
/kaggle/input/datasets/dhamur/cotton-plant-disease/Cotton leaves/40 Images/Bacterial blight/rotate_zoompil_constract_10.jpg,cotton,cotton::Bacterial blight,Bacterial blight,2,1,train,,
/kaggle/input/datasets/dhamur/cotton-plant-disease/Cotton leaves/40 Images/Powdery mildew/rotate_zoompil_constract_19.jpg,cotton,cotton::Powdery mildew,Powdery mildew,4,1,train,,
/kaggle/input/datasets/dhamur/cotton-plant-disease/Cotton leaves/40 Images/Healthy/rotate_zoompil_sharpness_29.jpg,cotton,cotton::Healthy,Healthy,3,1,train,,
/kaggle/working/exp02_robust_open_set/unknown_sources/cifar10/train/00096_c62717969375.png,cifar10,cifar10::c62717969375a67e,Unclassified,6,0,train,animal,deer
/kaggle/working/exp02_robust_open_set/unknown_sources/cifar10/train/00776_4662796f389b.png,cifar10,cifar10::4662796f389be742,Unclassified,6,0,train,object_vehicle,automobile
/kaggle/working/exp02_robust_open_set/unknown_sources/cifar10/train/00284_f6b1193ea68e.png,cifar10,cifar10::f6b1193ea68e259b,Unclassified,6,0,train,animal,horse
/kaggle/input/datasets/dhamur/cotton-plant-disease/Cotton leaves/40 Images/Healthy/15.jpg,cotton,cotton::Healthy,Healthy,3,1,train,,
/kaggle/input/datasets/dhamur/cotton-plant-disease/Cotton leaves/40 Images/Target spot/random_crop_pil_brightness_8.jpg,cotton,cotton::Target spot,Target spot,5,1,train,,
/kaggle/input/datasets/dhamur/cotton-plant-disease/Cotton leaves/40 Images/Powdery mildew/random_crop_32.jpg,cotton,cotton::Powdery mildew,Powdery mildew,4,1,train,,
/kaggle/input/datasets/dhamur/cotton-plant-disease/Cotton leaves/40 Images/Bacterial blight/rotate_zoompil_brightness_40.jpg,cotton,cotton::Bacterial blight,Bacterial blight,2,1,train,,
/kaggle/working/exp02_robust_open_set/unknown_sources/cifar10/train/00281_15eba9cbfca0.png,cifar10,cifar10::15eba9cbfca0c289,Unclassified,6,0,train,object_vehicle,ship
/kaggle/working/exp02_robust_open_set/unknown_sources/cifar10/train/00345_1adff7d2b205.png,cifar10,cifar10::1adff7d2b2053d31,Unclassified,6,0,train,animal,frog
/kaggle/input/datasets/dhamur/cotton-plant-disease/Cotton leaves/40 Images/Target spot/pil_sharpness_28.jpg,cotton,cotton::Target spot,Target spot,5,1,train,,
/kaggle/working/exp02_robust_open_set/unknown_sources/cifar10/train/00565_000c913c9e0f.png,cifar10,cifar10::000c913c9e0f2baf,Unclassified,6,0,train,animal,dog
/kaggle/input/datasets/dhamur/cotton-plant-disease/Cotton leaves/40 Images/Army worm/rotate_zoompil_constract_7.jpg,cotton,cotton::Army worm,Army worm,1,1,train,,
/kaggle/input/datasets/dhamur/cotton-plant-disease/Cotton leaves/40 Images/Aphids/vertical_flippil_brightness_39.jpg,cotton,cotton::Aphids,Aphids,0,1,train,,
/kaggle/working/exp02_robust_open_set/unknown_sources/cifar10/train/00623_9f3ba43467c0.png,cifar10,cifar10::9f3ba43467c03f06,Unclassified,6,0,train,animal,horse
/kaggle/input/datasets/dhamur/cotton-plant-disease/Cotton leaves/40 Images/Army worm/16.jpg,cotton,cotton::Army worm,Army worm,1,1,train,,
/kaggle/input/datasets/dhamur/cotton-plant-disease/Cotton leaves/40 Images/Army worm/random_translation_pil_constract_33.jpg,cotton,cotton::Army worm,Army worm,1,1,train,,
/kaggle/input/datasets/dhamur/cotton-plant-disease/Cotton leaves/40 Images/Healthy/vertical_flippil_color_26.jpg,cotton,cotton::Healthy,Healthy,3,1,train,,
/kaggle/input/datasets/dhamur/cotton-plant-disease/Cotton leaves/40 Images/Army worm/random_translation_pil_sharpness_5.jpg,cotton,cotton::Army worm,Army worm,1,1,train,,
/kaggle/working/exp02_robust_open_set/unknown_sources/cifar10/train/00045_79e28676054e.png,cifar10,cifar10::79e28676054ef0c8,Unclassified,6,0,train,animal,deer
/kaggle/input/datasets/dhamur/cotton-plant-disease/Cotton leaves/40 Images/Army worm/vertical_flip16.jpg,cotton,cotton::Army worm,Army worm,1,1,train,,
/kaggle/input/datasets/dhamur/cotton-plant-disease/Cotton leaves/40 Images/Powdery mildew/vertical_flippil_color_39.jpg,cotton,cotton::Powdery mildew,Powdery mildew,4,1,train,,
/kaggle/input/datasets/dhamur/cotton-plant-disease/Cotton leaves/40 Images/Bacterial blight/rotate_zoompil_constract_40.jpg,cotton,cotton::Bacterial blight,Bacterial blight,2,1,train,,
/kaggle/input/datasets/dhamur/cotton-plant-disease/Cotton leaves/40 Images/Army worm/vertical_flippil_brightness_15.jpg,cotton,cotton::Army worm,Army worm,1,1,train,,
/kaggle/input/datasets/dhamur/cotton-plant-disease/Cotton leaves/40 Images/Healthy/vertical_flippil_sharpness_10.jpg,cotton,cotton::Healthy,Healthy,3,1,train,,
/kaggle/input/datasets/dhamur/cotton-plant-disease/Cotton leaves/40 Images/Bacterial blight/pil_brightness_6.jpg,cotton,cotton::Bacterial blight,Bacterial blight,2,1,train,,
/kaggle/input/datasets/dhamur/cotton-plant-disease/Cotton leaves/40 Images/Powdery mildew/random_crop_pil_brightness_28.jpg,cotton,cotton::Powdery mildew,Powdery mildew,4,1,train,,
/kaggle/working/exp02_robust_open_set/unknown_sources/cifar10/train/00680_a8e2f6e050b0.png,cifar10,cifar10::a8e2f6e050b072e0,Unclassified,6,0,train,animal,dog
/kaggle/input/datasets/dhamur/cotton-plant-disease/Cotton leaves/40 Images/Bacterial blight/rotate_zoompil_color_28.jpg,cotton,cotton::Bacterial blight,Bacterial blight,2,1,train,,
/kaggle/input/datasets/dhamur/cotton-plant-disease/Cotton leaves/40 Images/Healthy/vertical_flippil_brightness_20.jpg,cotton,cotton::Healthy,Healthy,3,1,train,,
/kaggle/input/datasets/dhamur/cotton-plant-disease/Cotton leaves/40 Images/Bacterial blight/rotate_zoompil_constract_8.jpg,cotton,cotton::Bacterial blight,Bacterial blight,2,1,train,,
/kaggle/input/datasets/dhamur/cotton-plant-disease/Cotton leaves/40 Images/Bacterial blight/rotate_zoompil_brightness_30.jpg,cotton,cotton::Bacterial blight,Bacterial blight,2,1,train,,
/kaggle/input/datasets/dhamur/cotton-plant-disease/Cotton leaves/40 Images/Target spot/random_crop_pil_brightness_19.jpg,cotton,cotton::Target spot,Target spot,5,1,train,,
/kaggle/input/datasets/dhamur/cotton-plant-disease/Cotton leaves/40 Images/Healthy/random_crop_pil_sharpness_30.jpg,cotton,cotton::Healthy,Healthy,3,1,train,,
/kaggle/input/datasets/dhamur/cotton-plant-disease/Cotton leaves/40 Images/Army worm/rotate_zoompil_color_40.jpg,cotton,cotton::Army worm,Army worm,1,1,train,,
/kaggle/input/datasets/dhamur/cotton-plant-disease/Cotton leaves/40 Images/Powdery mildew/rotate_zoom20.jpg,cotton,cotton::Powdery mildew,Powdery mildew,4,1,train,,
/kaggle/working/exp02_robust_open_set/unknown_sources/cifar10/train/00497_e0dbecce43fe.png,cifar10,cifar10::e0dbecce43fea07f,Unclassified,6,0,train,animal,cat
/kaggle/input/datasets/dhamur/cotton-plant-disease/Cotton leaves/40 Images/Powdery mildew/random_crop_pil_constract_16.jpg,cotton,cotton::Powdery mildew,Powdery mildew,4,1,train,,
/kaggle/input/datasets/dhamur/cotton-plant-disease/Cotton leaves/40 Images/Bacterial blight/pil_brightness_30.jpg,cotton,cotton::Bacterial blight,Bacterial blight,2,1,train,,
/kaggle/input/datasets/dhamur/cotton-plant-disease/Cotton leaves/40 Images/Target spot/random_crop_pil_brightness_27.jpg,cotton,cotton::Target spot,Target spot,5,1,train,,
/kaggle/input/datasets/dhamur/cotton-plant-disease/Cotton leaves/40 Images/Powdery mildew/random_crop_pil_brightness_36.jpg,cotton,cotton::Powdery mildew,Powdery mildew,4,1,train,,
/kaggle/input/datasets/dhamur/cotton-plant-disease/Cotton leaves/40 Images/Powdery mildew/rotate_zoom34.jpg,cotton,cotton::Powdery mildew,Powdery mildew,4,1,train,,
/kaggle/input/datasets/dhamur/cotton-plant-disease/Cotton leaves/40 Images/Army worm/10.jpg,cotton,cotton::Army worm,Army worm,1,1,train,,
/kaggle/working/exp02_robust_open_set/unknown_sources/cifar10/train/00748_eebeca227aeb.png,cifar10,cifar10::eebeca227aebd38f,Unclassified,6,0,train,animal,cat
/kaggle/input/datasets/dhamur/cotton-plant-disease/Cotton leaves/40 Images/Target spot/vertical_flippil_color_2.jpg,cotton,cotton::Target spot,Target spot,5,1,train,,
/kaggle/input/datasets/dhamur/cotton-plant-disease/Cotton leaves/40 Images/Aphids/vertical_flippil_brightness_31.jpg,cotton,cotton::Aphids,Aphids,0,1,train,,
/kaggle/working/exp02_robust_open_set/unknown_sources/cifar10/train/00465_86d3db01e94a.png,cifar10,cifar10::86d3db01e94a69b6,Unclassified,6,0,train,animal,horse
/kaggle/input/datasets/dhamur/cotton-plant-disease/Cotton leaves/40 Images/Aphids/pil_constract_9.jpg,cotton,cotton::Aphids,Aphids,0,1,train,,
/kaggle/working/exp02_robust_open_set/unknown_sources/cifar10/train/00504_fe2baa2e1b30.png,cifar10,cifar10::fe2baa2e1b30fc3d,Unclassified,6,0,train,object_vehicle,airplane
/kaggle/working/exp02_robust_open_set/unknown_sources/cifar10/train/00316_6271602525a2.png,cifar10,cifar10::6271602525a2bcb0,Unclassified,6,0,train,object_vehicle,ship
/kaggle/input/datasets/dhamur/cotton-plant-disease/Cotton leaves/40 Images/Army worm/rotate_zoom14.jpg,cotton,cotton::Army worm,Army worm,1,1,train,,
/kaggle/input/datasets/dhamur/cotton-plant-disease/Cotton leaves/40 Images/Healthy/pil_constract_8.jpg,cotton,cotton::Healthy,Healthy,3,1,train,,
/kaggle/input/datasets/dhamur/cotton-plant-disease/Cotton leaves/40 Images/Aphids/rotate_zoompil_brightness_14.jpg,cotton,cotton::Aphids,Aphids,0,1,train,,
/kaggle/input/datasets/dhamur/cotton-plant-disease/Cotton leaves/40 Images/Aphids/pil_constract_34.jpg,cotton,cotton::Aphids,Aphids,0,1,train,,
/kaggle/input/datasets/dhamur/cotton-plant-disease/Cotton leaves/40 Images/Army worm/rotate_zoompil_brightness_6.jpg,cotton,cotton::Army worm,Army worm,1,1,train,,
/kaggle/input/datasets/dhamur/cotton-plant-disease/Cotton leaves/40 Images/Healthy/pil_sharpness_25.jpg,cotton,cotton::Healthy,Healthy,3,1,train,,
/kaggle/input/datasets/dhamur/cotton-plant-disease/Cotton leaves/40 Images/Healthy/vertical_flippil_constract_11.jpg,cotton,cotton::Healthy,Healthy,3,1,train,,
/kaggle/input/datasets/dhamur/cotton-plant-disease/Cotton leaves/40 Images/Aphids/random_crop_pil_sharpness_21.jpg,cotton,cotton::Aphids,Aphids,0,1,train,,
/kaggle/input/datasets/dhamur/cotton-plant-disease/Cotton leaves/40 Images/Powdery mildew/pil_constract_12.jpg,cotton,cotton::Powdery mildew,Powdery mildew,4,1,train,,
/kaggle/input/datasets/dhamur/cotton-plant-disease/Cotton leaves/40 Images/Healthy/vertical_flippil_color_37.jpg,cotton,cotton::Healthy,Healthy,3,1,train,,
/kaggle/input/datasets/dhamur/cotton-plant-disease/Cotton leaves/40 Images/Target spot/vertical_flippil_constract_8.jpg,cotton,cotton::Target spot,Target spot,5,1,train,,
/kaggle/input/datasets/dhamur/cotton-plant-disease/Cotton leaves/40 Images/Powdery mildew/rotate_zoompil_sharpness_31.jpg,cotton,cotton::Powdery mildew,Powdery mildew,4,1,train,,
/kaggle/input/datasets/dhamur/cotton-plant-disease/Cotton leaves/40 Images/Aphids/random_crop_29.jpg,cotton,cotton::Aphids,Aphids,0,1,train,,
/kaggle/input/datasets/dhamur/cotton-plant-disease/Cotton leaves/40 Images/Bacterial blight/pil_brightness_38.jpg,cotton,cotton::Bacterial blight,Bacterial blight,2,1,train,,
/kaggle/working/exp02_robust_open_set/unknown_sources/cifar10/train/00381_ca73da96da3b.png,cifar10,cifar10::ca73da96da3b4d73,Unclassified,6,0,train,animal,frog
/kaggle/input/datasets/dhamur/cotton-plant-disease/Cotton leaves/40 Images/Target spot/random_crop_pil_brightness_29.jpg,cotton,cotton::Target spot,Target spot,5,1,train,,
/kaggle/working/exp02_robust_open_set/unknown_sources/cifar10/train/00377_a0060999e6b2.png,cifar10,cifar10::a0060999e6b2c2d0,Unclassified,6,0,train,animal,bird
/kaggle/input/datasets/dhamur/cotton-plant-disease/Cotton leaves/40 Images/Army worm/rotate_zoom22.jpg,cotton,cotton::Army worm,Army worm,1,1,train,,
/kaggle/input/datasets/dhamur/cotton-plant-disease/Cotton leaves/40 Images/Bacterial blight/pil_color_8.jpg,cotton,cotton::Bacterial blight,Bacterial blight,2,1,train,,
/kaggle/input/datasets/dhamur/cotton-plant-disease/Cotton leaves/40 Images/Healthy/random_crop_pil_sharpness_19.jpg,cotton,cotton::Healthy,Healthy,3,1,train,,
/kaggle/input/datasets/dhamur/cotton-plant-disease/Cotton leaves/40 Images/Healthy/random_crop_pil_brightness_25.jpg,cotton,cotton::Healthy,Healthy,3,1,train,,
/kaggle/input/datasets/dhamur/cotton-plant-disease/Cotton leaves/40 Images/Target spot/rotate_zoom34.jpg,cotton,cotton::Target spot,Target spot,5,1,train,,
/kaggle/working/exp02_robust_open_set/unknown_sources/cifar10/train/00536_ef10f1dfe357.png,cifar10,cifar10::ef10f1dfe35710f2,Unclassified,6,0,train,animal,dog
/kaggle/input/datasets/dhamur/cotton-plant-disease/Cotton leaves/40 Images/Target spot/pil_constract_40.jpg,cotton,cotton::Target spot,Target spot,5,1,train,,
/kaggle/input/datasets/dhamur/cotton-plant-disease/Cotton leaves/40 Images/Bacterial blight/vertical_flippil_sharpness_37.jpg,cotton,cotton::Bacterial blight,Bacterial blight,2,1,train,,
/kaggle/working/exp02_robust_open_set/unknown_sources/cifar10/train/00729_c2b6cd53b727.png,cifar10,cifar10::c2b6cd53b727f47b,Unclassified,6,0,train,object_vehicle,airplane
/kaggle/input/datasets/dhamur/cotton-plant-disease/Cotton leaves/40 Images/Aphids/vertical_flippil_brightness_14.jpg,cotton,cotton::Aphids,Aphids,0,1,train,,
/kaggle/input/datasets/dhamur/cotton-plant-disease/Cotton leaves/40 Images/Aphids/pil_sharpness_37.jpg,cotton,cotton::Aphids,Aphids,0,1,train,,
/kaggle/input/datasets/dhamur/cotton-plant-disease/Cotton leaves/40 Images/Army worm/vertical_flippil_sharpness_29.jpg,cotton,cotton::Army worm,Army worm,1,1,train,,
/kaggle/input/datasets/dhamur/cotton-plant-disease/Cotton leaves/40 Images/Bacterial blight/random_crop_pil_brightness_17.jpg,cotton,cotton::Bacterial blight,Bacterial blight,2,1,train,,
/kaggle/input/datasets/dhamur/cotton-plant-disease/Cotton leaves/40 Images/Army worm/vertical_flippil_color_20.jpg,cotton,cotton::Army worm,Army worm,1,1,train,,
/kaggle/input/datasets/dhamur/cotton-plant-disease/Cotton leaves/40 Images/Target spot/rotate_zoom9.jpg,cotton,cotton::Target spot,Target spot,5,1,train,,
/kaggle/input/datasets/dhamur/cotton-plant-disease/Cotton leaves/40 Images/Army worm/rotate_zoompil_constract_16.jpg,cotton,cotton::Army worm,Army worm,1,1,train,,
/kaggle/input/datasets/dhamur/cotton-plant-disease/Cotton leaves/40 Images/Healthy/pil_color_19.jpg,cotton,cotton::Healthy,Healthy,3,1,train,,
/kaggle/input/datasets/dhamur/cotton-plant-disease/Cotton leaves/40 Images/Target spot/random_crop_34.jpg,cotton,cotton::Target spot,Target spot,5,1,train,,
/kaggle/input/datasets/dhamur/cotton-plant-disease/Cotton leaves/40 Images/Aphids/pil_brightness_31.jpg,cotton,cotton::Aphids,Aphids,0,1,train,,
/kaggle/working/exp02_robust_open_set/unknown_sources/cifar10/train/00657_4224ec10bf59.png,cifar10,cifar10::4224ec10bf59fa19,Unclassified,6,0,train,object_vehicle,ship
/kaggle/working/exp02_robust_open_set/unknown_sources/cifar10/train/00766_f598597b76f1.png,cifar10,cifar10::f598597b76f1d369,Unclassified,6,0,train,animal,frog
/kaggle/input/datasets/dhamur/cotton-plant-disease/Cotton leaves/40 Images/Army worm/random_translation_pil_brightness_33.jpg,cotton,cotton::Army worm,Army worm,1,1,train,,
/kaggle/working/exp02_robust_open_set/unknown_sources/cifar10/train/00573_4fb4f725a5b9.png,cifar10,cifar10::4fb4f725a5b943e3,Unclassified,6,0,train,object_vehicle,automobile
/kaggle/working/exp02_robust_open_set/unknown_sources/cifar10/train/00111_c8505bcda0ea.png,cifar10,cifar10::c8505bcda0ea8651,Unclassified,6,0,train,animal,horse
/kaggle/input/datasets/dhamur/cotton-plant-disease/Cotton leaves/40 Images/Bacterial blight/rotate_zoompil_color_37.jpg,cotton,cotton::Bacterial blight,Bacterial blight,2,1,train,,
/kaggle/input/datasets/dhamur/cotton-plant-disease/Cotton leaves/40 Images/Powdery mildew/random_crop_pil_constract_5.jpg,cotton,cotton::Powdery mildew,Powdery mildew,4,1,train,,
/kaggle/input/datasets/dhamur/cotton-plant-disease/Cotton leaves/40 Images/Aphids/pil_constract_1.jpg,cotton,cotton::Aphids,Aphids,0,1,train,,
/kaggle/input/datasets/dhamur/cotton-plant-disease/Cotton leaves/40 Images/Healthy/vertical_flippil_color_3.jpg,cotton,cotton::Healthy,Healthy,3,1,train,,
/kaggle/input/datasets/dhamur/cotton-plant-disease/Cotton leaves/40 Images/Target spot/vertical_flippil_brightness_31.jpg,cotton,cotton::Target spot,Target spot,5,1,train,,
/kaggle/input/datasets/dhamur/cotton-plant-disease/Cotton leaves/40 Images/Aphids/random_crop_pil_color_24_.jpg,cotton,cotton::Aphids,Aphids,0,1,train,,
/kaggle/input/datasets/dhamur/cotton-plant-disease/Cotton leaves/40 Images/Army worm/pil_constract_29.jpg,cotton,cotton::Army worm,Army worm,1,1,train,,
/kaggle/working/exp02_robust_open_set/unknown_sources/cifar10/train/00139_4984f647ae85.png,cifar10,cifar10::4984f647ae85c86c,Unclassified,6,0,train,animal,bird
/kaggle/input/datasets/dhamur/cotton-plant-disease/Cotton leaves/40 Images/Powdery mildew/rotate_zoompil_color_24.jpg,cotton,cotton::Powdery mildew,Powdery mildew,4,1,train,,
/kaggle/input/datasets/dhamur/cotton-plant-disease/Cotton leaves/40 Images/Powdery mildew/random_crop_pil_constract_39.jpg,cotton,cotton::Powdery mildew,Powdery mildew,4,1,train,,
/kaggle/input/datasets/dhamur/cotton-plant-disease/Cotton leaves/40 Images/Powdery mildew/rotate_zoom14.jpg,cotton,cotton::Powdery mildew,Powdery mildew,4,1,train,,
/kaggle/input/datasets/dhamur/cotton-plant-disease/Cotton leaves/40 Images/Powdery mildew/random_crop_35.jpg,cotton,cotton::Powdery mildew,Powdery mildew,4,1,train,,
/kaggle/input/datasets/dhamur/cotton-plant-disease/Cotton leaves/40 Images/Bacterial blight/rotate_zoompil_sharpness_23.jpg,cotton,cotton::Bacterial blight,Bacterial blight,2,1,train,,
/kaggle/input/datasets/dhamur/cotton-plant-disease/Cotton leaves/40 Images/Healthy/pil_constract_4.jpg,cotton,cotton::Healthy,Healthy,3,1,train,,
/kaggle/input/datasets/dhamur/cotton-plant-disease/Cotton leaves/40 Images/Aphids/random_crop_pil_constract_34.jpg,cotton,cotton::Aphids,Aphids,0,1,train,,
/kaggle/working/exp02_robust_open_set/unknown_sources/cifar10/train/00021_4d61eaf0c4f7.png,cifar10,cifar10::4d61eaf0c4f754f2,Unclassified,6,0,train,object_vehicle,airplane
/kaggle/input/datasets/dhamur/cotton-plant-disease/Cotton leaves/40 Images/Target spot/random_crop_pil_sharpness_2.jpg,cotton,cotton::Target spot,Target spot,5,1,train,,
/kaggle/input/datasets/dhamur/cotton-plant-disease/Cotton leaves/40 Images/Powdery mildew/vertical_flippil_color_13.jpg,cotton,cotton::Powdery mildew,Powdery mildew,4,1,train,,
/kaggle/input/datasets/dhamur/cotton-plant-disease/Cotton leaves/40 Images/Aphids/vertical_flippil_brightness_16.jpg,cotton,cotton::Aphids,Aphids,0,1,train,,
/kaggle/working/exp02_robust_open_set/unknown_sources/cifar10/train/00510_736956b57d1b.png,cifar10,cifar10::736956b57d1bbefe,Unclassified,6,0,train,animal,bird
/kaggle/input/datasets/dhamur/cotton-plant-disease/Cotton leaves/40 Images/Army worm/vertical_flippil_brightness_25.jpg,cotton,cotton::Army worm,Army worm,1,1,train,,
/kaggle/input/datasets/dhamur/cotton-plant-disease/Cotton leaves/40 Images/Army worm/rotate_zoompil_color_15.jpg,cotton,cotton::Army worm,Army worm,1,1,train,,
/kaggle/input/datasets/dhamur/cotton-plant-disease/Cotton leaves/40 Images/Bacterial blight/vertical_flip14.jpg,cotton,cotton::Bacterial blight,Bacterial blight,2,1,train,,
/kaggle/input/datasets/dhamur/cotton-plant-disease/Cotton leaves/40 Images/Healthy/pil_sharpness_33.jpg,cotton,cotton::Healthy,Healthy,3,1,train,,
/kaggle/input/datasets/dhamur/cotton-plant-disease/Cotton leaves/40 Images/Target spot/pil_color_26.jpg,cotton,cotton::Target spot,Target spot,5,1,train,,
/kaggle/input/datasets/dhamur/cotton-plant-disease/Cotton leaves/40 Images/Target spot/vertical_flippil_color_37.jpg,cotton,cotton::Target spot,Target spot,5,1,train,,
/kaggle/input/datasets/dhamur/cotton-plant-disease/Cotton leaves/40 Images/Aphids/rotate_zoompil_constract_36.jpg,cotton,cotton::Aphids,Aphids,0,1,train,,
/kaggle/input/datasets/dhamur/cotton-plant-disease/Cotton leaves/40 Images/Aphids/rotate_zoompil_constract_11.jpg,cotton,cotton::Aphids,Aphids,0,1,train,,
/kaggle/input/datasets/dhamur/cotton-plant-disease/Cotton leaves/40 Images/Healthy/rotate_zoompil_constract_1.jpg,cotton,cotton::Healthy,Healthy,3,1,train,,
/kaggle/input/datasets/dhamur/cotton-plant-disease/Cotton leaves/40 Images/Healthy/vertical_flippil_brightness_8.jpg,cotton,cotton::Healthy,Healthy,3,1,train,,
/kaggle/input/datasets/dhamur/cotton-plant-disease/Cotton leaves/40 Images/Target spot/pil_sharpness_23.jpg,cotton,cotton::Target spot,Target spot,5,1,train,,
/kaggle/input/datasets/dhamur/cotton-plant-disease/Cotton leaves/40 Images/Target spot/vertical_flippil_sharpness_32.jpg,cotton,cotton::Target spot,Target spot,5,1,train,,
/kaggle/input/datasets/dhamur/cotton-plant-disease/Cotton leaves/40 Images/Bacterial blight/pil_brightness_20.jpg,cotton,cotton::Bacterial blight,Bacterial blight,2,1,train,,
/kaggle/input/datasets/dhamur/cotton-plant-disease/Cotton leaves/40 Images/Aphids/rotate_zoompil_color_22_.jpg,cotton,cotton::Aphids,Aphids,0,1,train,,
/kaggle/input/datasets/dhamur/cotton-plant-disease/Cotton leaves/40 Images/Healthy/vertical_flippil_constract_4.jpg,cotton,cotton::Healthy,Healthy,3,1,train,,
/kaggle/input/datasets/dhamur/cotton-plant-disease/Cotton leaves/40 Images/Bacterial blight/vertical_flippil_brightness_7.jpg,cotton,cotton::Bacterial blight,Bacterial blight,2,1,train,,
/kaggle/input/datasets/dhamur/cotton-plant-disease/Cotton leaves/40 Images/Powdery mildew/vertical_flippil_brightness_40.jpg,cotton,cotton::Powdery mildew,Powdery mildew,4,1,train,,
/kaggle/working/exp02_robust_open_set/unknown_sources/cifar10/train/00233_09c0cb52316e.png,cifar10,cifar10::09c0cb52316e6761,Unclassified,6,0,train,animal,bird
/kaggle/input/datasets/dhamur/cotton-plant-disease/Cotton leaves/40 Images/Healthy/pil_brightness_37.jpg,cotton,cotton::Healthy,Healthy,3,1,train,,
/kaggle/input/datasets/dhamur/cotton-plant-disease/Cotton leaves/40 Images/Powdery mildew/random_crop_pil_constract_20.jpg,cotton,cotton::Powdery mildew,Powdery mildew,4,1,train,,
/kaggle/working/exp02_robust_open_set/unknown_sources/cifar10/train/00693_973da13013d5.png,cifar10,cifar10::973da13013d5af72,Unclassified,6,0,train,object_vehicle,automobile
/kaggle/input/datasets/dhamur/cotton-plant-disease/Cotton leaves/40 Images/Target spot/rotate_zoompil_color_6.jpg,cotton,cotton::Target spot,Target spot,5,1,train,,
/kaggle/working/exp02_robust_open_set/unknown_sources/cifar10/train/00201_bcf305629c23.png,cifar10,cifar10::bcf305629c234df0,Unclassified,6,0,train,animal,deer
/kaggle/input/datasets/dhamur/cotton-plant-disease/Cotton leaves/40 Images/Target spot/16.jpg,cotton,cotton::Target spot,Target spot,5,1,train,,
/kaggle/input/datasets/dhamur/cotton-plant-disease/Cotton leaves/40 Images/Aphids/random_crop_40.jpg,cotton,cotton::Aphids,Aphids,0,1,train,,
/kaggle/input/datasets/dhamur/cotton-plant-disease/Cotton leaves/40 Images/Healthy/random_crop_pil_constract_2.jpg,cotton,cotton::Healthy,Healthy,3,1,train,,
/kaggle/input/datasets/dhamur/cotton-plant-disease/Cotton leaves/40 Images/Aphids/random_crop_25.jpg,cotton,cotton::Aphids,Aphids,0,1,train,,
/kaggle/input/datasets/dhamur/cotton-plant-disease/Cotton leaves/40 Images/Healthy/random_crop_39.jpg,cotton,cotton::Healthy,Healthy,3,1,train,,
/kaggle/input/datasets/dhamur/cotton-plant-disease/Cotton leaves/40 Images/Powdery mildew/pil_brightness_24.jpg,cotton,cotton::Powdery mildew,Powdery mildew,4,1,train,,
/kaggle/input/datasets/dhamur/cotton-plant-disease/Cotton leaves/40 Images/Aphids/vertical_flip36.jpg,cotton,cotton::Aphids,Aphids,0,1,train,,
/kaggle/input/datasets/dhamur/cotton-plant-disease/Cotton leaves/40 Images/Target spot/pil_constract_15.jpg,cotton,cotton::Target spot,Target spot,5,1,train,,
/kaggle/input/datasets/dhamur/cotton-plant-disease/Cotton leaves/40 Images/Bacterial blight/vertical_flippil_constract_39.jpg,cotton,cotton::Bacterial blight,Bacterial blight,2,1,train,,
/kaggle/working/exp02_robust_open_set/unknown_sources/cifar10/train/00286_5650f63eea54.png,cifar10,cifar10::5650f63eea544878,Unclassified,6,0,train,object_vehicle,truck
/kaggle/input/datasets/dhamur/cotton-plant-disease/Cotton leaves/40 Images/Bacterial blight/pil_constract_21.jpg,cotton,cotton::Bacterial blight,Bacterial blight,2,1,train,,
/kaggle/input/datasets/dhamur/cotton-plant-disease/Cotton leaves/40 Images/Aphids/rotate_zoompil_constract_10.jpg,cotton,cotton::Aphids,Aphids,0,1,train,,
/kaggle/working/exp02_robust_open_set/unknown_sources/cifar10/train/00369_52c792afe659.png,cifar10,cifar10::52c792afe659f74d,Unclassified,6,0,train,object_vehicle,truck
/kaggle/input/datasets/dhamur/cotton-plant-disease/Cotton leaves/40 Images/Powdery mildew/rotate_zoompil_constract_1.jpg,cotton,cotton::Powdery mildew,Powdery mildew,4,1,train,,
/kaggle/working/exp02_robust_open_set/unknown_sources/cifar10/train/00480_3b36ac343ab5.png,cifar10,cifar10::3b36ac343ab5aec8,Unclassified,6,0,train,animal,bird
/kaggle/input/datasets/dhamur/cotton-plant-disease/Cotton leaves/40 Images/Healthy/vertical_flippil_brightness_24.jpg,cotton,cotton::Healthy,Healthy,3,1,train,,
/kaggle/working/exp02_robust_open_set/unknown_sources/cifar10/train/00397_82aa6a16ae44.png,cifar10,cifar10::82aa6a16ae440714,Unclassified,6,0,train,object_vehicle,truck
/kaggle/input/datasets/dhamur/cotton-plant-disease/Cotton leaves/40 Images/Target spot/rotate_zoompil_sharpness_23.jpg,cotton,cotton::Target spot,Target spot,5,1,train,,
/kaggle/working/exp02_robust_open_set/unknown_sources/cifar10/train/00260_fe685aa9f379.png,cifar10,cifar10::fe685aa9f3798df1,Unclassified,6,0,train,animal,dog
/kaggle/input/datasets/dhamur/cotton-plant-disease/Cotton leaves/40 Images/Powdery mildew/vertical_flippil_brightness_21.jpg,cotton,cotton::Powdery mildew,Powdery mildew,4,1,train,,
/kaggle/input/datasets/dhamur/cotton-plant-disease/Cotton leaves/40 Images/Target spot/vertical_flippil_constract_35.jpg,cotton,cotton::Target spot,Target spot,5,1,train,,
/kaggle/input/datasets/dhamur/cotton-plant-disease/Cotton leaves/40 Images/Target spot/rotate_zoompil_brightness_17.jpg,cotton,cotton::Target spot,Target spot,5,1,train,,
/kaggle/input/datasets/dhamur/cotton-plant-disease/Cotton leaves/40 Images/Powdery mildew/vertical_flippil_constract_36.jpg,cotton,cotton::Powdery mildew,Powdery mildew,4,1,train,,
/kaggle/input/datasets/dhamur/cotton-plant-disease/Cotton leaves/40 Images/Bacterial blight/vertical_flippil_sharpness_4.jpg,cotton,cotton::Bacterial blight,Bacterial blight,2,1,train,,
/kaggle/input/datasets/dhamur/cotton-plant-disease/Cotton leaves/40 Images/Army worm/pil_sharpness_1.jpg,cotton,cotton::Army worm,Army worm,1,1,train,,
/kaggle/input/datasets/dhamur/cotton-plant-disease/Cotton leaves/40 Images/Target spot/rotate_zoompil_sharpness_17.jpg,cotton,cotton::Target spot,Target spot,5,1,train,,
/kaggle/input/datasets/dhamur/cotton-plant-disease/Cotton leaves/40 Images/Healthy/vertical_flippil_sharpness_14.jpg,cotton,cotton::Healthy,Healthy,3,1,train,,
/kaggle/input/datasets/dhamur/cotton-plant-disease/Cotton leaves/40 Images/Bacterial blight/28.jpg,cotton,cotton::Bacterial blight,Bacterial blight,2,1,train,,
/kaggle/input/datasets/dhamur/cotton-plant-disease/Cotton leaves/40 Images/Bacterial blight/pil_brightness_40.jpg,cotton,cotton::Bacterial blight,Bacterial blight,2,1,train,,
/kaggle/input/datasets/dhamur/cotton-plant-disease/Cotton leaves/40 Images/Bacterial blight/3.jpg,cotton,cotton::Bacterial blight,Bacterial blight,2,1,train,,
/kaggle/input/datasets/dhamur/cotton-plant-disease/Cotton leaves/40 Images/Powdery mildew/pil_sharpness_37.jpg,cotton,cotton::Powdery mildew,Powdery mildew,4,1,train,,
/kaggle/input/datasets/dhamur/cotton-plant-disease/Cotton leaves/40 Images/Healthy/random_crop_pil_brightness_38.jpg,cotton,cotton::Healthy,Healthy,3,1,train,,
/kaggle/input/datasets/dhamur/cotton-plant-disease/Cotton leaves/40 Images/Target spot/pil_color_2.jpg,cotton,cotton::Target spot,Target spot,5,1,train,,
/kaggle/input/datasets/dhamur/cotton-plant-disease/Cotton leaves/40 Images/Aphids/random_crop_pil_brightness_37.jpg,cotton,cotton::Aphids,Aphids,0,1,train,,
/kaggle/input/datasets/dhamur/cotton-plant-disease/Cotton leaves/40 Images/Aphids/18.jpg,cotton,cotton::Aphids,Aphids,0,1,train,,
/kaggle/input/datasets/dhamur/cotton-plant-disease/Cotton leaves/40 Images/Army worm/random_translation_pil_sharpness_18.jpg,cotton,cotton::Army worm,Army worm,1,1,train,,
/kaggle/input/datasets/dhamur/cotton-plant-disease/Cotton leaves/40 Images/Army worm/pil_brightness_17.jpg,cotton,cotton::Army worm,Army worm,1,1,train,,
/kaggle/input/datasets/dhamur/cotton-plant-disease/Cotton leaves/40 Images/Healthy/random_crop_pil_brightness_31.jpg,cotton,cotton::Healthy,Healthy,3,1,train,,
/kaggle/input/datasets/dhamur/cotton-plant-disease/Cotton leaves/40 Images/Bacterial blight/rotate_zoom1.jpg,cotton,cotton::Bacterial blight,Bacterial blight,2,1,train,,
/kaggle/input/datasets/dhamur/cotton-plant-disease/Cotton leaves/40 Images/Aphids/random_crop_pil_sharpness_23.jpg,cotton,cotton::Aphids,Aphids,0,1,train,,
/kaggle/input/datasets/dhamur/cotton-plant-disease/Cotton leaves/40 Images/Healthy/rotate_zoompil_color_1.jpg,cotton,cotton::Healthy,Healthy,3,1,train,,
/kaggle/input/datasets/dhamur/cotton-plant-disease/Cotton leaves/40 Images/Aphids/rotate_zoompil_brightness_15.jpg,cotton,cotton::Aphids,Aphids,0,1,train,,
/kaggle/input/datasets/dhamur/cotton-plant-disease/Cotton leaves/40 Images/Bacterial blight/rotate_zoompil_color_12.jpg,cotton,cotton::Bacterial blight,Bacterial blight,2,1,train,,
/kaggle/working/exp02_robust_open_set/unknown_sources/cifar10/train/00540_c006b5ab07b8.png,cifar10,cifar10::c006b5ab07b86b39,Unclassified,6,0,train,animal,horse
/kaggle/input/datasets/dhamur/cotton-plant-disease/Cotton leaves/40 Images/Powdery mildew/random_crop_38.jpg,cotton,cotton::Powdery mildew,Powdery mildew,4,1,train,,
/kaggle/working/exp02_robust_open_set/unknown_sources/cifar10/train/00787_d42a88e1375d.png,cifar10,cifar10::d42a88e1375d84d0,Unclassified,6,0,train,animal,horse
/kaggle/working/exp02_robust_open_set/unknown_sources/cifar10/train/00143_fc55538f5ea5.png,cifar10,cifar10::fc55538f5ea53b07,Unclassified,6,0,train,animal,dog
/kaggle/input/datasets/dhamur/cotton-plant-disease/Cotton leaves/40 Images/Army worm/rotate_zoompil_constract_9.jpg,cotton,cotton::Army worm,Army worm,1,1,train,,
/kaggle/input/datasets/dhamur/cotton-plant-disease/Cotton leaves/40 Images/Target spot/rotate_zoom11.jpg,cotton,cotton::Target spot,Target spot,5,1,train,,
/kaggle/input/datasets/dhamur/cotton-plant-disease/Cotton leaves/40 Images/Target spot/rotate_zoompil_brightness_11.jpg,cotton,cotton::Target spot,Target spot,5,1,train,,
/kaggle/input/datasets/dhamur/cotton-plant-disease/Cotton leaves/40 Images/Powdery mildew/vertical_flippil_brightness_16.jpg,cotton,cotton::Powdery mildew,Powdery mildew,4,1,train,,
/kaggle/input/datasets/dhamur/cotton-plant-disease/Cotton leaves/40 Images/Aphids/random_crop_8.jpg,cotton,cotton::Aphids,Aphids,0,1,train,,
/kaggle/input/datasets/dhamur/cotton-plant-disease/Cotton leaves/40 Images/Target spot/random_crop_pil_sharpness_17.jpg,cotton,cotton::Target spot,Target spot,5,1,train,,
/kaggle/input/datasets/dhamur/cotton-plant-disease/Cotton leaves/40 Images/Army worm/rotate_zoompil_brightness_36.jpg,cotton,cotton::Army worm,Army worm,1,1,train,,
/kaggle/input/datasets/dhamur/cotton-plant-disease/Cotton leaves/40 Images/Army worm/random_translation_pil_sharpness_8.jpg,cotton,cotton::Army worm,Army worm,1,1,train,,
/kaggle/input/datasets/dhamur/cotton-plant-disease/Cotton leaves/40 Images/Powdery mildew/vertical_flippil_brightness_30.jpg,cotton,cotton::Powdery mildew,Powdery mildew,4,1,train,,
/kaggle/input/datasets/dhamur/cotton-plant-disease/Cotton leaves/40 Images/Army worm/vertical_flippil_color_17.jpg,cotton,cotton::Army worm,Army worm,1,1,train,,
/kaggle/input/datasets/dhamur/cotton-plant-disease/Cotton leaves/40 Images/Aphids/rotate_zoompil_brightness_17.jpg,cotton,cotton::Aphids,Aphids,0,1,train,,
/kaggle/input/datasets/dhamur/cotton-plant-disease/Cotton leaves/40 Images/Target spot/rotate_zoompil_brightness_24.jpg,cotton,cotton::Target spot,Target spot,5,1,train,,
/kaggle/input/datasets/dhamur/cotton-plant-disease/Cotton leaves/40 Images/Bacterial blight/rotate_zoom17.jpg,cotton,cotton::Bacterial blight,Bacterial blight,2,1,train,,
/kaggle/input/datasets/dhamur/cotton-plant-disease/Cotton leaves/40 Images/Army worm/rotate_zoompil_sharpness_21.jpg,cotton,cotton::Army worm,Army worm,1,1,train,,
/kaggle/input/datasets/dhamur/cotton-plant-disease/Cotton leaves/40 Images/Healthy/vertical_flip38.jpg,cotton,cotton::Healthy,Healthy,3,1,train,,
/kaggle/working/exp02_robust_open_set/unknown_sources/cifar10/train/00106_5d9af14bba73.png,cifar10,cifar10::5d9af14bba7308fb,Unclassified,6,0,train,object_vehicle,ship
/kaggle/working/exp02_robust_open_set/unknown_sources/cifar10/train/00228_6cc83bc86508.png,cifar10,cifar10::6cc83bc86508d450,Unclassified,6,0,train,object_vehicle,airplane
/kaggle/input/datasets/dhamur/cotton-plant-disease/Cotton leaves/40 Images/Army worm/pil_color_20.jpg,cotton,cotton::Army worm,Army worm,1,1,train,,
/kaggle/input/datasets/dhamur/cotton-plant-disease/Cotton leaves/40 Images/Aphids/vertical_flippil_sharpness_23.jpg,cotton,cotton::Aphids,Aphids,0,1,train,,
/kaggle/input/datasets/dhamur/cotton-plant-disease/Cotton leaves/40 Images/Bacterial blight/random_crop_pil_sharpness_11.jpg,cotton,cotton::Bacterial blight,Bacterial blight,2,1,train,,
/kaggle/input/datasets/dhamur/cotton-plant-disease/Cotton leaves/40 Images/Target spot/random_crop_pil_constract_39.jpg,cotton,cotton::Target spot,Target spot,5,1,train,,
/kaggle/input/datasets/dhamur/cotton-plant-disease/Cotton leaves/40 Images/Powdery mildew/rotate_zoompil_sharpness_40.jpg,cotton,cotton::Powdery mildew,Powdery mildew,4,1,train,,
/kaggle/working/exp02_robust_open_set/unknown_sources/cifar10/train/00622_97e11cf4d437.png,cifar10,cifar10::97e11cf4d437d756,Unclassified,6,0,train,animal,cat
/kaggle/working/exp02_robust_open_set/unknown_sources/cifar10/train/00587_16cb981a2a1a.png,cifar10,cifar10::16cb981a2a1a2a72,Unclassified,6,0,train,animal,cat
/kaggle/working/exp02_robust_open_set/unknown_sources/cifar10/train/00081_63d3d2a9f9fc.png,cifar10,cifar10::63d3d2a9f9fc05db,Unclassified,6,0,train,object_vehicle,truck
/kaggle/working/exp02_robust_open_set/unknown_sources/cifar10/train/00449_a86093db73bd.png,cifar10,cifar10::a86093db73bdd655,Unclassified,6,0,train,animal,dog
/kaggle/working/exp02_robust_open_set/unknown_sources/cifar10/train/00009_392d489cbc75.png,cifar10,cifar10::392d489cbc75ca1f,Unclassified,6,0,train,object_vehicle,automobile
/kaggle/working/exp02_robust_open_set/unknown_sources/cifar10/train/00451_07fceecdeb94.png,cifar10,cifar10::07fceecdeb94d90b,Unclassified,6,0,train,animal,bird
/kaggle/input/datasets/dhamur/cotton-plant-disease/Cotton leaves/40 Images/Army worm/vertical_flippil_sharpness_24.jpg,cotton,cotton::Army worm,Army worm,1,1,train,,
/kaggle/input/datasets/dhamur/cotton-plant-disease/Cotton leaves/40 Images/Healthy/random_crop_pil_constract_22.jpg,cotton,cotton::Healthy,Healthy,3,1,train,,
/kaggle/input/datasets/dhamur/cotton-plant-disease/Cotton leaves/40 Images/Bacterial blight/vertical_flippil_constract_19.jpg,cotton,cotton::Bacterial blight,Bacterial blight,2,1,train,,
/kaggle/working/exp02_robust_open_set/unknown_sources/cifar10/train/00685_79a3a55cde23.png,cifar10,cifar10::79a3a55cde230e4b,Unclassified,6,0,train,object_vehicle,airplane
/kaggle/input/datasets/dhamur/cotton-plant-disease/Cotton leaves/40 Images/Army worm/rotate_zoom12.jpg,cotton,cotton::Army worm,Army worm,1,1,train,,
/kaggle/working/exp02_robust_open_set/unknown_sources/cifar10/train/00179_b8b731d88647.png,cifar10,cifar10::b8b731d886479709,Unclassified,6,0,train,animal,bird
/kaggle/working/exp02_robust_open_set/unknown_sources/cifar10/train/00364_66f668abf721.png,cifar10,cifar10::66f668abf721af37,Unclassified,6,0,train,object_vehicle,truck
/kaggle/input/datasets/dhamur/cotton-plant-disease/Cotton leaves/40 Images/Powdery mildew/rotate_zoompil_constract_20.jpg,cotton,cotton::Powdery mildew,Powdery mildew,4,1,train,,
/kaggle/input/datasets/dhamur/cotton-plant-disease/Cotton leaves/40 Images/Target spot/vertical_flippil_constract_2.jpg,cotton,cotton::Target spot,Target spot,5,1,train,,
/kaggle/input/datasets/dhamur/cotton-plant-disease/Cotton leaves/40 Images/Powdery mildew/vertical_flippil_sharpness_4.jpg,cotton,cotton::Powdery mildew,Powdery mildew,4,1,train,,
/kaggle/input/datasets/dhamur/cotton-plant-disease/Cotton leaves/40 Images/Bacterial blight/rotate_zoompil_color_7.jpg,cotton,cotton::Bacterial blight,Bacterial blight,2,1,train,,
/kaggle/working/exp02_robust_open_set/unknown_sources/cifar10/train/00696_d119bca5523d.png,cifar10,cifar10::d119bca5523ddd63,Unclassified,6,0,train,object_vehicle,airplane
/kaggle/input/datasets/dhamur/cotton-plant-disease/Cotton leaves/40 Images/Healthy/18.jpg,cotton,cotton::Healthy,Healthy,3,1,train,,
/kaggle/input/datasets/dhamur/cotton-plant-disease/Cotton leaves/40 Images/Powdery mildew/random_crop_pil_color_1.jpg,cotton,cotton::Powdery mildew,Powdery mildew,4,1,train,,
/kaggle/input/datasets/dhamur/cotton-plant-disease/Cotton leaves/40 Images/Bacterial blight/random_crop_9.jpg,cotton,cotton::Bacterial blight,Bacterial blight,2,1,train,,
/kaggle/input/datasets/dhamur/cotton-plant-disease/Cotton leaves/40 Images/Healthy/pil_constract_10.jpg,cotton,cotton::Healthy,Healthy,3,1,train,,
/kaggle/input/datasets/dhamur/cotton-plant-disease/Cotton leaves/40 Images/Aphids/random_crop_pil_color_2.jpg,cotton,cotton::Aphids,Aphids,0,1,train,,
/kaggle/working/exp02_robust_open_set/unknown_sources/cifar10/train/00200_d21a03ee1509.png,cifar10,cifar10::d21a03ee15095332,Unclassified,6,0,train,animal,frog
/kaggle/input/datasets/dhamur/cotton-plant-disease/Cotton leaves/40 Images/Army worm/vertical_flippil_color_6.jpg,cotton,cotton::Army worm,Army worm,1,1,train,,
/kaggle/input/datasets/dhamur/cotton-plant-disease/Cotton leaves/40 Images/Aphids/pil_brightness_12.jpg,cotton,cotton::Aphids,Aphids,0,1,train,,
/kaggle/input/datasets/dhamur/cotton-plant-disease/Cotton leaves/40 Images/Aphids/rotate_zoompil_sharpness_29.jpg,cotton,cotton::Aphids,Aphids,0,1,train,,
/kaggle/input/datasets/dhamur/cotton-plant-disease/Cotton leaves/40 Images/Army worm/vertical_flip19.jpg,cotton,cotton::Army worm,Army worm,1,1,train,,
/kaggle/input/datasets/dhamur/cotton-plant-disease/Cotton leaves/40 Images/Healthy/rotate_zoom17.jpg,cotton,cotton::Healthy,Healthy,3,1,train,,
/kaggle/input/datasets/dhamur/cotton-plant-disease/Cotton leaves/40 Images/Healthy/random_crop_pil_color_6.jpg,cotton,cotton::Healthy,Healthy,3,1,train,,
/kaggle/input/datasets/dhamur/cotton-plant-disease/Cotton leaves/40 Images/Healthy/random_crop_pil_sharpness_5.jpg,cotton,cotton::Healthy,Healthy,3,1,train,,
/kaggle/input/datasets/dhamur/cotton-plant-disease/Cotton leaves/40 Images/Powdery mildew/vertical_flippil_sharpness_22.jpg,cotton,cotton::Powdery mildew,Powdery mildew,4,1,train,,
/kaggle/input/datasets/dhamur/cotton-plant-disease/Cotton leaves/40 Images/Aphids/rotate_zoompil_brightness_27.jpg,cotton,cotton::Aphids,Aphids,0,1,train,,
/kaggle/input/datasets/dhamur/cotton-plant-disease/Cotton leaves/40 Images/Bacterial blight/random_crop_pil_sharpness_9.jpg,cotton,cotton::Bacterial blight,Bacterial blight,2,1,train,,
/kaggle/input/datasets/dhamur/cotton-plant-disease/Cotton leaves/40 Images/Healthy/rotate_zoompil_color_36.jpg,cotton,cotton::Healthy,Healthy,3,1,train,,
/kaggle/input/datasets/dhamur/cotton-plant-disease/Cotton leaves/40 Images/Target spot/random_crop_pil_brightness_2.jpg,cotton,cotton::Target spot,Target spot,5,1,train,,
/kaggle/input/datasets/dhamur/cotton-plant-disease/Cotton leaves/40 Images/Bacterial blight/random_crop_pil_brightness_20.jpg,cotton,cotton::Bacterial blight,Bacterial blight,2,1,train,,
/kaggle/input/datasets/dhamur/cotton-plant-disease/Cotton leaves/40 Images/Bacterial blight/random_crop_pil_brightness_3.jpg,cotton,cotton::Bacterial blight,Bacterial blight,2,1,train,,
/kaggle/input/datasets/dhamur/cotton-plant-disease/Cotton leaves/40 Images/Bacterial blight/rotate_zoompil_constract_15.jpg,cotton,cotton::Bacterial blight,Bacterial blight,2,1,train,,
/kaggle/working/exp02_robust_open_set/unknown_sources/cifar10/train/00616_105c4a923580.png,cifar10,cifar10::105c4a9235800760,Unclassified,6,0,train,animal,cat
/kaggle/working/exp02_robust_open_set/unknown_sources/cifar10/train/00076_5b23d4cec0d2.png,cifar10,cifar10::5b23d4cec0d227c4,Unclassified,6,0,train,animal,horse
/kaggle/input/datasets/dhamur/cotton-plant-disease/Cotton leaves/40 Images/Healthy/vertical_flippil_brightness_9.jpg,cotton,cotton::Healthy,Healthy,3,1,train,,
/kaggle/input/datasets/dhamur/cotton-plant-disease/Cotton leaves/40 Images/Bacterial blight/rotate_zoompil_constract_14.jpg,cotton,cotton::Bacterial blight,Bacterial blight,2,1,train,,
/kaggle/input/datasets/dhamur/cotton-plant-disease/Cotton leaves/40 Images/Aphids/random_crop_pil_color_9.jpg,cotton,cotton::Aphids,Aphids,0,1,train,,
/kaggle/input/datasets/dhamur/cotton-plant-disease/Cotton leaves/40 Images/Healthy/rotate_zoompil_brightness_33.jpg,cotton,cotton::Healthy,Healthy,3,1,train,,
/kaggle/input/datasets/dhamur/cotton-plant-disease/Cotton leaves/40 Images/Target spot/vertical_flippil_brightness_13.jpg,cotton,cotton::Target spot,Target spot,5,1,train,,
/kaggle/working/exp02_robust_open_set/unknown_sources/cifar10/train/00677_ad53e3af165a.png,cifar10,cifar10::ad53e3af165ad709,Unclassified,6,0,train,object_vehicle,airplane
/kaggle/input/datasets/dhamur/cotton-plant-disease/Cotton leaves/40 Images/Army worm/rotate_zoompil_brightness_20.jpg,cotton,cotton::Army worm,Army worm,1,1,train,,
/kaggle/input/datasets/dhamur/cotton-plant-disease/Cotton leaves/40 Images/Bacterial blight/pil_sharpness_1.jpg,cotton,cotton::Bacterial blight,Bacterial blight,2,1,train,,
/kaggle/working/exp02_robust_open_set/unknown_sources/cifar10/train/00239_fc3f934bcdc5.png,cifar10,cifar10::fc3f934bcdc5bf53,Unclassified,6,0,train,animal,frog
/kaggle/input/datasets/dhamur/cotton-plant-disease/Cotton leaves/40 Images/Healthy/rotate_zoompil_color_21.jpg,cotton,cotton::Healthy,Healthy,3,1,train,,
/kaggle/input/datasets/dhamur/cotton-plant-disease/Cotton leaves/40 Images/Army worm/rotate_zoompil_brightness_7.jpg,cotton,cotton::Army worm,Army worm,1,1,train,,
/kaggle/input/datasets/dhamur/cotton-plant-disease/Cotton leaves/40 Images/Powdery mildew/rotate_zoompil_brightness_29.jpg,cotton,cotton::Powdery mildew,Powdery mildew,4,1,train,,
/kaggle/input/datasets/dhamur/cotton-plant-disease/Cotton leaves/40 Images/Healthy/rotate_zoom10.jpg,cotton,cotton::Healthy,Healthy,3,1,train,,
/kaggle/working/exp02_robust_open_set/unknown_sources/cifar10/train/00230_e83825d43a64.png,cifar10,cifar10::e83825d43a6419a8,Unclassified,6,0,train,animal,bird
/kaggle/working/exp02_robust_open_set/unknown_sources/cifar10/train/00085_572f10299b1a.png,cifar10,cifar10::572f10299b1a9104,Unclassified,6,0,train,animal,deer
/kaggle/working/exp02_robust_open_set/unknown_sources/cifar10/train/00673_0a3469dc7eb7.png,cifar10,cifar10::0a3469dc7eb76a09,Unclassified,6,0,train,object_vehicle,ship
/kaggle/working/exp02_robust_open_set/unknown_sources/cifar10/train/00771_a9673734680a.png,cifar10,cifar10::a9673734680ac715,Unclassified,6,0,train,object_vehicle,truck
/kaggle/working/exp02_robust_open_set/unknown_sources/cifar10/train/00490_53c002bc7f33.png,cifar10,cifar10::53c002bc7f33d92e,Unclassified,6,0,train,object_vehicle,ship
/kaggle/working/exp02_robust_open_set/unknown_sources/cifar10/train/00416_46727bde7947.png,cifar10,cifar10::46727bde79470a43,Unclassified,6,0,train,animal,frog
/kaggle/input/datasets/dhamur/cotton-plant-disease/Cotton leaves/40 Images/Aphids/rotate_zoompil_brightness_5.jpg,cotton,cotton::Aphids,Aphids,0,1,train,,
/kaggle/working/exp02_robust_open_set/unknown_sources/cifar10/train/00313_5a242ef1d651.png,cifar10,cifar10::5a242ef1d6514c85,Unclassified,6,0,train,animal,deer
/kaggle/working/exp02_robust_open_set/unknown_sources/cifar10/train/00216_d5f580ccac29.png,cifar10,cifar10::d5f580ccac2927be,Unclassified,6,0,train,object_vehicle,ship
/kaggle/input/datasets/dhamur/cotton-plant-disease/Cotton leaves/40 Images/Bacterial blight/rotate_zoompil_color_5.jpg,cotton,cotton::Bacterial blight,Bacterial blight,2,1,train,,
/kaggle/working/exp02_robust_open_set/unknown_sources/cifar10/train/00348_072eebb7b78f.png,cifar10,cifar10::072eebb7b78f4783,Unclassified,6,0,train,animal,deer
/kaggle/input/datasets/dhamur/cotton-plant-disease/Cotton leaves/40 Images/Target spot/random_crop_pil_color_36.jpg,cotton,cotton::Target spot,Target spot,5,1,train,,
/kaggle/input/datasets/dhamur/cotton-plant-disease/Cotton leaves/40 Images/Healthy/rotate_zoompil_brightness_7.jpg,cotton,cotton::Healthy,Healthy,3,1,train,,
/kaggle/input/datasets/dhamur/cotton-plant-disease/Cotton leaves/40 Images/Aphids/random_crop_pil_brightness_9.jpg,cotton,cotton::Aphids,Aphids,0,1,train,,
/kaggle/input/datasets/dhamur/cotton-plant-disease/Cotton leaves/40 Images/Target spot/vertical_flippil_constract_26.jpg,cotton,cotton::Target spot,Target spot,5,1,train,,
/kaggle/working/exp02_robust_open_set/unknown_sources/cifar10/train/00373_1057283dc8a8.png,cifar10,cifar10::1057283dc8a84301,Unclassified,6,0,train,object_vehicle,ship
/kaggle/input/datasets/dhamur/cotton-plant-disease/Cotton leaves/40 Images/Healthy/rotate_zoompil_sharpness_6.jpg,cotton,cotton::Healthy,Healthy,3,1,train,,
/kaggle/input/datasets/dhamur/cotton-plant-disease/Cotton leaves/40 Images/Aphids/rotate_zoompil_brightness_25.jpg,cotton,cotton::Aphids,Aphids,0,1,train,,
/kaggle/working/exp02_robust_open_set/unknown_sources/cifar10/train/00533_4948a669de30.png,cifar10,cifar10::4948a669de309d6d,Unclassified,6,0,train,animal,horse
/kaggle/working/exp02_robust_open_set/unknown_sources/cifar10/train/00208_615580b9f70f.png,cifar10,cifar10::615580b9f70f4c55,Unclassified,6,0,train,animal,dog
/kaggle/input/datasets/dhamur/cotton-plant-disease/Cotton leaves/40 Images/Target spot/random_crop_pil_constract_38.jpg,cotton,cotton::Target spot,Target spot,5,1,train,,
/kaggle/working/exp02_robust_open_set/unknown_sources/cifar10/train/00336_75a432c59e5e.png,cifar10,cifar10::75a432c59e5ed388,Unclassified,6,0,train,animal,frog
/kaggle/input/datasets/dhamur/cotton-plant-disease/Cotton leaves/40 Images/Bacterial blight/random_crop_pil_brightness_21.jpg,cotton,cotton::Bacterial blight,Bacterial blight,2,1,train,,
/kaggle/input/datasets/dhamur/cotton-plant-disease/Cotton leaves/40 Images/Target spot/rotate_zoompil_constract_1.jpg,cotton,cotton::Target spot,Target spot,5,1,train,,
/kaggle/working/exp02_robust_open_set/unknown_sources/cifar10/train/00507_9d3da09027b8.png,cifar10,cifar10::9d3da09027b8ca51,Unclassified,6,0,train,object_vehicle,ship
/kaggle/input/datasets/dhamur/cotton-plant-disease/Cotton leaves/40 Images/Healthy/vertical_flippil_brightness_35.jpg,cotton,cotton::Healthy,Healthy,3,1,train,,
/kaggle/input/datasets/dhamur/cotton-plant-disease/Cotton leaves/40 Images/Army worm/random_translation_pil_color_11.jpg,cotton,cotton::Army worm,Army worm,1,1,train,,
/kaggle/input/datasets/dhamur/cotton-plant-disease/Cotton leaves/40 Images/Bacterial blight/random_crop_pil_brightness_30.jpg,cotton,cotton::Bacterial blight,Bacterial blight,2,1,train,,
/kaggle/input/datasets/dhamur/cotton-plant-disease/Cotton leaves/40 Images/Powdery mildew/random_crop_pil_sharpness_33.jpg,cotton,cotton::Powdery mildew,Powdery mildew,4,1,train,,
/kaggle/input/datasets/dhamur/cotton-plant-disease/Cotton leaves/40 Images/Target spot/rotate_zoom6.jpg,cotton,cotton::Target spot,Target spot,5,1,train,,
/kaggle/input/datasets/dhamur/cotton-plant-disease/Cotton leaves/40 Images/Bacterial blight/rotate_zoompil_sharpness_31.jpg,cotton,cotton::Bacterial blight,Bacterial blight,2,1,train,,
/kaggle/input/datasets/dhamur/cotton-plant-disease/Cotton leaves/40 Images/Bacterial blight/random_crop_pil_sharpness_8.jpg,cotton,cotton::Bacterial blight,Bacterial blight,2,1,train,,
/kaggle/input/datasets/dhamur/cotton-plant-disease/Cotton leaves/40 Images/Army worm/pil_color_24.jpg,cotton,cotton::Army worm,Army worm,1,1,train,,
/kaggle/working/exp02_robust_open_set/unknown_sources/cifar10/train/00024_0d7820b6c832.png,cifar10,cifar10::0d7820b6c8329a52,Unclassified,6,0,train,animal,deer
/kaggle/working/exp02_robust_open_set/unknown_sources/cifar10/train/00376_ea4c6c21d961.png,cifar10,cifar10::ea4c6c21d961a36c,Unclassified,6,0,train,object_vehicle,ship
/kaggle/input/datasets/dhamur/cotton-plant-disease/Cotton leaves/40 Images/Army worm/rotate_zoompil_constract_19.jpg,cotton,cotton::Army worm,Army worm,1,1,train,,
/kaggle/input/datasets/dhamur/cotton-plant-disease/Cotton leaves/40 Images/Target spot/rotate_zoompil_sharpness_38.jpg,cotton,cotton::Target spot,Target spot,5,1,train,,
/kaggle/input/datasets/dhamur/cotton-plant-disease/Cotton leaves/40 Images/Bacterial blight/vertical_flip9.jpg,cotton,cotton::Bacterial blight,Bacterial blight,2,1,train,,
/kaggle/input/datasets/dhamur/cotton-plant-disease/Cotton leaves/40 Images/Target spot/rotate_zoompil_color_23.jpg,cotton,cotton::Target spot,Target spot,5,1,train,,
/kaggle/input/datasets/dhamur/cotton-plant-disease/Cotton leaves/40 Images/Bacterial blight/vertical_flippil_brightness_3.jpg,cotton,cotton::Bacterial blight,Bacterial blight,2,1,train,,
/kaggle/working/exp02_robust_open_set/unknown_sources/cifar10/train/00412_c741d67daebb.png,cifar10,cifar10::c741d67daebb9bb9,Unclassified,6,0,train,animal,deer
/kaggle/input/datasets/dhamur/cotton-plant-disease/Cotton leaves/40 Images/Army worm/random_translation_pil_brightness_34.jpg,cotton,cotton::Army worm,Army worm,1,1,train,,
/kaggle/input/datasets/dhamur/cotton-plant-disease/Cotton leaves/40 Images/Powdery mildew/vertical_flip30.jpg,cotton,cotton::Powdery mildew,Powdery mildew,4,1,train,,
/kaggle/input/datasets/dhamur/cotton-plant-disease/Cotton leaves/40 Images/Target spot/rotate_zoompil_constract_29.jpg,cotton,cotton::Target spot,Target spot,5,1,train,,
/kaggle/input/datasets/dhamur/cotton-plant-disease/Cotton leaves/40 Images/Army worm/rotate_zoompil_constract_6.jpg,cotton,cotton::Army worm,Army worm,1,1,train,,
/kaggle/input/datasets/dhamur/cotton-plant-disease/Cotton leaves/40 Images/Bacterial blight/rotate_zoompil_constract_25.jpg,cotton,cotton::Bacterial blight,Bacterial blight,2,1,train,,
/kaggle/input/datasets/dhamur/cotton-plant-disease/Cotton leaves/40 Images/Powdery mildew/vertical_flip15.jpg,cotton,cotton::Powdery mildew,Powdery mildew,4,1,train,,
/kaggle/input/datasets/dhamur/cotton-plant-disease/Cotton leaves/40 Images/Bacterial blight/vertical_flippil_sharpness_27.jpg,cotton,cotton::Bacterial blight,Bacterial blight,2,1,train,,
/kaggle/input/datasets/dhamur/cotton-plant-disease/Cotton leaves/40 Images/Healthy/vertical_flippil_sharpness_4.jpg,cotton,cotton::Healthy,Healthy,3,1,train,,
/kaggle/input/datasets/dhamur/cotton-plant-disease/Cotton leaves/40 Images/Bacterial blight/random_crop_pil_constract_2.jpg,cotton,cotton::Bacterial blight,Bacterial blight,2,1,train,,
/kaggle/working/exp02_robust_open_set/unknown_sources/cifar10/train/00351_de8465b40f4d.png,cifar10,cifar10::de8465b40f4d49b3,Unclassified,6,0,train,animal,dog
/kaggle/input/datasets/dhamur/cotton-plant-disease/Cotton leaves/40 Images/Army worm/pil_constract_24.jpg,cotton,cotton::Army worm,Army worm,1,1,train,,
/kaggle/input/datasets/dhamur/cotton-plant-disease/Cotton leaves/40 Images/Aphids/rotate_zoompil_constract_3.jpg,cotton,cotton::Aphids,Aphids,0,1,train,,
/kaggle/input/datasets/dhamur/cotton-plant-disease/Cotton leaves/40 Images/Bacterial blight/pil_brightness_31.jpg,cotton,cotton::Bacterial blight,Bacterial blight,2,1,train,,
/kaggle/input/datasets/dhamur/cotton-plant-disease/Cotton leaves/40 Images/Powdery mildew/pil_brightness_4.jpg,cotton,cotton::Powdery mildew,Powdery mildew,4,1,train,,
/kaggle/input/datasets/dhamur/cotton-plant-disease/Cotton leaves/40 Images/Army worm/rotate_zoompil_constract_14.jpg,cotton,cotton::Army worm,Army worm,1,1,train,,
/kaggle/input/datasets/dhamur/cotton-plant-disease/Cotton leaves/40 Images/Target spot/rotate_zoompil_brightness_10.jpg,cotton,cotton::Target spot,Target spot,5,1,train,,
/kaggle/input/datasets/dhamur/cotton-plant-disease/Cotton leaves/40 Images/Powdery mildew/pil_brightness_1.jpg,cotton,cotton::Powdery mildew,Powdery mildew,4,1,train,,
/kaggle/input/datasets/dhamur/cotton-plant-disease/Cotton leaves/40 Images/Army worm/pil_sharpness_37.jpg,cotton,cotton::Army worm,Army worm,1,1,train,,
/kaggle/input/datasets/dhamur/cotton-plant-disease/Cotton leaves/40 Images/Aphids/pil_sharpness_9.jpg,cotton,cotton::Aphids,Aphids,0,1,train,,
/kaggle/input/datasets/dhamur/cotton-plant-disease/Cotton leaves/40 Images/Healthy/random_crop_pil_brightness_12.jpg,cotton,cotton::Healthy,Healthy,3,1,train,,
/kaggle/input/datasets/dhamur/cotton-plant-disease/Cotton leaves/40 Images/Aphids/pil_color_2.jpg,cotton,cotton::Aphids,Aphids,0,1,train,,
/kaggle/input/datasets/dhamur/cotton-plant-disease/Cotton leaves/40 Images/Aphids/rotate_zoompil_constract_40.jpg,cotton,cotton::Aphids,Aphids,0,1,train,,
/kaggle/input/datasets/dhamur/cotton-plant-disease/Cotton leaves/40 Images/Army worm/vertical_flippil_brightness_9.jpg,cotton,cotton::Army worm,Army worm,1,1,train,,
/kaggle/input/datasets/dhamur/cotton-plant-disease/Cotton leaves/40 Images/Healthy/rotate_zoompil_color_9.jpg,cotton,cotton::Healthy,Healthy,3,1,train,,
/kaggle/input/datasets/dhamur/cotton-plant-disease/Cotton leaves/40 Images/Bacterial blight/random_crop_pil_constract_34.jpg,cotton,cotton::Bacterial blight,Bacterial blight,2,1,train,,
/kaggle/input/datasets/dhamur/cotton-plant-disease/Cotton leaves/40 Images/Army worm/random_translation_pil_sharpness_26.jpg,cotton,cotton::Army worm,Army worm,1,1,train,,
/kaggle/input/datasets/dhamur/cotton-plant-disease/Cotton leaves/40 Images/Healthy/random_crop_pil_constract_35.jpg,cotton,cotton::Healthy,Healthy,3,1,train,,
/kaggle/working/exp02_robust_open_set/unknown_sources/cifar10/train/00430_b9c48c7803af.png,cifar10,cifar10::b9c48c7803af11b9,Unclassified,6,0,train,object_vehicle,airplane
/kaggle/input/datasets/dhamur/cotton-plant-disease/Cotton leaves/40 Images/Aphids/rotate_zoompil_brightness_37.jpg,cotton,cotton::Aphids,Aphids,0,1,train,,
/kaggle/working/exp02_robust_open_set/unknown_sources/cifar10/train/00265_afc655e20014.png,cifar10,cifar10::afc655e20014ef1b,Unclassified,6,0,train,animal,frog
/kaggle/working/exp02_robust_open_set/unknown_sources/cifar10/train/00337_af9feb60b6ef.png,cifar10,cifar10::af9feb60b6ef4f44,Unclassified,6,0,train,object_vehicle,truck
/kaggle/input/datasets/dhamur/cotton-plant-disease/Cotton leaves/40 Images/Healthy/rotate_zoompil_color_24.jpg,cotton,cotton::Healthy,Healthy,3,1,train,,
/kaggle/input/datasets/dhamur/cotton-plant-disease/Cotton leaves/40 Images/Aphids/pil_brightness_8.jpg,cotton,cotton::Aphids,Aphids,0,1,train,,
/kaggle/input/datasets/dhamur/cotton-plant-disease/Cotton leaves/40 Images/Healthy/random_crop_pil_color_28.jpg,cotton,cotton::Healthy,Healthy,3,1,train,,
/kaggle/input/datasets/dhamur/cotton-plant-disease/Cotton leaves/40 Images/Bacterial blight/vertical_flippil_sharpness_35.jpg,cotton,cotton::Bacterial blight,Bacterial blight,2,1,train,,
/kaggle/input/datasets/dhamur/cotton-plant-disease/Cotton leaves/40 Images/Aphids/random_crop_4.jpg,cotton,cotton::Aphids,Aphids,0,1,train,,
/kaggle/input/datasets/dhamur/cotton-plant-disease/Cotton leaves/40 Images/Healthy/vertical_flippil_color_36.jpg,cotton,cotton::Healthy,Healthy,3,1,train,,
/kaggle/input/datasets/dhamur/cotton-plant-disease/Cotton leaves/40 Images/Army worm/random_translation_pil_brightness_23.jpg,cotton,cotton::Army worm,Army worm,1,1,train,,
/kaggle/input/datasets/dhamur/cotton-plant-disease/Cotton leaves/40 Images/Target spot/18.jpg,cotton,cotton::Target spot,Target spot,5,1,train,,
/kaggle/working/exp02_robust_open_set/unknown_sources/cifar10/train/00062_2e4171108c74.png,cifar10,cifar10::2e4171108c749cc9,Unclassified,6,0,train,object_vehicle,airplane
/kaggle/input/datasets/dhamur/cotton-plant-disease/Cotton leaves/40 Images/Powdery mildew/vertical_flippil_brightness_39.jpg,cotton,cotton::Powdery mildew,Powdery mildew,4,1,train,,
/kaggle/input/datasets/dhamur/cotton-plant-disease/Cotton leaves/40 Images/Bacterial blight/random_crop_pil_sharpness_39.jpg,cotton,cotton::Bacterial blight,Bacterial blight,2,1,train,,
/kaggle/input/datasets/dhamur/cotton-plant-disease/Cotton leaves/40 Images/Target spot/random_crop_pil_sharpness_27.jpg,cotton,cotton::Target spot,Target spot,5,1,train,,
/kaggle/working/exp02_robust_open_set/unknown_sources/cifar10/train/00784_6b2548d89393.png,cifar10,cifar10::6b2548d89393e3d3,Unclassified,6,0,train,animal,horse
/kaggle/input/datasets/dhamur/cotton-plant-disease/Cotton leaves/40 Images/Healthy/pil_brightness_1.jpg,cotton,cotton::Healthy,Healthy,3,1,train,,
/kaggle/input/datasets/dhamur/cotton-plant-disease/Cotton leaves/40 Images/Healthy/vertical_flip37.jpg,cotton,cotton::Healthy,Healthy,3,1,train,,
/kaggle/input/datasets/dhamur/cotton-plant-disease/Cotton leaves/40 Images/Aphids/random_crop_pil_color_5.jpg,cotton,cotton::Aphids,Aphids,0,1,train,,
/kaggle/input/datasets/dhamur/cotton-plant-disease/Cotton leaves/40 Images/Aphids/random_crop_pil_constract_1.jpg,cotton,cotton::Aphids,Aphids,0,1,train,,
/kaggle/input/datasets/dhamur/cotton-plant-disease/Cotton leaves/40 Images/Healthy/rotate_zoompil_color_20.jpg,cotton,cotton::Healthy,Healthy,3,1,train,,
/kaggle/input/datasets/dhamur/cotton-plant-disease/Cotton leaves/40 Images/Healthy/random_crop_pil_constract_1.jpg,cotton,cotton::Healthy,Healthy,3,1,train,,
/kaggle/working/exp02_robust_open_set/unknown_sources/cifar10/train/00401_4bbbae70831d.png,cifar10,cifar10::4bbbae70831dbb24,Unclassified,6,0,train,object_vehicle,ship
/kaggle/input/datasets/dhamur/cotton-plant-disease/Cotton leaves/40 Images/Powdery mildew/vertical_flip32.jpg,cotton,cotton::Powdery mildew,Powdery mildew,4,1,train,,
/kaggle/input/datasets/dhamur/cotton-plant-disease/Cotton leaves/40 Images/Bacterial blight/rotate_zoompil_color_22.jpg,cotton,cotton::Bacterial blight,Bacterial blight,2,1,train,,
/kaggle/input/datasets/dhamur/cotton-plant-disease/Cotton leaves/40 Images/Army worm/pil_sharpness_5.jpg,cotton,cotton::Army worm,Army worm,1,1,train,,
/kaggle/input/datasets/dhamur/cotton-plant-disease/Cotton leaves/40 Images/Aphids/random_crop_pil_brightness_36.jpg,cotton,cotton::Aphids,Aphids,0,1,train,,
/kaggle/working/exp02_robust_open_set/unknown_sources/cifar10/train/00448_2cfa46d7b198.png,cifar10,cifar10::2cfa46d7b19872c9,Unclassified,6,0,train,animal,dog
/kaggle/input/datasets/dhamur/cotton-plant-disease/Cotton leaves/40 Images/Army worm/random_translation_pil_brightness_20.jpg,cotton,cotton::Army worm,Army worm,1,1,train,,
/kaggle/input/datasets/dhamur/cotton-plant-disease/Cotton leaves/40 Images/Healthy/11.jpg,cotton,cotton::Healthy,Healthy,3,1,train,,
/kaggle/input/datasets/dhamur/cotton-plant-disease/Cotton leaves/40 Images/Aphids/rotate_zoompil_color_36.jpg,cotton,cotton::Aphids,Aphids,0,1,train,,
/kaggle/working/exp02_robust_open_set/unknown_sources/cifar10/train/00620_53a2f53b049c.png,cifar10,cifar10::53a2f53b049ceaee,Unclassified,6,0,train,object_vehicle,airplane
/kaggle/input/datasets/dhamur/cotton-plant-disease/Cotton leaves/40 Images/Army worm/random_translation_pil_brightness_17.jpg,cotton,cotton::Army worm,Army worm,1,1,train,,
/kaggle/input/datasets/dhamur/cotton-plant-disease/Cotton leaves/40 Images/Aphids/pil_brightness_27.jpg,cotton,cotton::Aphids,Aphids,0,1,train,,
/kaggle/working/exp02_robust_open_set/unknown_sources/cifar10/train/00770_ad50158a1ae3.png,cifar10,cifar10::ad50158a1ae353a1,Unclassified,6,0,train,animal,cat
/kaggle/input/datasets/dhamur/cotton-plant-disease/Cotton leaves/40 Images/Healthy/random_crop_pil_brightness_23.jpg,cotton,cotton::Healthy,Healthy,3,1,train,,
/kaggle/input/datasets/dhamur/cotton-plant-disease/Cotton leaves/40 Images/Target spot/vertical_flippil_constract_12.jpg,cotton,cotton::Target spot,Target spot,5,1,train,,
/kaggle/input/datasets/dhamur/cotton-plant-disease/Cotton leaves/40 Images/Powdery mildew/random_crop_pil_constract_7.jpg,cotton,cotton::Powdery mildew,Powdery mildew,4,1,train,,
/kaggle/input/datasets/dhamur/cotton-plant-disease/Cotton leaves/40 Images/Powdery mildew/vertical_flippil_color_22.jpg,cotton,cotton::Powdery mildew,Powdery mildew,4,1,train,,
/kaggle/working/exp02_robust_open_set/unknown_sources/cifar10/train/00526_729fbc2c547c.png,cifar10,cifar10::729fbc2c547c3f1d,Unclassified,6,0,train,object_vehicle,ship
/kaggle/input/datasets/dhamur/cotton-plant-disease/Cotton leaves/40 Images/Army worm/pil_color_16.jpg,cotton,cotton::Army worm,Army worm,1,1,train,,
/kaggle/working/exp02_robust_open_set/unknown_sources/cifar10/train/00702_8e1a37343b3c.png,cifar10,cifar10::8e1a37343b3c87d2,Unclassified,6,0,train,animal,bird
/kaggle/input/datasets/dhamur/cotton-plant-disease/Cotton leaves/40 Images/Powdery mildew/random_crop_pil_color_5.jpg,cotton,cotton::Powdery mildew,Powdery mildew,4,1,train,,
/kaggle/input/datasets/dhamur/cotton-plant-disease/Cotton leaves/40 Images/Aphids/pil_sharpness_7.jpg,cotton,cotton::Aphids,Aphids,0,1,train,,
/kaggle/input/datasets/dhamur/cotton-plant-disease/Cotton leaves/40 Images/Army worm/random_translation_pil_sharpness_31.jpg,cotton,cotton::Army worm,Army worm,1,1,train,,
/kaggle/input/datasets/dhamur/cotton-plant-disease/Cotton leaves/40 Images/Healthy/rotate_zoompil_color_12.jpg,cotton,cotton::Healthy,Healthy,3,1,train,,
/kaggle/input/datasets/dhamur/cotton-plant-disease/Cotton leaves/40 Images/Army worm/vertical_flip23.jpg,cotton,cotton::Army worm,Army worm,1,1,train,,
/kaggle/input/datasets/dhamur/cotton-plant-disease/Cotton leaves/40 Images/Aphids/vertical_flippil_sharpness_29.jpg,cotton,cotton::Aphids,Aphids,0,1,train,,
/kaggle/input/datasets/dhamur/cotton-plant-disease/Cotton leaves/40 Images/Aphids/random_crop_pil_sharpness_39.jpg,cotton,cotton::Aphids,Aphids,0,1,train,,
/kaggle/working/exp02_robust_open_set/unknown_sources/cifar10/train/00082_5196be5a2766.png,cifar10,cifar10::5196be5a27661152,Unclassified,6,0,train,animal,deer
/kaggle/input/datasets/dhamur/cotton-plant-disease/Cotton leaves/40 Images/Aphids/6.jpg,cotton,cotton::Aphids,Aphids,0,1,train,,
/kaggle/input/datasets/dhamur/cotton-plant-disease/Cotton leaves/40 Images/Bacterial blight/vertical_flippil_color_7.jpg,cotton,cotton::Bacterial blight,Bacterial blight,2,1,train,,
/kaggle/input/datasets/dhamur/cotton-plant-disease/Cotton leaves/40 Images/Aphids/pil_color_12.jpg,cotton,cotton::Aphids,Aphids,0,1,train,,
/kaggle/input/datasets/dhamur/cotton-plant-disease/Cotton leaves/40 Images/Healthy/pil_constract_3.jpg,cotton,cotton::Healthy,Healthy,3,1,train,,
/kaggle/working/exp02_robust_open_set/unknown_sources/cifar10/train/00177_65f8cfaa7238.png,cifar10,cifar10::65f8cfaa7238f47e,Unclassified,6,0,train,object_vehicle,ship
/kaggle/input/datasets/dhamur/cotton-plant-disease/Cotton leaves/40 Images/Aphids/16.jpg,cotton,cotton::Aphids,Aphids,0,1,train,,
/kaggle/working/exp02_robust_open_set/unknown_sources/cifar10/train/00221_c16126c557bc.png,cifar10,cifar10::c16126c557bc5d41,Unclassified,6,0,train,animal,cat
/kaggle/input/datasets/dhamur/cotton-plant-disease/Cotton leaves/40 Images/Bacterial blight/pil_color_25.jpg,cotton,cotton::Bacterial blight,Bacterial blight,2,1,train,,
/kaggle/input/datasets/dhamur/cotton-plant-disease/Cotton leaves/40 Images/Powdery mildew/rotate_zoompil_brightness_24.jpg,cotton,cotton::Powdery mildew,Powdery mildew,4,1,train,,
/kaggle/input/datasets/dhamur/cotton-plant-disease/Cotton leaves/40 Images/Healthy/rotate_zoompil_color_34.jpg,cotton,cotton::Healthy,Healthy,3,1,train,,
/kaggle/working/exp02_robust_open_set/unknown_sources/cifar10/train/00429_ba8b2b8bffd4.png,cifar10,cifar10::ba8b2b8bffd4e425,Unclassified,6,0,train,animal,frog
/kaggle/input/datasets/dhamur/cotton-plant-disease/Cotton leaves/40 Images/Bacterial blight/rotate_zoompil_constract_9.jpg,cotton,cotton::Bacterial blight,Bacterial blight,2,1,train,,
/kaggle/input/datasets/dhamur/cotton-plant-disease/Cotton leaves/40 Images/Army worm/pil_color_29.jpg,cotton,cotton::Army worm,Army worm,1,1,train,,
/kaggle/input/datasets/dhamur/cotton-plant-disease/Cotton leaves/40 Images/Target spot/vertical_flippil_sharpness_5.jpg,cotton,cotton::Target spot,Target spot,5,1,train,,
/kaggle/input/datasets/dhamur/cotton-plant-disease/Cotton leaves/40 Images/Healthy/random_crop_26.jpg,cotton,cotton::Healthy,Healthy,3,1,train,,
/kaggle/input/datasets/dhamur/cotton-plant-disease/Cotton leaves/40 Images/Target spot/random_crop_pil_color_4.jpg,cotton,cotton::Target spot,Target spot,5,1,train,,
/kaggle/input/datasets/dhamur/cotton-plant-disease/Cotton leaves/40 Images/Target spot/rotate_zoompil_constract_23.jpg,cotton,cotton::Target spot,Target spot,5,1,train,,
/kaggle/working/exp02_robust_open_set/unknown_sources/cifar10/train/00370_c641b23d06f1.png,cifar10,cifar10::c641b23d06f12156,Unclassified,6,0,train,object_vehicle,automobile
/kaggle/input/datasets/dhamur/cotton-plant-disease/Cotton leaves/40 Images/Powdery mildew/vertical_flippil_sharpness_40.jpg,cotton,cotton::Powdery mildew,Powdery mildew,4,1,train,,
/kaggle/working/exp02_robust_open_set/unknown_sources/cifar10/train/00698_646612099d5f.png,cifar10,cifar10::646612099d5ffd60,Unclassified,6,0,train,animal,deer
/kaggle/input/datasets/dhamur/cotton-plant-disease/Cotton leaves/40 Images/Army worm/pil_sharpness_13.jpg,cotton,cotton::Army worm,Army worm,1,1,train,,
/kaggle/input/datasets/dhamur/cotton-plant-disease/Cotton leaves/40 Images/Healthy/40.jpg,cotton,cotton::Healthy,Healthy,3,1,train,,
/kaggle/input/datasets/dhamur/cotton-plant-disease/Cotton leaves/40 Images/Target spot/vertical_flippil_sharpness_21.jpg,cotton,cotton::Target spot,Target spot,5,1,train,,
/kaggle/input/datasets/dhamur/cotton-plant-disease/Cotton leaves/40 Images/Army worm/pil_sharpness_29.jpg,cotton,cotton::Army worm,Army worm,1,1,train,,
/kaggle/input/datasets/dhamur/cotton-plant-disease/Cotton leaves/40 Images/Target spot/random_crop_pil_color_3.jpg,cotton,cotton::Target spot,Target spot,5,1,train,,
/kaggle/input/datasets/dhamur/cotton-plant-disease/Cotton leaves/40 Images/Powdery mildew/rotate_zoompil_brightness_25.jpg,cotton,cotton::Powdery mildew,Powdery mildew,4,1,train,,
/kaggle/input/datasets/dhamur/cotton-plant-disease/Cotton leaves/40 Images/Bacterial blight/pil_constract_2.jpg,cotton,cotton::Bacterial blight,Bacterial blight,2,1,train,,
/kaggle/input/datasets/dhamur/cotton-plant-disease/Cotton leaves/40 Images/Bacterial blight/random_crop_pil_color_39.jpg,cotton,cotton::Bacterial blight,Bacterial blight,2,1,train,,
/kaggle/input/datasets/dhamur/cotton-plant-disease/Cotton leaves/40 Images/Healthy/rotate_zoompil_color_22.jpg,cotton,cotton::Healthy,Healthy,3,1,train,,
/kaggle/input/datasets/dhamur/cotton-plant-disease/Cotton leaves/40 Images/Aphids/random_crop_pil_sharpness_25.jpg,cotton,cotton::Aphids,Aphids,0,1,train,,
/kaggle/input/datasets/dhamur/cotton-plant-disease/Cotton leaves/40 Images/Aphids/vertical_flippil_color_40.jpg,cotton,cotton::Aphids,Aphids,0,1,train,,
/kaggle/input/datasets/dhamur/cotton-plant-disease/Cotton leaves/40 Images/Aphids/vertical_flippil_brightness_38.jpg,cotton,cotton::Aphids,Aphids,0,1,train,,
/kaggle/working/exp02_robust_open_set/unknown_sources/cifar10/train/00694_d920bc307dde.png,cifar10,cifar10::d920bc307dde0dcd,Unclassified,6,0,train,animal,dog
/kaggle/input/datasets/dhamur/cotton-plant-disease/Cotton leaves/40 Images/Powdery mildew/rotate_zoom32.jpg,cotton,cotton::Powdery mildew,Powdery mildew,4,1,train,,
/kaggle/input/datasets/dhamur/cotton-plant-disease/Cotton leaves/40 Images/Army worm/33.jpg,cotton,cotton::Army worm,Army worm,1,1,train,,
/kaggle/input/datasets/dhamur/cotton-plant-disease/Cotton leaves/40 Images/Aphids/rotate_zoompil_brightness_7.jpg,cotton,cotton::Aphids,Aphids,0,1,train,,
/kaggle/input/datasets/dhamur/cotton-plant-disease/Cotton leaves/40 Images/Aphids/random_crop_pil_brightness_4.jpg,cotton,cotton::Aphids,Aphids,0,1,train,,
/kaggle/input/datasets/dhamur/cotton-plant-disease/Cotton leaves/40 Images/Army worm/random_translation_pil_constract_6.jpg,cotton,cotton::Army worm,Army worm,1,1,train,,
/kaggle/working/exp02_robust_open_set/unknown_sources/cifar10/train/00655_4f752a39cd63.png,cifar10,cifar10::4f752a39cd63b9c0,Unclassified,6,0,train,animal,deer
/kaggle/input/datasets/dhamur/cotton-plant-disease/Cotton leaves/40 Images/Aphids/vertical_flippil_sharpness_35.jpg,cotton,cotton::Aphids,Aphids,0,1,train,,
/kaggle/input/datasets/dhamur/cotton-plant-disease/Cotton leaves/40 Images/Powdery mildew/rotate_zoompil_brightness_33.jpg,cotton,cotton::Powdery mildew,Powdery mildew,4,1,train,,
/kaggle/input/datasets/dhamur/cotton-plant-disease/Cotton leaves/40 Images/Aphids/random_crop_pil_brightness_20.jpg,cotton,cotton::Aphids,Aphids,0,1,train,,
/kaggle/input/datasets/dhamur/cotton-plant-disease/Cotton leaves/40 Images/Target spot/rotate_zoompil_brightness_23.jpg,cotton,cotton::Target spot,Target spot,5,1,train,,
/kaggle/input/datasets/dhamur/cotton-plant-disease/Cotton leaves/40 Images/Target spot/pil_constract_20.jpg,cotton,cotton::Target spot,Target spot,5,1,train,,
/kaggle/input/datasets/dhamur/cotton-plant-disease/Cotton leaves/40 Images/Bacterial blight/vertical_flippil_brightness_21.jpg,cotton,cotton::Bacterial blight,Bacterial blight,2,1,train,,
/kaggle/working/exp02_robust_open_set/unknown_sources/cifar10/train/00358_7e45500bfa86.png,cifar10,cifar10::7e45500bfa8605d8,Unclassified,6,0,train,animal,horse
/kaggle/input/datasets/dhamur/cotton-plant-disease/Cotton leaves/40 Images/Army worm/rotate_zoompil_sharpness_33.jpg,cotton,cotton::Army worm,Army worm,1,1,train,,
/kaggle/input/datasets/dhamur/cotton-plant-disease/Cotton leaves/40 Images/Healthy/random_crop_pil_color_30.jpg,cotton,cotton::Healthy,Healthy,3,1,train,,
/kaggle/input/datasets/dhamur/cotton-plant-disease/Cotton leaves/40 Images/Healthy/pil_constract_35.jpg,cotton,cotton::Healthy,Healthy,3,1,train,,
/kaggle/working/exp02_robust_open_set/unknown_sources/cifar10/train/00242_642dc5540584.png,cifar10,cifar10::642dc55405849c94,Unclassified,6,0,train,object_vehicle,truck
/kaggle/input/datasets/dhamur/cotton-plant-disease/Cotton leaves/40 Images/Aphids/pil_color_1.jpg,cotton,cotton::Aphids,Aphids,0,1,train,,
/kaggle/input/datasets/dhamur/cotton-plant-disease/Cotton leaves/40 Images/Bacterial blight/rotate_zoompil_brightness_32.jpg,cotton,cotton::Bacterial blight,Bacterial blight,2,1,train,,
/kaggle/working/exp02_robust_open_set/unknown_sources/cifar10/train/00409_3f1b479c6fba.png,cifar10,cifar10::3f1b479c6fbaed8e,Unclassified,6,0,train,animal,cat
/kaggle/input/datasets/dhamur/cotton-plant-disease/Cotton leaves/40 Images/Powdery mildew/random_crop_pil_constract_13.jpg,cotton,cotton::Powdery mildew,Powdery mildew,4,1,train,,
/kaggle/input/datasets/dhamur/cotton-plant-disease/Cotton leaves/40 Images/Target spot/vertical_flippil_constract_19.jpg,cotton,cotton::Target spot,Target spot,5,1,train,,
/kaggle/input/datasets/dhamur/cotton-plant-disease/Cotton leaves/40 Images/Bacterial blight/random_crop_pil_brightness_25.jpg,cotton,cotton::Bacterial blight,Bacterial blight,2,1,train,,
/kaggle/input/datasets/dhamur/cotton-plant-disease/Cotton leaves/40 Images/Army worm/rotate_zoompil_brightness_16.jpg,cotton,cotton::Army worm,Army worm,1,1,train,,
/kaggle/input/datasets/dhamur/cotton-plant-disease/Cotton leaves/40 Images/Army worm/vertical_flippil_constract_10.jpg,cotton,cotton::Army worm,Army worm,1,1,train,,
/kaggle/input/datasets/dhamur/cotton-plant-disease/Cotton leaves/40 Images/Target spot/rotate_zoompil_brightness_15.jpg,cotton,cotton::Target spot,Target spot,5,1,train,,
/kaggle/working/exp02_robust_open_set/unknown_sources/cifar10/train/00417_0125fad73bd4.png,cifar10,cifar10::0125fad73bd4bcab,Unclassified,6,0,train,animal,cat
/kaggle/input/datasets/dhamur/cotton-plant-disease/Cotton leaves/40 Images/Target spot/random_crop_pil_color_1.jpg,cotton,cotton::Target spot,Target spot,5,1,train,,
/kaggle/input/datasets/dhamur/cotton-plant-disease/Cotton leaves/40 Images/Healthy/39.jpg,cotton,cotton::Healthy,Healthy,3,1,train,,
/kaggle/working/exp02_robust_open_set/unknown_sources/cifar10/train/00410_c5bb69e3b2ec.png,cifar10,cifar10::c5bb69e3b2ec3a5f,Unclassified,6,0,train,animal,frog
/kaggle/input/datasets/dhamur/cotton-plant-disease/Cotton leaves/40 Images/Aphids/rotate_zoom31.jpg,cotton,cotton::Aphids,Aphids,0,1,train,,
/kaggle/input/datasets/dhamur/cotton-plant-disease/Cotton leaves/40 Images/Army worm/rotate_zoompil_sharpness_4.jpg,cotton,cotton::Army worm,Army worm,1,1,train,,
/kaggle/input/datasets/dhamur/cotton-plant-disease/Cotton leaves/40 Images/Target spot/random_crop_pil_sharpness_26.jpg,cotton,cotton::Target spot,Target spot,5,1,train,,
/kaggle/input/datasets/dhamur/cotton-plant-disease/Cotton leaves/40 Images/Aphids/random_crop_pil_constract_16.jpg,cotton,cotton::Aphids,Aphids,0,1,train,,
/kaggle/input/datasets/dhamur/cotton-plant-disease/Cotton leaves/40 Images/Target spot/random_crop_pil_sharpness_24.jpg,cotton,cotton::Target spot,Target spot,5,1,train,,
/kaggle/input/datasets/dhamur/cotton-plant-disease/Cotton leaves/40 Images/Powdery mildew/pil_brightness_2.jpg,cotton,cotton::Powdery mildew,Powdery mildew,4,1,train,,
/kaggle/working/exp02_robust_open_set/unknown_sources/cifar10/train/00198_e80590ba9051.png,cifar10,cifar10::e80590ba90513e18,Unclassified,6,0,train,animal,horse
/kaggle/input/datasets/dhamur/cotton-plant-disease/Cotton leaves/40 Images/Powdery mildew/random_crop_pil_sharpness_11.jpg,cotton,cotton::Powdery mildew,Powdery mildew,4,1,train,,
/kaggle/input/datasets/dhamur/cotton-plant-disease/Cotton leaves/40 Images/Target spot/vertical_flippil_sharpness_23.jpg,cotton,cotton::Target spot,Target spot,5,1,train,,
/kaggle/input/datasets/dhamur/cotton-plant-disease/Cotton leaves/40 Images/Bacterial blight/vertical_flippil_color_23.jpg,cotton,cotton::Bacterial blight,Bacterial blight,2,1,train,,
/kaggle/input/datasets/dhamur/cotton-plant-disease/Cotton leaves/40 Images/Target spot/vertical_flippil_constract_11.jpg,cotton,cotton::Target spot,Target spot,5,1,train,,
/kaggle/input/datasets/dhamur/cotton-plant-disease/Cotton leaves/40 Images/Healthy/random_crop_pil_constract_23.jpg,cotton,cotton::Healthy,Healthy,3,1,train,,
/kaggle/input/datasets/dhamur/cotton-plant-disease/Cotton leaves/40 Images/Aphids/vertical_flip14.jpg,cotton,cotton::Aphids,Aphids,0,1,train,,
/kaggle/input/datasets/dhamur/cotton-plant-disease/Cotton leaves/40 Images/Aphids/vertical_flippil_constract_34.jpg,cotton,cotton::Aphids,Aphids,0,1,train,,
/kaggle/input/datasets/dhamur/cotton-plant-disease/Cotton leaves/40 Images/Army worm/pil_sharpness_19.jpg,cotton,cotton::Army worm,Army worm,1,1,train,,
/kaggle/working/exp02_robust_open_set/unknown_sources/cifar10/train/00073_26a2484ab8fe.png,cifar10,cifar10::26a2484ab8febc70,Unclassified,6,0,train,object_vehicle,automobile
/kaggle/input/datasets/dhamur/cotton-plant-disease/Cotton leaves/40 Images/Army worm/rotate_zoompil_constract_8.jpg,cotton,cotton::Army worm,Army worm,1,1,train,,
/kaggle/input/datasets/dhamur/cotton-plant-disease/Cotton leaves/40 Images/Army worm/pil_brightness_9.jpg,cotton,cotton::Army worm,Army worm,1,1,train,,
/kaggle/input/datasets/dhamur/cotton-plant-disease/Cotton leaves/40 Images/Aphids/pil_brightness_33.jpg,cotton,cotton::Aphids,Aphids,0,1,train,,
/kaggle/input/datasets/dhamur/cotton-plant-disease/Cotton leaves/40 Images/Healthy/vertical_flippil_sharpness_1.jpg,cotton,cotton::Healthy,Healthy,3,1,train,,
/kaggle/input/datasets/dhamur/cotton-plant-disease/Cotton leaves/40 Images/Target spot/random_crop_pil_sharpness_37.jpg,cotton,cotton::Target spot,Target spot,5,1,train,,
/kaggle/input/datasets/dhamur/cotton-plant-disease/Cotton leaves/40 Images/Target spot/vertical_flippil_constract_14.jpg,cotton,cotton::Target spot,Target spot,5,1,train,,
/kaggle/input/datasets/dhamur/cotton-plant-disease/Cotton leaves/40 Images/Healthy/pil_color_15.jpg,cotton,cotton::Healthy,Healthy,3,1,train,,
/kaggle/input/datasets/dhamur/cotton-plant-disease/Cotton leaves/40 Images/Army worm/pil_color_35.jpg,cotton,cotton::Army worm,Army worm,1,1,train,,
/kaggle/input/datasets/dhamur/cotton-plant-disease/Cotton leaves/40 Images/Aphids/33.jpg,cotton,cotton::Aphids,Aphids,0,1,train,,
/kaggle/input/datasets/dhamur/cotton-plant-disease/Cotton leaves/40 Images/Bacterial blight/pil_constract_16.jpg,cotton,cotton::Bacterial blight,Bacterial blight,2,1,train,,
/kaggle/input/datasets/dhamur/cotton-plant-disease/Cotton leaves/40 Images/Target spot/pil_brightness_19.jpg,cotton,cotton::Target spot,Target spot,5,1,train,,
/kaggle/input/datasets/dhamur/cotton-plant-disease/Cotton leaves/40 Images/Army worm/rotate_zoompil_color_26.jpg,cotton,cotton::Army worm,Army worm,1,1,train,,
/kaggle/working/exp02_robust_open_set/unknown_sources/cifar10/train/00424_028870d09e4e.png,cifar10,cifar10::028870d09e4e8f55,Unclassified,6,0,train,animal,horse
/kaggle/input/datasets/dhamur/cotton-plant-disease/Cotton leaves/40 Images/Powdery mildew/pil_color_25.jpg,cotton,cotton::Powdery mildew,Powdery mildew,4,1,train,,
/kaggle/input/datasets/dhamur/cotton-plant-disease/Cotton leaves/40 Images/Aphids/rotate_zoom1.jpg,cotton,cotton::Aphids,Aphids,0,1,train,,
/kaggle/input/datasets/dhamur/cotton-plant-disease/Cotton leaves/40 Images/Powdery mildew/rotate_zoompil_constract_40.jpg,cotton,cotton::Powdery mildew,Powdery mildew,4,1,train,,
/kaggle/working/exp02_robust_open_set/unknown_sources/cifar10/train/00219_0fe33f982d7e.png,cifar10,cifar10::0fe33f982d7eacf0,Unclassified,6,0,train,object_vehicle,airplane
/kaggle/input/datasets/dhamur/cotton-plant-disease/Cotton leaves/40 Images/Powdery mildew/13.jpg,cotton,cotton::Powdery mildew,Powdery mildew,4,1,train,,
/kaggle/input/datasets/dhamur/cotton-plant-disease/Cotton leaves/40 Images/Healthy/rotate_zoompil_brightness_11.jpg,cotton,cotton::Healthy,Healthy,3,1,train,,
/kaggle/input/datasets/dhamur/cotton-plant-disease/Cotton leaves/40 Images/Target spot/vertical_flip2.jpg,cotton,cotton::Target spot,Target spot,5,1,train,,
/kaggle/input/datasets/dhamur/cotton-plant-disease/Cotton leaves/40 Images/Army worm/vertical_flippil_sharpness_31.jpg,cotton,cotton::Army worm,Army worm,1,1,train,,
/kaggle/input/datasets/dhamur/cotton-plant-disease/Cotton leaves/40 Images/Healthy/vertical_flippil_color_4.jpg,cotton,cotton::Healthy,Healthy,3,1,train,,
/kaggle/working/exp02_robust_open_set/unknown_sources/cifar10/train/00472_7463da8c42ea.png,cifar10,cifar10::7463da8c42ea8991,Unclassified,6,0,train,object_vehicle,truck
/kaggle/input/datasets/dhamur/cotton-plant-disease/Cotton leaves/40 Images/Target spot/rotate_zoom28.jpg,cotton,cotton::Target spot,Target spot,5,1,train,,
/kaggle/input/datasets/dhamur/cotton-plant-disease/Cotton leaves/40 Images/Aphids/rotate_zoompil_brightness_40.jpg,cotton,cotton::Aphids,Aphids,0,1,train,,
/kaggle/input/datasets/dhamur/cotton-plant-disease/Cotton leaves/40 Images/Healthy/vertical_flip20.jpg,cotton,cotton::Healthy,Healthy,3,1,train,,
/kaggle/input/datasets/dhamur/cotton-plant-disease/Cotton leaves/40 Images/Army worm/pil_sharpness_21.jpg,cotton,cotton::Army worm,Army worm,1,1,train,,
/kaggle/input/datasets/dhamur/cotton-plant-disease/Cotton leaves/40 Images/Target spot/vertical_flippil_color_19.jpg,cotton,cotton::Target spot,Target spot,5,1,train,,
/kaggle/input/datasets/dhamur/cotton-plant-disease/Cotton leaves/40 Images/Aphids/rotate_zoompil_color_33.jpg,cotton,cotton::Aphids,Aphids,0,1,train,,
/kaggle/input/datasets/dhamur/cotton-plant-disease/Cotton leaves/40 Images/Powdery mildew/26.jpg,cotton,cotton::Powdery mildew,Powdery mildew,4,1,train,,
/kaggle/input/datasets/dhamur/cotton-plant-disease/Cotton leaves/40 Images/Aphids/random_crop_pil_brightness_14.jpg,cotton,cotton::Aphids,Aphids,0,1,train,,
/kaggle/working/exp02_robust_open_set/unknown_sources/cifar10/train/00175_93b2b331960e.png,cifar10,cifar10::93b2b331960eaffe,Unclassified,6,0,train,animal,cat
/kaggle/input/datasets/dhamur/cotton-plant-disease/Cotton leaves/40 Images/Powdery mildew/pil_color_6.jpg,cotton,cotton::Powdery mildew,Powdery mildew,4,1,train,,
/kaggle/working/exp02_robust_open_set/unknown_sources/cifar10/train/00661_38d967dfa959.png,cifar10,cifar10::38d967dfa95988f1,Unclassified,6,0,train,object_vehicle,truck
/kaggle/input/datasets/dhamur/cotton-plant-disease/Cotton leaves/40 Images/Bacterial blight/vertical_flippil_sharpness_25.jpg,cotton,cotton::Bacterial blight,Bacterial blight,2,1,train,,
/kaggle/input/datasets/dhamur/cotton-plant-disease/Cotton leaves/40 Images/Bacterial blight/pil_brightness_15.jpg,cotton,cotton::Bacterial blight,Bacterial blight,2,1,train,,
/kaggle/input/datasets/dhamur/cotton-plant-disease/Cotton leaves/40 Images/Bacterial blight/rotate_zoom35.jpg,cotton,cotton::Bacterial blight,Bacterial blight,2,1,train,,
/kaggle/input/datasets/dhamur/cotton-plant-disease/Cotton leaves/40 Images/Powdery mildew/8.jpg,cotton,cotton::Powdery mildew,Powdery mildew,4,1,train,,
/kaggle/input/datasets/dhamur/cotton-plant-disease/Cotton leaves/40 Images/Healthy/pil_brightness_23.jpg,cotton,cotton::Healthy,Healthy,3,1,train,,
/kaggle/input/datasets/dhamur/cotton-plant-disease/Cotton leaves/40 Images/Bacterial blight/rotate_zoompil_brightness_34.jpg,cotton,cotton::Bacterial blight,Bacterial blight,2,1,train,,
/kaggle/input/datasets/dhamur/cotton-plant-disease/Cotton leaves/40 Images/Target spot/pil_brightness_10.jpg,cotton,cotton::Target spot,Target spot,5,1,train,,
/kaggle/input/datasets/dhamur/cotton-plant-disease/Cotton leaves/40 Images/Powdery mildew/vertical_flippil_constract_6.jpg,cotton,cotton::Powdery mildew,Powdery mildew,4,1,train,,
/kaggle/input/datasets/dhamur/cotton-plant-disease/Cotton leaves/40 Images/Powdery mildew/rotate_zoompil_color_21.jpg,cotton,cotton::Powdery mildew,Powdery mildew,4,1,train,,
/kaggle/input/datasets/dhamur/cotton-plant-disease/Cotton leaves/40 Images/Powdery mildew/pil_sharpness_34.jpg,cotton,cotton::Powdery mildew,Powdery mildew,4,1,train,,
/kaggle/input/datasets/dhamur/cotton-plant-disease/Cotton leaves/40 Images/Powdery mildew/rotate_zoompil_sharpness_5.jpg,cotton,cotton::Powdery mildew,Powdery mildew,4,1,train,,
/kaggle/input/datasets/dhamur/cotton-plant-disease/Cotton leaves/40 Images/Aphids/rotate_zoompil_constract_35.jpg,cotton,cotton::Aphids,Aphids,0,1,train,,
/kaggle/input/datasets/dhamur/cotton-plant-disease/Cotton leaves/40 Images/Healthy/pil_sharpness_4.jpg,cotton,cotton::Healthy,Healthy,3,1,train,,
/kaggle/input/datasets/dhamur/cotton-plant-disease/Cotton leaves/40 Images/Aphids/random_crop_pil_constract_38.jpg,cotton,cotton::Aphids,Aphids,0,1,train,,
/kaggle/input/datasets/dhamur/cotton-plant-disease/Cotton leaves/40 Images/Bacterial blight/pil_constract_31.jpg,cotton,cotton::Bacterial blight,Bacterial blight,2,1,train,,
/kaggle/input/datasets/dhamur/cotton-plant-disease/Cotton leaves/40 Images/Healthy/random_crop_pil_constract_10.jpg,cotton,cotton::Healthy,Healthy,3,1,train,,
/kaggle/working/exp02_robust_open_set/unknown_sources/cifar10/train/00456_63d302135911.png,cifar10,cifar10::63d3021359115fc3,Unclassified,6,0,train,object_vehicle,airplane
/kaggle/input/datasets/dhamur/cotton-plant-disease/Cotton leaves/40 Images/Target spot/vertical_flip11.jpg,cotton,cotton::Target spot,Target spot,5,1,train,,
/kaggle/input/datasets/dhamur/cotton-plant-disease/Cotton leaves/40 Images/Powdery mildew/rotate_zoompil_sharpness_18.jpg,cotton,cotton::Powdery mildew,Powdery mildew,4,1,train,,
/kaggle/input/datasets/dhamur/cotton-plant-disease/Cotton leaves/40 Images/Healthy/rotate_zoom25.jpg,cotton,cotton::Healthy,Healthy,3,1,train,,
/kaggle/input/datasets/dhamur/cotton-plant-disease/Cotton leaves/40 Images/Healthy/random_crop_pil_constract_9.jpg,cotton,cotton::Healthy,Healthy,3,1,train,,
/kaggle/working/exp02_robust_open_set/unknown_sources/cifar10/train/00484_75b797e823d4.png,cifar10,cifar10::75b797e823d435e7,Unclassified,6,0,train,object_vehicle,airplane
/kaggle/input/datasets/dhamur/cotton-plant-disease/Cotton leaves/40 Images/Powdery mildew/vertical_flip25.jpg,cotton,cotton::Powdery mildew,Powdery mildew,4,1,train,,
/kaggle/input/datasets/dhamur/cotton-plant-disease/Cotton leaves/40 Images/Aphids/rotate_zoompil_sharpness_4.jpg,cotton,cotton::Aphids,Aphids,0,1,train,,
/kaggle/input/datasets/dhamur/cotton-plant-disease/Cotton leaves/40 Images/Aphids/pil_constract_39.jpg,cotton,cotton::Aphids,Aphids,0,1,train,,
/kaggle/input/datasets/dhamur/cotton-plant-disease/Cotton leaves/40 Images/Bacterial blight/pil_color_27.jpg,cotton,cotton::Bacterial blight,Bacterial blight,2,1,train,,
/kaggle/input/datasets/dhamur/cotton-plant-disease/Cotton leaves/40 Images/Target spot/rotate_zoom7.jpg,cotton,cotton::Target spot,Target spot,5,1,train,,
/kaggle/working/exp02_robust_open_set/unknown_sources/cifar10/train/00543_3242ba33fab0.png,cifar10,cifar10::3242ba33fab0b26e,Unclassified,6,0,train,animal,frog
/kaggle/input/datasets/dhamur/cotton-plant-disease/Cotton leaves/40 Images/Healthy/random_crop_pil_color_37.jpg,cotton,cotton::Healthy,Healthy,3,1,train,,
/kaggle/input/datasets/dhamur/cotton-plant-disease/Cotton leaves/40 Images/Target spot/random_crop_pil_sharpness_30.jpg,cotton,cotton::Target spot,Target spot,5,1,train,,
/kaggle/input/datasets/dhamur/cotton-plant-disease/Cotton leaves/40 Images/Powdery mildew/rotate_zoom12.jpg,cotton,cotton::Powdery mildew,Powdery mildew,4,1,train,,
/kaggle/input/datasets/dhamur/cotton-plant-disease/Cotton leaves/40 Images/Healthy/rotate_zoompil_color_4.jpg,cotton,cotton::Healthy,Healthy,3,1,train,,
/kaggle/input/datasets/dhamur/cotton-plant-disease/Cotton leaves/40 Images/Army worm/rotate_zoompil_brightness_4.jpg,cotton,cotton::Army worm,Army worm,1,1,train,,
/kaggle/input/datasets/dhamur/cotton-plant-disease/Cotton leaves/40 Images/Bacterial blight/pil_brightness_29.jpg,cotton,cotton::Bacterial blight,Bacterial blight,2,1,train,,
/kaggle/input/datasets/dhamur/cotton-plant-disease/Cotton leaves/40 Images/Army worm/rotate_zoompil_sharpness_23.jpg,cotton,cotton::Army worm,Army worm,1,1,train,,
/kaggle/input/datasets/dhamur/cotton-plant-disease/Cotton leaves/40 Images/Healthy/rotate_zoompil_brightness_26.jpg,cotton,cotton::Healthy,Healthy,3,1,train,,
/kaggle/working/exp02_robust_open_set/unknown_sources/cifar10/train/00742_49b6314de346.png,cifar10,cifar10::49b6314de3466f7c,Unclassified,6,0,train,animal,horse
/kaggle/input/datasets/dhamur/cotton-plant-disease/Cotton leaves/40 Images/Powdery mildew/random_crop_pil_sharpness_8.jpg,cotton,cotton::Powdery mildew,Powdery mildew,4,1,train,,
/kaggle/input/datasets/dhamur/cotton-plant-disease/Cotton leaves/40 Images/Army worm/vertical_flippil_color_16.jpg,cotton,cotton::Army worm,Army worm,1,1,train,,
/kaggle/working/exp02_robust_open_set/unknown_sources/cifar10/train/00147_311b389326fc.png,cifar10,cifar10::311b389326fcd3b8,Unclassified,6,0,train,animal,horse
/kaggle/input/datasets/dhamur/cotton-plant-disease/Cotton leaves/40 Images/Aphids/rotate_zoom19.jpg,cotton,cotton::Aphids,Aphids,0,1,train,,
/kaggle/input/datasets/dhamur/cotton-plant-disease/Cotton leaves/40 Images/Army worm/pil_color_14.jpg,cotton,cotton::Army worm,Army worm,1,1,train,,
/kaggle/input/datasets/dhamur/cotton-plant-disease/Cotton leaves/40 Images/Powdery mildew/vertical_flip35.jpg,cotton,cotton::Powdery mildew,Powdery mildew,4,1,train,,
/kaggle/input/datasets/dhamur/cotton-plant-disease/Cotton leaves/40 Images/Powdery mildew/vertical_flippil_constract_26.jpg,cotton,cotton::Powdery mildew,Powdery mildew,4,1,train,,
/kaggle/input/datasets/dhamur/cotton-plant-disease/Cotton leaves/40 Images/Healthy/rotate_zoompil_sharpness_40.jpg,cotton,cotton::Healthy,Healthy,3,1,train,,
/kaggle/working/exp02_robust_open_set/unknown_sources/cifar10/train/00013_b0271871eff9.png,cifar10,cifar10::b0271871eff95133,Unclassified,6,0,train,animal,horse
/kaggle/working/exp02_robust_open_set/unknown_sources/cifar10/train/00798_db70bc052852.png,cifar10,cifar10::db70bc0528529e99,Unclassified,6,0,train,animal,deer
/kaggle/working/exp02_robust_open_set/unknown_sources/cifar10/train/00349_33b98ed4f92b.png,cifar10,cifar10::33b98ed4f92bf3f0,Unclassified,6,0,train,animal,horse
/kaggle/input/datasets/dhamur/cotton-plant-disease/Cotton leaves/40 Images/Bacterial blight/rotate_zoom4.jpg,cotton,cotton::Bacterial blight,Bacterial blight,2,1,train,,
/kaggle/input/datasets/dhamur/cotton-plant-disease/Cotton leaves/40 Images/Bacterial blight/vertical_flip33.jpg,cotton,cotton::Bacterial blight,Bacterial blight,2,1,train,,
/kaggle/input/datasets/dhamur/cotton-plant-disease/Cotton leaves/40 Images/Army worm/random_translation_37.jpg,cotton,cotton::Army worm,Army worm,1,1,train,,
/kaggle/working/exp02_robust_open_set/unknown_sources/cifar10/train/00544_67f0347afcbd.png,cifar10,cifar10::67f0347afcbda99a,Unclassified,6,0,train,animal,cat
/kaggle/working/exp02_robust_open_set/unknown_sources/cifar10/train/00595_bcc86645c968.png,cifar10,cifar10::bcc86645c9688df1,Unclassified,6,0,train,animal,deer
/kaggle/working/exp02_robust_open_set/unknown_sources/cifar10/train/00213_532dfce3028f.png,cifar10,cifar10::532dfce3028f7e55,Unclassified,6,0,train,object_vehicle,automobile
/kaggle/input/datasets/dhamur/cotton-plant-disease/Cotton leaves/40 Images/Healthy/27.jpg,cotton,cotton::Healthy,Healthy,3,1,train,,
/kaggle/input/datasets/dhamur/cotton-plant-disease/Cotton leaves/40 Images/Healthy/random_crop_pil_color_16.jpg,cotton,cotton::Healthy,Healthy,3,1,train,,
/kaggle/input/datasets/dhamur/cotton-plant-disease/Cotton leaves/40 Images/Target spot/rotate_zoompil_color_39.jpg,cotton,cotton::Target spot,Target spot,5,1,train,,
/kaggle/input/datasets/dhamur/cotton-plant-disease/Cotton leaves/40 Images/Healthy/random_crop_pil_brightness_27.jpg,cotton,cotton::Healthy,Healthy,3,1,train,,
/kaggle/input/datasets/dhamur/cotton-plant-disease/Cotton leaves/40 Images/Aphids/pil_color_31.jpg,cotton,cotton::Aphids,Aphids,0,1,train,,
/kaggle/input/datasets/dhamur/cotton-plant-disease/Cotton leaves/40 Images/Target spot/rotate_zoompil_brightness_30.jpg,cotton,cotton::Target spot,Target spot,5,1,train,,
/kaggle/input/datasets/dhamur/cotton-plant-disease/Cotton leaves/40 Images/Aphids/rotate_zoompil_color_17.jpg,cotton,cotton::Aphids,Aphids,0,1,train,,
/kaggle/input/datasets/dhamur/cotton-plant-disease/Cotton leaves/40 Images/Bacterial blight/random_crop_39.jpg,cotton,cotton::Bacterial blight,Bacterial blight,2,1,train,,
/kaggle/working/exp02_robust_open_set/unknown_sources/cifar10/train/00428_eaf90468a340.png,cifar10,cifar10::eaf90468a340d468,Unclassified,6,0,train,object_vehicle,ship
/kaggle/input/datasets/dhamur/cotton-plant-disease/Cotton leaves/40 Images/Powdery mildew/11.jpg,cotton,cotton::Powdery mildew,Powdery mildew,4,1,train,,
/kaggle/input/datasets/dhamur/cotton-plant-disease/Cotton leaves/40 Images/Healthy/vertical_flippil_constract_18.jpg,cotton,cotton::Healthy,Healthy,3,1,train,,
/kaggle/working/exp02_robust_open_set/unknown_sources/cifar10/train/00079_3beadaf4edcb.png,cifar10,cifar10::3beadaf4edcb45c3,Unclassified,6,0,train,animal,frog
/kaggle/input/datasets/dhamur/cotton-plant-disease/Cotton leaves/40 Images/Army worm/random_translation_pil_constract_22.jpg,cotton,cotton::Army worm,Army worm,1,1,train,,
/kaggle/input/datasets/dhamur/cotton-plant-disease/Cotton leaves/40 Images/Army worm/vertical_flippil_color_38.jpg,cotton,cotton::Army worm,Army worm,1,1,train,,
/kaggle/input/datasets/dhamur/cotton-plant-disease/Cotton leaves/40 Images/Aphids/vertical_flip21.jpg,cotton,cotton::Aphids,Aphids,0,1,train,,
/kaggle/input/datasets/dhamur/cotton-plant-disease/Cotton leaves/40 Images/Powdery mildew/38.jpg,cotton,cotton::Powdery mildew,Powdery mildew,4,1,train,,
/kaggle/input/datasets/dhamur/cotton-plant-disease/Cotton leaves/40 Images/Target spot/random_crop_3.jpg,cotton,cotton::Target spot,Target spot,5,1,train,,
/kaggle/input/datasets/dhamur/cotton-plant-disease/Cotton leaves/40 Images/Powdery mildew/random_crop_pil_constract_24.jpg,cotton,cotton::Powdery mildew,Powdery mildew,4,1,train,,
/kaggle/working/exp02_robust_open_set/unknown_sources/cifar10/train/00651_4d1b0dc7410d.png,cifar10,cifar10::4d1b0dc7410dbe32,Unclassified,6,0,train,object_vehicle,ship
/kaggle/input/datasets/dhamur/cotton-plant-disease/Cotton leaves/40 Images/Powdery mildew/pil_brightness_6.jpg,cotton,cotton::Powdery mildew,Powdery mildew,4,1,train,,
/kaggle/input/datasets/dhamur/cotton-plant-disease/Cotton leaves/40 Images/Army worm/pil_color_36.jpg,cotton,cotton::Army worm,Army worm,1,1,train,,
/kaggle/input/datasets/dhamur/cotton-plant-disease/Cotton leaves/40 Images/Powdery mildew/pil_sharpness_4.jpg,cotton,cotton::Powdery mildew,Powdery mildew,4,1,train,,
/kaggle/working/exp02_robust_open_set/unknown_sources/cifar10/train/00631_a6323207e898.png,cifar10,cifar10::a6323207e8984150,Unclassified,6,0,train,animal,horse
/kaggle/working/exp02_robust_open_set/unknown_sources/cifar10/train/00067_fc420622fdfa.png,cifar10,cifar10::fc420622fdfa618e,Unclassified,6,0,train,animal,frog
/kaggle/working/exp02_robust_open_set/unknown_sources/cifar10/train/00028_2749bbd1a8b0.png,cifar10,cifar10::2749bbd1a8b03f66,Unclassified,6,0,train,object_vehicle,automobile
/kaggle/input/datasets/dhamur/cotton-plant-disease/Cotton leaves/40 Images/Bacterial blight/pil_sharpness_7.jpg,cotton,cotton::Bacterial blight,Bacterial blight,2,1,train,,
/kaggle/input/datasets/dhamur/cotton-plant-disease/Cotton leaves/40 Images/Healthy/rotate_zoompil_color_27.jpg,cotton,cotton::Healthy,Healthy,3,1,train,,
/kaggle/input/datasets/dhamur/cotton-plant-disease/Cotton leaves/40 Images/Bacterial blight/random_crop_pil_sharpness_37.jpg,cotton,cotton::Bacterial blight,Bacterial blight,2,1,train,,
/kaggle/working/exp02_robust_open_set/unknown_sources/cifar10/train/00650_67e8a1975ba0.png,cifar10,cifar10::67e8a1975ba05f8f,Unclassified,6,0,train,object_vehicle,truck
/kaggle/input/datasets/dhamur/cotton-plant-disease/Cotton leaves/40 Images/Powdery mildew/vertical_flippil_sharpness_20.jpg,cotton,cotton::Powdery mildew,Powdery mildew,4,1,train,,
/kaggle/input/datasets/dhamur/cotton-plant-disease/Cotton leaves/40 Images/Army worm/rotate_zoompil_constract_29.jpg,cotton,cotton::Army worm,Army worm,1,1,train,,
/kaggle/input/datasets/dhamur/cotton-plant-disease/Cotton leaves/40 Images/Bacterial blight/pil_constract_18.jpg,cotton,cotton::Bacterial blight,Bacterial blight,2,1,train,,
/kaggle/input/datasets/dhamur/cotton-plant-disease/Cotton leaves/40 Images/Bacterial blight/random_crop_38.jpg,cotton,cotton::Bacterial blight,Bacterial blight,2,1,train,,
/kaggle/input/datasets/dhamur/cotton-plant-disease/Cotton leaves/40 Images/Target spot/31.jpg,cotton,cotton::Target spot,Target spot,5,1,train,,
/kaggle/input/datasets/dhamur/cotton-plant-disease/Cotton leaves/40 Images/Bacterial blight/vertical_flippil_brightness_36.jpg,cotton,cotton::Bacterial blight,Bacterial blight,2,1,train,,
/kaggle/input/datasets/dhamur/cotton-plant-disease/Cotton leaves/40 Images/Aphids/vertical_flippil_brightness_24_.jpg,cotton,cotton::Aphids,Aphids,0,1,train,,
/kaggle/input/datasets/dhamur/cotton-plant-disease/Cotton leaves/40 Images/Target spot/random_crop_pil_color_12.jpg,cotton,cotton::Target spot,Target spot,5,1,train,,
/kaggle/input/datasets/dhamur/cotton-plant-disease/Cotton leaves/40 Images/Aphids/vertical_flippil_brightness_15.jpg,cotton,cotton::Aphids,Aphids,0,1,train,,
/kaggle/input/datasets/dhamur/cotton-plant-disease/Cotton leaves/40 Images/Healthy/random_crop_pil_color_33.jpg,cotton,cotton::Healthy,Healthy,3,1,train,,
/kaggle/input/datasets/dhamur/cotton-plant-disease/Cotton leaves/40 Images/Bacterial blight/rotate_zoompil_color_8.jpg,cotton,cotton::Bacterial blight,Bacterial blight,2,1,train,,
/kaggle/working/exp02_robust_open_set/unknown_sources/cifar10/train/00706_d5c95b5c2532.png,cifar10,cifar10::d5c95b5c2532efbc,Unclassified,6,0,train,object_vehicle,ship
/kaggle/input/datasets/dhamur/cotton-plant-disease/Cotton leaves/40 Images/Target spot/random_crop_pil_constract_8.jpg,cotton,cotton::Target spot,Target spot,5,1,train,,
/kaggle/input/datasets/dhamur/cotton-plant-disease/Cotton leaves/40 Images/Healthy/rotate_zoompil_brightness_20.jpg,cotton,cotton::Healthy,Healthy,3,1,train,,
/kaggle/input/datasets/dhamur/cotton-plant-disease/Cotton leaves/40 Images/Bacterial blight/rotate_zoompil_sharpness_29.jpg,cotton,cotton::Bacterial blight,Bacterial blight,2,1,train,,
/kaggle/input/datasets/dhamur/cotton-plant-disease/Cotton leaves/40 Images/Aphids/vertical_flip25.jpg,cotton,cotton::Aphids,Aphids,0,1,train,,
/kaggle/working/exp02_robust_open_set/unknown_sources/cifar10/train/00283_005962d7737f.png,cifar10,cifar10::005962d7737fc236,Unclassified,6,0,train,animal,deer
/kaggle/input/datasets/dhamur/cotton-plant-disease/Cotton leaves/40 Images/Healthy/random_crop_pil_constract_19.jpg,cotton,cotton::Healthy,Healthy,3,1,train,,
/kaggle/input/datasets/dhamur/cotton-plant-disease/Cotton leaves/40 Images/Healthy/rotate_zoompil_brightness_27.jpg,cotton,cotton::Healthy,Healthy,3,1,train,,
/kaggle/input/datasets/dhamur/cotton-plant-disease/Cotton leaves/40 Images/Target spot/random_crop_pil_constract_14.jpg,cotton,cotton::Target spot,Target spot,5,1,train,,
/kaggle/input/datasets/dhamur/cotton-plant-disease/Cotton leaves/40 Images/Bacterial blight/vertical_flippil_constract_24.jpg,cotton,cotton::Bacterial blight,Bacterial blight,2,1,train,,
/kaggle/working/exp02_robust_open_set/unknown_sources/cifar10/train/00027_e790fe81c65c.png,cifar10,cifar10::e790fe81c65cf65f,Unclassified,6,0,train,animal,horse
/kaggle/input/datasets/dhamur/cotton-plant-disease/Cotton leaves/40 Images/Bacterial blight/random_crop_pil_sharpness_38.jpg,cotton,cotton::Bacterial blight,Bacterial blight,2,1,train,,
/kaggle/input/datasets/dhamur/cotton-plant-disease/Cotton leaves/40 Images/Aphids/vertical_flippil_color_34.jpg,cotton,cotton::Aphids,Aphids,0,1,train,,
/kaggle/input/datasets/dhamur/cotton-plant-disease/Cotton leaves/40 Images/Powdery mildew/vertical_flippil_sharpness_14.jpg,cotton,cotton::Powdery mildew,Powdery mildew,4,1,train,,
/kaggle/input/datasets/dhamur/cotton-plant-disease/Cotton leaves/40 Images/Healthy/vertical_flippil_brightness_1.jpg,cotton,cotton::Healthy,Healthy,3,1,train,,
/kaggle/input/datasets/dhamur/cotton-plant-disease/Cotton leaves/40 Images/Aphids/pil_brightness_22_.jpg,cotton,cotton::Aphids,Aphids,0,1,train,,
/kaggle/input/datasets/dhamur/cotton-plant-disease/Cotton leaves/40 Images/Aphids/vertical_flippil_color_17.jpg,cotton,cotton::Aphids,Aphids,0,1,train,,
/kaggle/input/datasets/dhamur/cotton-plant-disease/Cotton leaves/40 Images/Healthy/random_crop_pil_sharpness_36.jpg,cotton,cotton::Healthy,Healthy,3,1,train,,
/kaggle/working/exp02_robust_open_set/unknown_sources/cifar10/train/00700_29079c9b315d.png,cifar10,cifar10::29079c9b315d9eb9,Unclassified,6,0,train,object_vehicle,ship
/kaggle/input/datasets/dhamur/cotton-plant-disease/Cotton leaves/40 Images/Army worm/20.jpg,cotton,cotton::Army worm,Army worm,1,1,train,,
/kaggle/working/exp02_robust_open_set/unknown_sources/cifar10/train/00455_01e16531ff57.png,cifar10,cifar10::01e16531ff576e36,Unclassified,6,0,train,object_vehicle,truck
/kaggle/input/datasets/dhamur/cotton-plant-disease/Cotton leaves/40 Images/Aphids/pil_constract_35.jpg,cotton,cotton::Aphids,Aphids,0,1,train,,
/kaggle/input/datasets/dhamur/cotton-plant-disease/Cotton leaves/40 Images/Target spot/pil_sharpness_10.jpg,cotton,cotton::Target spot,Target spot,5,1,train,,
/kaggle/input/datasets/dhamur/cotton-plant-disease/Cotton leaves/40 Images/Target spot/vertical_flip7.jpg,cotton,cotton::Target spot,Target spot,5,1,train,,
/kaggle/input/datasets/dhamur/cotton-plant-disease/Cotton leaves/40 Images/Army worm/vertical_flippil_brightness_26.jpg,cotton,cotton::Army worm,Army worm,1,1,train,,
/kaggle/working/exp02_robust_open_set/unknown_sources/cifar10/train/00186_d95a7336be04.png,cifar10,cifar10::d95a7336be047e13,Unclassified,6,0,train,animal,dog
/kaggle/working/exp02_robust_open_set/unknown_sources/cifar10/train/00140_dc9ce909c4e6.png,cifar10,cifar10::dc9ce909c4e6b87b,Unclassified,6,0,train,animal,dog
/kaggle/input/datasets/dhamur/cotton-plant-disease/Cotton leaves/40 Images/Bacterial blight/pil_color_7.jpg,cotton,cotton::Bacterial blight,Bacterial blight,2,1,train,,
/kaggle/input/datasets/dhamur/cotton-plant-disease/Cotton leaves/40 Images/Target spot/vertical_flippil_brightness_29.jpg,cotton,cotton::Target spot,Target spot,5,1,train,,
/kaggle/input/datasets/dhamur/cotton-plant-disease/Cotton leaves/40 Images/Target spot/vertical_flippil_sharpness_20.jpg,cotton,cotton::Target spot,Target spot,5,1,train,,
/kaggle/input/datasets/dhamur/cotton-plant-disease/Cotton leaves/40 Images/Army worm/pil_constract_12.jpg,cotton,cotton::Army worm,Army worm,1,1,train,,
/kaggle/input/datasets/dhamur/cotton-plant-disease/Cotton leaves/40 Images/Healthy/random_crop_pil_sharpness_18.jpg,cotton,cotton::Healthy,Healthy,3,1,train,,
/kaggle/working/exp02_robust_open_set/unknown_sources/cifar10/train/00763_0f32fbea4a85.png,cifar10,cifar10::0f32fbea4a85b053,Unclassified,6,0,train,animal,cat
/kaggle/input/datasets/dhamur/cotton-plant-disease/Cotton leaves/40 Images/Powdery mildew/rotate_zoom38.jpg,cotton,cotton::Powdery mildew,Powdery mildew,4,1,train,,
/kaggle/working/exp02_robust_open_set/unknown_sources/cifar10/train/00552_144564efbdbf.png,cifar10,cifar10::144564efbdbf4553,Unclassified,6,0,train,animal,bird
/kaggle/working/exp02_robust_open_set/unknown_sources/cifar10/train/00273_9613ced45026.png,cifar10,cifar10::9613ced45026eecc,Unclassified,6,0,train,animal,deer
/kaggle/input/datasets/dhamur/cotton-plant-disease/Cotton leaves/40 Images/Powdery mildew/rotate_zoompil_brightness_23.jpg,cotton,cotton::Powdery mildew,Powdery mildew,4,1,train,,
/kaggle/input/datasets/dhamur/cotton-plant-disease/Cotton leaves/40 Images/Healthy/vertical_flippil_constract_9.jpg,cotton,cotton::Healthy,Healthy,3,1,train,,
/kaggle/input/datasets/dhamur/cotton-plant-disease/Cotton leaves/40 Images/Army worm/rotate_zoompil_brightness_37.jpg,cotton,cotton::Army worm,Army worm,1,1,train,,
/kaggle/input/datasets/dhamur/cotton-plant-disease/Cotton leaves/40 Images/Army worm/rotate_zoompil_sharpness_13.jpg,cotton,cotton::Army worm,Army worm,1,1,train,,
/kaggle/input/datasets/dhamur/cotton-plant-disease/Cotton leaves/40 Images/Powdery mildew/rotate_zoompil_brightness_3.jpg,cotton,cotton::Powdery mildew,Powdery mildew,4,1,train,,
/kaggle/working/exp02_robust_open_set/unknown_sources/cifar10/train/00499_88a8080e3028.png,cifar10,cifar10::88a8080e3028c737,Unclassified,6,0,train,object_vehicle,ship
/kaggle/input/datasets/dhamur/cotton-plant-disease/Cotton leaves/40 Images/Bacterial blight/random_crop_pil_brightness_33.jpg,cotton,cotton::Bacterial blight,Bacterial blight,2,1,train,,
/kaggle/input/datasets/dhamur/cotton-plant-disease/Cotton leaves/40 Images/Powdery mildew/random_crop_pil_color_22.jpg,cotton,cotton::Powdery mildew,Powdery mildew,4,1,train,,
/kaggle/input/datasets/dhamur/cotton-plant-disease/Cotton leaves/40 Images/Target spot/vertical_flippil_constract_37.jpg,cotton,cotton::Target spot,Target spot,5,1,train,,
/kaggle/input/datasets/dhamur/cotton-plant-disease/Cotton leaves/40 Images/Powdery mildew/vertical_flippil_sharpness_27.jpg,cotton,cotton::Powdery mildew,Powdery mildew,4,1,train,,
/kaggle/input/datasets/dhamur/cotton-plant-disease/Cotton leaves/40 Images/Bacterial blight/vertical_flippil_sharpness_12.jpg,cotton,cotton::Bacterial blight,Bacterial blight,2,1,train,,
/kaggle/input/datasets/dhamur/cotton-plant-disease/Cotton leaves/40 Images/Powdery mildew/rotate_zoom21.jpg,cotton,cotton::Powdery mildew,Powdery mildew,4,1,train,,
/kaggle/input/datasets/dhamur/cotton-plant-disease/Cotton leaves/40 Images/Powdery mildew/rotate_zoompil_color_18.jpg,cotton,cotton::Powdery mildew,Powdery mildew,4,1,train,,
/kaggle/input/datasets/dhamur/cotton-plant-disease/Cotton leaves/40 Images/Powdery mildew/vertical_flippil_color_37.jpg,cotton,cotton::Powdery mildew,Powdery mildew,4,1,train,,
/kaggle/input/datasets/dhamur/cotton-plant-disease/Cotton leaves/40 Images/Bacterial blight/vertical_flippil_color_3.jpg,cotton,cotton::Bacterial blight,Bacterial blight,2,1,train,,
/kaggle/input/datasets/dhamur/cotton-plant-disease/Cotton leaves/40 Images/Healthy/rotate_zoompil_constract_29.jpg,cotton,cotton::Healthy,Healthy,3,1,train,,
/kaggle/input/datasets/dhamur/cotton-plant-disease/Cotton leaves/40 Images/Army worm/rotate_zoom25.jpg,cotton,cotton::Army worm,Army worm,1,1,train,,
/kaggle/input/datasets/dhamur/cotton-plant-disease/Cotton leaves/40 Images/Powdery mildew/rotate_zoompil_brightness_28.jpg,cotton,cotton::Powdery mildew,Powdery mildew,4,1,train,,
/kaggle/input/datasets/dhamur/cotton-plant-disease/Cotton leaves/40 Images/Army worm/vertical_flippil_brightness_3.jpg,cotton,cotton::Army worm,Army worm,1,1,train,,
/kaggle/input/datasets/dhamur/cotton-plant-disease/Cotton leaves/40 Images/Healthy/random_crop_pil_sharpness_16.jpg,cotton,cotton::Healthy,Healthy,3,1,train,,
/kaggle/input/datasets/dhamur/cotton-plant-disease/Cotton leaves/40 Images/Target spot/rotate_zoompil_sharpness_8.jpg,cotton,cotton::Target spot,Target spot,5,1,train,,
/kaggle/input/datasets/dhamur/cotton-plant-disease/Cotton leaves/40 Images/Army worm/pil_brightness_27.jpg,cotton,cotton::Army worm,Army worm,1,1,train,,
/kaggle/input/datasets/dhamur/cotton-plant-disease/Cotton leaves/40 Images/Target spot/random_crop_pil_constract_7.jpg,cotton,cotton::Target spot,Target spot,5,1,train,,
/kaggle/input/datasets/dhamur/cotton-plant-disease/Cotton leaves/40 Images/Bacterial blight/vertical_flip5.jpg,cotton,cotton::Bacterial blight,Bacterial blight,2,1,train,,
/kaggle/input/datasets/dhamur/cotton-plant-disease/Cotton leaves/40 Images/Target spot/pil_color_23.jpg,cotton,cotton::Target spot,Target spot,5,1,train,,
/kaggle/input/datasets/dhamur/cotton-plant-disease/Cotton leaves/40 Images/Bacterial blight/vertical_flippil_color_9.jpg,cotton,cotton::Bacterial blight,Bacterial blight,2,1,train,,
/kaggle/working/exp02_robust_open_set/unknown_sources/cifar10/train/00145_37a6713e2f70.png,cifar10,cifar10::37a6713e2f70ebee,Unclassified,6,0,train,animal,dog
/kaggle/input/datasets/dhamur/cotton-plant-disease/Cotton leaves/40 Images/Target spot/26.jpg,cotton,cotton::Target spot,Target spot,5,1,train,,
/kaggle/input/datasets/dhamur/cotton-plant-disease/Cotton leaves/40 Images/Healthy/random_crop_pil_sharpness_8.jpg,cotton,cotton::Healthy,Healthy,3,1,train,,
/kaggle/input/datasets/dhamur/cotton-plant-disease/Cotton leaves/40 Images/Army worm/pil_constract_5.jpg,cotton,cotton::Army worm,Army worm,1,1,train,,
/kaggle/input/datasets/dhamur/cotton-plant-disease/Cotton leaves/40 Images/Aphids/vertical_flip26.jpg,cotton,cotton::Aphids,Aphids,0,1,train,,
/kaggle/input/datasets/dhamur/cotton-plant-disease/Cotton leaves/40 Images/Aphids/random_crop_pil_sharpness_26.jpg,cotton,cotton::Aphids,Aphids,0,1,train,,
/kaggle/input/datasets/dhamur/cotton-plant-disease/Cotton leaves/40 Images/Army worm/random_translation_20.jpg,cotton,cotton::Army worm,Army worm,1,1,train,,
/kaggle/input/datasets/dhamur/cotton-plant-disease/Cotton leaves/40 Images/Powdery mildew/vertical_flippil_sharpness_7.jpg,cotton,cotton::Powdery mildew,Powdery mildew,4,1,train,,
/kaggle/input/datasets/dhamur/cotton-plant-disease/Cotton leaves/40 Images/Army worm/random_translation_pil_color_30.jpg,cotton,cotton::Army worm,Army worm,1,1,train,,
/kaggle/input/datasets/dhamur/cotton-plant-disease/Cotton leaves/40 Images/Army worm/vertical_flippil_sharpness_40.jpg,cotton,cotton::Army worm,Army worm,1,1,train,,
/kaggle/input/datasets/dhamur/cotton-plant-disease/Cotton leaves/40 Images/Bacterial blight/vertical_flippil_color_21.jpg,cotton,cotton::Bacterial blight,Bacterial blight,2,1,train,,
/kaggle/input/datasets/dhamur/cotton-plant-disease/Cotton leaves/40 Images/Army worm/random_translation_pil_color_3.jpg,cotton,cotton::Army worm,Army worm,1,1,train,,
/kaggle/input/datasets/dhamur/cotton-plant-disease/Cotton leaves/40 Images/Target spot/rotate_zoompil_constract_30.jpg,cotton,cotton::Target spot,Target spot,5,1,train,,
/kaggle/input/datasets/dhamur/cotton-plant-disease/Cotton leaves/40 Images/Powdery mildew/random_crop_pil_color_15.jpg,cotton,cotton::Powdery mildew,Powdery mildew,4,1,train,,
/kaggle/input/datasets/dhamur/cotton-plant-disease/Cotton leaves/40 Images/Aphids/rotate_zoompil_brightness_9.jpg,cotton,cotton::Aphids,Aphids,0,1,train,,
/kaggle/working/exp02_robust_open_set/unknown_sources/cifar10/train/00666_4cde034399d1.png,cifar10,cifar10::4cde034399d16f20,Unclassified,6,0,train,object_vehicle,airplane
/kaggle/input/datasets/dhamur/cotton-plant-disease/Cotton leaves/40 Images/Healthy/vertical_flippil_sharpness_9.jpg,cotton,cotton::Healthy,Healthy,3,1,train,,
/kaggle/input/datasets/dhamur/cotton-plant-disease/Cotton leaves/40 Images/Healthy/vertical_flippil_color_29.jpg,cotton,cotton::Healthy,Healthy,3,1,train,,
/kaggle/input/datasets/dhamur/cotton-plant-disease/Cotton leaves/40 Images/Target spot/pil_sharpness_40.jpg,cotton,cotton::Target spot,Target spot,5,1,train,,
/kaggle/input/datasets/dhamur/cotton-plant-disease/Cotton leaves/40 Images/Army worm/vertical_flippil_constract_14.jpg,cotton,cotton::Army worm,Army worm,1,1,train,,
/kaggle/input/datasets/dhamur/cotton-plant-disease/Cotton leaves/40 Images/Bacterial blight/vertical_flippil_constract_8.jpg,cotton,cotton::Bacterial blight,Bacterial blight,2,1,train,,
/kaggle/input/datasets/dhamur/cotton-plant-disease/Cotton leaves/40 Images/Target spot/random_crop_pil_constract_32.jpg,cotton,cotton::Target spot,Target spot,5,1,train,,
/kaggle/input/datasets/dhamur/cotton-plant-disease/Cotton leaves/40 Images/Healthy/random_crop_33.jpg,cotton,cotton::Healthy,Healthy,3,1,train,,
/kaggle/input/datasets/dhamur/cotton-plant-disease/Cotton leaves/40 Images/Bacterial blight/random_crop_pil_brightness_18.jpg,cotton,cotton::Bacterial blight,Bacterial blight,2,1,train,,
/kaggle/input/datasets/dhamur/cotton-plant-disease/Cotton leaves/40 Images/Target spot/vertical_flippil_constract_29.jpg,cotton,cotton::Target spot,Target spot,5,1,train,,
/kaggle/input/datasets/dhamur/cotton-plant-disease/Cotton leaves/40 Images/Aphids/vertical_flippil_sharpness_36.jpg,cotton,cotton::Aphids,Aphids,0,1,train,,
/kaggle/input/datasets/dhamur/cotton-plant-disease/Cotton leaves/40 Images/Powdery mildew/rotate_zoompil_constract_4.jpg,cotton,cotton::Powdery mildew,Powdery mildew,4,1,train,,
/kaggle/input/datasets/dhamur/cotton-plant-disease/Cotton leaves/40 Images/Bacterial blight/rotate_zoom2.jpg,cotton,cotton::Bacterial blight,Bacterial blight,2,1,train,,
/kaggle/input/datasets/dhamur/cotton-plant-disease/Cotton leaves/40 Images/Army worm/vertical_flippil_sharpness_37.jpg,cotton,cotton::Army worm,Army worm,1,1,train,,
/kaggle/input/datasets/dhamur/cotton-plant-disease/Cotton leaves/40 Images/Target spot/random_crop_pil_constract_37.jpg,cotton,cotton::Target spot,Target spot,5,1,train,,
/kaggle/input/datasets/dhamur/cotton-plant-disease/Cotton leaves/40 Images/Target spot/random_crop_pil_brightness_12.jpg,cotton,cotton::Target spot,Target spot,5,1,train,,
/kaggle/input/datasets/dhamur/cotton-plant-disease/Cotton leaves/40 Images/Aphids/rotate_zoom10.jpg,cotton,cotton::Aphids,Aphids,0,1,train,,
/kaggle/input/datasets/dhamur/cotton-plant-disease/Cotton leaves/40 Images/Powdery mildew/vertical_flip14.jpg,cotton,cotton::Powdery mildew,Powdery mildew,4,1,train,,
/kaggle/input/datasets/dhamur/cotton-plant-disease/Cotton leaves/40 Images/Bacterial blight/vertical_flippil_sharpness_26.jpg,cotton,cotton::Bacterial blight,Bacterial blight,2,1,train,,
/kaggle/input/datasets/dhamur/cotton-plant-disease/Cotton leaves/40 Images/Healthy/vertical_flippil_color_24.jpg,cotton,cotton::Healthy,Healthy,3,1,train,,
/kaggle/input/datasets/dhamur/cotton-plant-disease/Cotton leaves/40 Images/Aphids/vertical_flippil_brightness_27.jpg,cotton,cotton::Aphids,Aphids,0,1,train,,
/kaggle/working/exp02_robust_open_set/unknown_sources/cifar10/train/00161_4119913f9e63.png,cifar10,cifar10::4119913f9e63e43c,Unclassified,6,0,train,object_vehicle,truck
/kaggle/input/datasets/dhamur/cotton-plant-disease/Cotton leaves/40 Images/Aphids/rotate_zoompil_brightness_13.jpg,cotton,cotton::Aphids,Aphids,0,1,train,,
/kaggle/input/datasets/dhamur/cotton-plant-disease/Cotton leaves/40 Images/Army worm/random_translation_pil_color_22.jpg,cotton,cotton::Army worm,Army worm,1,1,train,,
/kaggle/input/datasets/dhamur/cotton-plant-disease/Cotton leaves/40 Images/Bacterial blight/rotate_zoompil_color_38.jpg,cotton,cotton::Bacterial blight,Bacterial blight,2,1,train,,
/kaggle/input/datasets/dhamur/cotton-plant-disease/Cotton leaves/40 Images/Powdery mildew/pil_constract_32.jpg,cotton,cotton::Powdery mildew,Powdery mildew,4,1,train,,
/kaggle/input/datasets/dhamur/cotton-plant-disease/Cotton leaves/40 Images/Aphids/pil_brightness_15.jpg,cotton,cotton::Aphids,Aphids,0,1,train,,
/kaggle/input/datasets/dhamur/cotton-plant-disease/Cotton leaves/40 Images/Army worm/rotate_zoompil_color_33.jpg,cotton,cotton::Army worm,Army worm,1,1,train,,
/kaggle/working/exp02_robust_open_set/unknown_sources/cifar10/train/00334_3c829d61b5b4.png,cifar10,cifar10::3c829d61b5b43904,Unclassified,6,0,train,object_vehicle,airplane
/kaggle/input/datasets/dhamur/cotton-plant-disease/Cotton leaves/40 Images/Aphids/vertical_flippil_color_3.jpg,cotton,cotton::Aphids,Aphids,0,1,train,,
/kaggle/input/datasets/dhamur/cotton-plant-disease/Cotton leaves/40 Images/Bacterial blight/random_crop_34.jpg,cotton,cotton::Bacterial blight,Bacterial blight,2,1,train,,
/kaggle/input/datasets/dhamur/cotton-plant-disease/Cotton leaves/40 Images/Army worm/vertical_flip5.jpg,cotton,cotton::Army worm,Army worm,1,1,train,,
/kaggle/input/datasets/dhamur/cotton-plant-disease/Cotton leaves/40 Images/Army worm/random_translation_pil_sharpness_36.jpg,cotton,cotton::Army worm,Army worm,1,1,train,,
/kaggle/input/datasets/dhamur/cotton-plant-disease/Cotton leaves/40 Images/Army worm/vertical_flippil_color_39.jpg,cotton,cotton::Army worm,Army worm,1,1,train,,
/kaggle/input/datasets/dhamur/cotton-plant-disease/Cotton leaves/40 Images/Powdery mildew/rotate_zoompil_sharpness_1.jpg,cotton,cotton::Powdery mildew,Powdery mildew,4,1,train,,
/kaggle/input/datasets/dhamur/cotton-plant-disease/Cotton leaves/40 Images/Army worm/rotate_zoompil_color_17.jpg,cotton,cotton::Army worm,Army worm,1,1,train,,
/kaggle/input/datasets/dhamur/cotton-plant-disease/Cotton leaves/40 Images/Aphids/rotate_zoompil_constract_4.jpg,cotton,cotton::Aphids,Aphids,0,1,train,,
/kaggle/working/exp02_robust_open_set/unknown_sources/cifar10/train/00502_68bd2b2225f4.png,cifar10,cifar10::68bd2b2225f43b22,Unclassified,6,0,train,animal,dog
/kaggle/input/datasets/dhamur/cotton-plant-disease/Cotton leaves/40 Images/Target spot/random_crop_pil_color_38.jpg,cotton,cotton::Target spot,Target spot,5,1,train,,
/kaggle/input/datasets/dhamur/cotton-plant-disease/Cotton leaves/40 Images/Healthy/random_crop_pil_color_3.jpg,cotton,cotton::Healthy,Healthy,3,1,train,,
/kaggle/input/datasets/dhamur/cotton-plant-disease/Cotton leaves/40 Images/Healthy/random_crop_pil_sharpness_34.jpg,cotton,cotton::Healthy,Healthy,3,1,train,,
/kaggle/working/exp02_robust_open_set/unknown_sources/cifar10/train/00577_f60042d2b718.png,cifar10,cifar10::f60042d2b7184a78,Unclassified,6,0,train,animal,dog
/kaggle/input/datasets/dhamur/cotton-plant-disease/Cotton leaves/40 Images/Army worm/vertical_flip38.jpg,cotton,cotton::Army worm,Army worm,1,1,train,,
/kaggle/input/datasets/dhamur/cotton-plant-disease/Cotton leaves/40 Images/Army worm/rotate_zoompil_brightness_1.jpg,cotton,cotton::Army worm,Army worm,1,1,train,,
/kaggle/input/datasets/dhamur/cotton-plant-disease/Cotton leaves/40 Images/Bacterial blight/vertical_flippil_brightness_38.jpg,cotton,cotton::Bacterial blight,Bacterial blight,2,1,train,,
/kaggle/input/datasets/dhamur/cotton-plant-disease/Cotton leaves/40 Images/Target spot/pil_constract_36.jpg,cotton,cotton::Target spot,Target spot,5,1,train,,
/kaggle/input/datasets/dhamur/cotton-plant-disease/Cotton leaves/40 Images/Healthy/random_crop_8.jpg,cotton,cotton::Healthy,Healthy,3,1,train,,
/kaggle/input/datasets/dhamur/cotton-plant-disease/Cotton leaves/40 Images/Aphids/pil_color_5.jpg,cotton,cotton::Aphids,Aphids,0,1,train,,
/kaggle/input/datasets/dhamur/cotton-plant-disease/Cotton leaves/40 Images/Powdery mildew/vertical_flip33.jpg,cotton,cotton::Powdery mildew,Powdery mildew,4,1,train,,
/kaggle/input/datasets/dhamur/cotton-plant-disease/Cotton leaves/40 Images/Target spot/pil_sharpness_8.jpg,cotton,cotton::Target spot,Target spot,5,1,train,,
/kaggle/input/datasets/dhamur/cotton-plant-disease/Cotton leaves/40 Images/Army worm/vertical_flippil_sharpness_19.jpg,cotton,cotton::Army worm,Army worm,1,1,train,,
/kaggle/input/datasets/dhamur/cotton-plant-disease/Cotton leaves/40 Images/Aphids/random_crop_14.jpg,cotton,cotton::Aphids,Aphids,0,1,train,,
/kaggle/input/datasets/dhamur/cotton-plant-disease/Cotton leaves/40 Images/Army worm/vertical_flippil_color_4.jpg,cotton,cotton::Army worm,Army worm,1,1,train,,
/kaggle/input/datasets/dhamur/cotton-plant-disease/Cotton leaves/40 Images/Bacterial blight/pil_color_21.jpg,cotton,cotton::Bacterial blight,Bacterial blight,2,1,train,,
/kaggle/input/datasets/dhamur/cotton-plant-disease/Cotton leaves/40 Images/Powdery mildew/random_crop_24.jpg,cotton,cotton::Powdery mildew,Powdery mildew,4,1,train,,
/kaggle/input/datasets/dhamur/cotton-plant-disease/Cotton leaves/40 Images/Bacterial blight/vertical_flippil_color_16.jpg,cotton,cotton::Bacterial blight,Bacterial blight,2,1,train,,
/kaggle/input/datasets/dhamur/cotton-plant-disease/Cotton leaves/40 Images/Healthy/pil_constract_30.jpg,cotton,cotton::Healthy,Healthy,3,1,train,,
/kaggle/input/datasets/dhamur/cotton-plant-disease/Cotton leaves/40 Images/Bacterial blight/random_crop_pil_constract_26.jpg,cotton,cotton::Bacterial blight,Bacterial blight,2,1,train,,
/kaggle/input/datasets/dhamur/cotton-plant-disease/Cotton leaves/40 Images/Target spot/random_crop_pil_brightness_10.jpg,cotton,cotton::Target spot,Target spot,5,1,train,,
/kaggle/input/datasets/dhamur/cotton-plant-disease/Cotton leaves/40 Images/Army worm/vertical_flip7.jpg,cotton,cotton::Army worm,Army worm,1,1,train,,
/kaggle/input/datasets/dhamur/cotton-plant-disease/Cotton leaves/40 Images/Aphids/vertical_flip19.jpg,cotton,cotton::Aphids,Aphids,0,1,train,,
/kaggle/input/datasets/dhamur/cotton-plant-disease/Cotton leaves/40 Images/Aphids/random_crop_pil_color_23.jpg,cotton,cotton::Aphids,Aphids,0,1,train,,
/kaggle/working/exp02_robust_open_set/unknown_sources/cifar10/train/00665_1b9d8e328e48.png,cifar10,cifar10::1b9d8e328e483ae0,Unclassified,6,0,train,object_vehicle,truck
/kaggle/input/datasets/dhamur/cotton-plant-disease/Cotton leaves/40 Images/Army worm/vertical_flippil_brightness_23.jpg,cotton,cotton::Army worm,Army worm,1,1,train,,
/kaggle/input/datasets/dhamur/cotton-plant-disease/Cotton leaves/40 Images/Target spot/rotate_zoompil_color_29.jpg,cotton,cotton::Target spot,Target spot,5,1,train,,
/kaggle/input/datasets/dhamur/cotton-plant-disease/Cotton leaves/40 Images/Bacterial blight/rotate_zoompil_color_33.jpg,cotton,cotton::Bacterial blight,Bacterial blight,2,1,train,,
/kaggle/working/exp02_robust_open_set/unknown_sources/cifar10/train/00247_65ec93049a5e.png,cifar10,cifar10::65ec93049a5eff9e,Unclassified,6,0,train,object_vehicle,truck
/kaggle/input/datasets/dhamur/cotton-plant-disease/Cotton leaves/40 Images/Bacterial blight/vertical_flip27.jpg,cotton,cotton::Bacterial blight,Bacterial blight,2,1,train,,
/kaggle/input/datasets/dhamur/cotton-plant-disease/Cotton leaves/40 Images/Army worm/pil_color_34.jpg,cotton,cotton::Army worm,Army worm,1,1,train,,
/kaggle/working/exp02_robust_open_set/unknown_sources/cifar10/train/00450_36499c5b9dae.png,cifar10,cifar10::36499c5b9dae25d9,Unclassified,6,0,train,object_vehicle,truck
/kaggle/working/exp02_robust_open_set/unknown_sources/cifar10/train/00340_b98886cc003e.png,cifar10,cifar10::b98886cc003ed8d7,Unclassified,6,0,train,animal,bird
/kaggle/input/datasets/dhamur/cotton-plant-disease/Cotton leaves/40 Images/Healthy/vertical_flippil_constract_24.jpg,cotton,cotton::Healthy,Healthy,3,1,train,,
/kaggle/working/exp02_robust_open_set/unknown_sources/cifar10/train/00459_0042d2ce19ef.png,cifar10,cifar10::0042d2ce19efd33b,Unclassified,6,0,train,animal,frog
/kaggle/input/datasets/dhamur/cotton-plant-disease/Cotton leaves/40 Images/Powdery mildew/pil_sharpness_11.jpg,cotton,cotton::Powdery mildew,Powdery mildew,4,1,train,,
/kaggle/input/datasets/dhamur/cotton-plant-disease/Cotton leaves/40 Images/Powdery mildew/rotate_zoompil_brightness_9.jpg,cotton,cotton::Powdery mildew,Powdery mildew,4,1,train,,
/kaggle/input/datasets/dhamur/cotton-plant-disease/Cotton leaves/40 Images/Aphids/rotate_zoom13.jpg,cotton,cotton::Aphids,Aphids,0,1,train,,
/kaggle/input/datasets/dhamur/cotton-plant-disease/Cotton leaves/40 Images/Aphids/rotate_zoompil_color_20.jpg,cotton,cotton::Aphids,Aphids,0,1,train,,
/kaggle/input/datasets/dhamur/cotton-plant-disease/Cotton leaves/40 Images/Target spot/vertical_flip21.jpg,cotton,cotton::Target spot,Target spot,5,1,train,,
/kaggle/input/datasets/dhamur/cotton-plant-disease/Cotton leaves/40 Images/Healthy/pil_sharpness_32.jpg,cotton,cotton::Healthy,Healthy,3,1,train,,
/kaggle/input/datasets/dhamur/cotton-plant-disease/Cotton leaves/40 Images/Target spot/1.jpg,cotton,cotton::Target spot,Target spot,5,1,train,,
/kaggle/input/datasets/dhamur/cotton-plant-disease/Cotton leaves/40 Images/Healthy/rotate_zoompil_color_40.jpg,cotton,cotton::Healthy,Healthy,3,1,train,,
/kaggle/input/datasets/dhamur/cotton-plant-disease/Cotton leaves/40 Images/Aphids/pil_sharpness_29.jpg,cotton,cotton::Aphids,Aphids,0,1,train,,
/kaggle/input/datasets/dhamur/cotton-plant-disease/Cotton leaves/40 Images/Target spot/random_crop_pil_brightness_13.jpg,cotton,cotton::Target spot,Target spot,5,1,train,,
/kaggle/input/datasets/dhamur/cotton-plant-disease/Cotton leaves/40 Images/Target spot/vertical_flip32.jpg,cotton,cotton::Target spot,Target spot,5,1,train,,
/kaggle/input/datasets/dhamur/cotton-plant-disease/Cotton leaves/40 Images/Aphids/vertical_flip15.jpg,cotton,cotton::Aphids,Aphids,0,1,train,,
/kaggle/input/datasets/dhamur/cotton-plant-disease/Cotton leaves/40 Images/Healthy/28.jpg,cotton,cotton::Healthy,Healthy,3,1,train,,
/kaggle/input/datasets/dhamur/cotton-plant-disease/Cotton leaves/40 Images/Powdery mildew/rotate_zoompil_color_1.jpg,cotton,cotton::Powdery mildew,Powdery mildew,4,1,train,,
/kaggle/working/exp02_robust_open_set/unknown_sources/cifar10/train/00714_928b76205a37.png,cifar10,cifar10::928b76205a376d35,Unclassified,6,0,train,animal,deer
/kaggle/input/datasets/dhamur/cotton-plant-disease/Cotton leaves/40 Images/Bacterial blight/random_crop_pil_brightness_39.jpg,cotton,cotton::Bacterial blight,Bacterial blight,2,1,train,,
/kaggle/input/datasets/dhamur/cotton-plant-disease/Cotton leaves/40 Images/Target spot/rotate_zoompil_sharpness_19.jpg,cotton,cotton::Target spot,Target spot,5,1,train,,
/kaggle/input/datasets/dhamur/cotton-plant-disease/Cotton leaves/40 Images/Bacterial blight/rotate_zoompil_brightness_5.jpg,cotton,cotton::Bacterial blight,Bacterial blight,2,1,train,,
/kaggle/working/exp02_robust_open_set/unknown_sources/cifar10/train/00572_d6bad2ed0b83.png,cifar10,cifar10::d6bad2ed0b8380f9,Unclassified,6,0,train,object_vehicle,truck
/kaggle/input/datasets/dhamur/cotton-plant-disease/Cotton leaves/40 Images/Target spot/random_crop_pil_color_8.jpg,cotton,cotton::Target spot,Target spot,5,1,train,,
/kaggle/input/datasets/dhamur/cotton-plant-disease/Cotton leaves/40 Images/Bacterial blight/random_crop_pil_color_8.jpg,cotton,cotton::Bacterial blight,Bacterial blight,2,1,train,,
/kaggle/input/datasets/dhamur/cotton-plant-disease/Cotton leaves/40 Images/Powdery mildew/random_crop_pil_constract_36.jpg,cotton,cotton::Powdery mildew,Powdery mildew,4,1,train,,
/kaggle/input/datasets/dhamur/cotton-plant-disease/Cotton leaves/40 Images/Target spot/vertical_flippil_brightness_23.jpg,cotton,cotton::Target spot,Target spot,5,1,train,,
/kaggle/input/datasets/dhamur/cotton-plant-disease/Cotton leaves/40 Images/Army worm/random_translation_pil_sharpness_33.jpg,cotton,cotton::Army worm,Army worm,1,1,train,,
/kaggle/input/datasets/dhamur/cotton-plant-disease/Cotton leaves/40 Images/Aphids/32.jpg,cotton,cotton::Aphids,Aphids,0,1,train,,
/kaggle/input/datasets/dhamur/cotton-plant-disease/Cotton leaves/40 Images/Target spot/rotate_zoompil_sharpness_4.jpg,cotton,cotton::Target spot,Target spot,5,1,train,,
/kaggle/input/datasets/dhamur/cotton-plant-disease/Cotton leaves/40 Images/Target spot/14.jpg,cotton,cotton::Target spot,Target spot,5,1,train,,
/kaggle/input/datasets/dhamur/cotton-plant-disease/Cotton leaves/40 Images/Powdery mildew/rotate_zoompil_brightness_13.jpg,cotton,cotton::Powdery mildew,Powdery mildew,4,1,train,,
/kaggle/input/datasets/dhamur/cotton-plant-disease/Cotton leaves/40 Images/Army worm/vertical_flippil_constract_25.jpg,cotton,cotton::Army worm,Army worm,1,1,train,,
/kaggle/input/datasets/dhamur/cotton-plant-disease/Cotton leaves/40 Images/Army worm/vertical_flip21.jpg,cotton,cotton::Army worm,Army worm,1,1,train,,
/kaggle/input/datasets/dhamur/cotton-plant-disease/Cotton leaves/40 Images/Army worm/21.jpg,cotton,cotton::Army worm,Army worm,1,1,train,,
/kaggle/input/datasets/dhamur/cotton-plant-disease/Cotton leaves/40 Images/Aphids/random_crop_10.jpg,cotton,cotton::Aphids,Aphids,0,1,train,,
/kaggle/input/datasets/dhamur/cotton-plant-disease/Cotton leaves/40 Images/Army worm/vertical_flip1.jpg,cotton,cotton::Army worm,Army worm,1,1,train,,
/kaggle/input/datasets/dhamur/cotton-plant-disease/Cotton leaves/40 Images/Healthy/pil_brightness_3.jpg,cotton,cotton::Healthy,Healthy,3,1,train,,
/kaggle/input/datasets/dhamur/cotton-plant-disease/Cotton leaves/40 Images/Healthy/vertical_flippil_color_11.jpg,cotton,cotton::Healthy,Healthy,3,1,train,,
/kaggle/input/datasets/dhamur/cotton-plant-disease/Cotton leaves/40 Images/Army worm/36.jpg,cotton,cotton::Army worm,Army worm,1,1,train,,
/kaggle/input/datasets/dhamur/cotton-plant-disease/Cotton leaves/40 Images/Healthy/pil_color_10.jpg,cotton,cotton::Healthy,Healthy,3,1,train,,
/kaggle/input/datasets/dhamur/cotton-plant-disease/Cotton leaves/40 Images/Army worm/random_translation_pil_constract_20.jpg,cotton,cotton::Army worm,Army worm,1,1,train,,
/kaggle/input/datasets/dhamur/cotton-plant-disease/Cotton leaves/40 Images/Bacterial blight/random_crop_pil_constract_13.jpg,cotton,cotton::Bacterial blight,Bacterial blight,2,1,train,,
/kaggle/input/datasets/dhamur/cotton-plant-disease/Cotton leaves/40 Images/Healthy/random_crop_pil_constract_26.jpg,cotton,cotton::Healthy,Healthy,3,1,train,,
/kaggle/input/datasets/dhamur/cotton-plant-disease/Cotton leaves/40 Images/Powdery mildew/vertical_flippil_sharpness_8.jpg,cotton,cotton::Powdery mildew,Powdery mildew,4,1,train,,
/kaggle/working/exp02_robust_open_set/unknown_sources/cifar10/train/00110_8f8e17da82cb.png,cifar10,cifar10::8f8e17da82cbd178,Unclassified,6,0,train,animal,bird
/kaggle/input/datasets/dhamur/cotton-plant-disease/Cotton leaves/40 Images/Army worm/random_translation_pil_brightness_5.jpg,cotton,cotton::Army worm,Army worm,1,1,train,,
/kaggle/working/exp02_robust_open_set/unknown_sources/cifar10/train/00122_43b7d9cae012.png,cifar10,cifar10::43b7d9cae01220f7,Unclassified,6,0,train,object_vehicle,automobile
/kaggle/input/datasets/dhamur/cotton-plant-disease/Cotton leaves/40 Images/Army worm/vertical_flippil_brightness_10.jpg,cotton,cotton::Army worm,Army worm,1,1,train,,
/kaggle/input/datasets/dhamur/cotton-plant-disease/Cotton leaves/40 Images/Powdery mildew/rotate_zoompil_constract_30.jpg,cotton,cotton::Powdery mildew,Powdery mildew,4,1,train,,
/kaggle/input/datasets/dhamur/cotton-plant-disease/Cotton leaves/40 Images/Powdery mildew/random_crop_pil_constract_31.jpg,cotton,cotton::Powdery mildew,Powdery mildew,4,1,train,,
/kaggle/input/datasets/dhamur/cotton-plant-disease/Cotton leaves/40 Images/Army worm/pil_constract_27.jpg,cotton,cotton::Army worm,Army worm,1,1,train,,
/kaggle/input/datasets/dhamur/cotton-plant-disease/Cotton leaves/40 Images/Healthy/pil_sharpness_17.jpg,cotton,cotton::Healthy,Healthy,3,1,train,,
/kaggle/input/datasets/dhamur/cotton-plant-disease/Cotton leaves/40 Images/Healthy/random_crop_35.jpg,cotton,cotton::Healthy,Healthy,3,1,train,,
/kaggle/input/datasets/dhamur/cotton-plant-disease/Cotton leaves/40 Images/Bacterial blight/vertical_flippil_sharpness_8.jpg,cotton,cotton::Bacterial blight,Bacterial blight,2,1,train,,
/kaggle/input/datasets/dhamur/cotton-plant-disease/Cotton leaves/40 Images/Bacterial blight/14.jpg,cotton,cotton::Bacterial blight,Bacterial blight,2,1,train,,
/kaggle/input/datasets/dhamur/cotton-plant-disease/Cotton leaves/40 Images/Bacterial blight/vertical_flippil_constract_30.jpg,cotton,cotton::Bacterial blight,Bacterial blight,2,1,train,,
/kaggle/input/datasets/dhamur/cotton-plant-disease/Cotton leaves/40 Images/Army worm/random_translation_29.jpg,cotton,cotton::Army worm,Army worm,1,1,train,,
/kaggle/input/datasets/dhamur/cotton-plant-disease/Cotton leaves/40 Images/Healthy/pil_color_9.jpg,cotton,cotton::Healthy,Healthy,3,1,train,,
/kaggle/input/datasets/dhamur/cotton-plant-disease/Cotton leaves/40 Images/Healthy/rotate_zoompil_constract_40.jpg,cotton,cotton::Healthy,Healthy,3,1,train,,
/kaggle/input/datasets/dhamur/cotton-plant-disease/Cotton leaves/40 Images/Powdery mildew/pil_sharpness_13.jpg,cotton,cotton::Powdery mildew,Powdery mildew,4,1,train,,
/kaggle/input/datasets/dhamur/cotton-plant-disease/Cotton leaves/40 Images/Powdery mildew/rotate_zoompil_brightness_19.jpg,cotton,cotton::Powdery mildew,Powdery mildew,4,1,train,,
/kaggle/input/datasets/dhamur/cotton-plant-disease/Cotton leaves/40 Images/Army worm/3.jpg,cotton,cotton::Army worm,Army worm,1,1,train,,
/kaggle/input/datasets/dhamur/cotton-plant-disease/Cotton leaves/40 Images/Aphids/pil_sharpness_32.jpg,cotton,cotton::Aphids,Aphids,0,1,train,,
/kaggle/input/datasets/dhamur/cotton-plant-disease/Cotton leaves/40 Images/Aphids/pil_sharpness_4.jpg,cotton,cotton::Aphids,Aphids,0,1,train,,
/kaggle/input/datasets/dhamur/cotton-plant-disease/Cotton leaves/40 Images/Bacterial blight/pil_color_11.jpg,cotton,cotton::Bacterial blight,Bacterial blight,2,1,train,,
/kaggle/input/datasets/dhamur/cotton-plant-disease/Cotton leaves/40 Images/Powdery mildew/vertical_flippil_constract_2.jpg,cotton,cotton::Powdery mildew,Powdery mildew,4,1,train,,
/kaggle/input/datasets/dhamur/cotton-plant-disease/Cotton leaves/40 Images/Powdery mildew/vertical_flip3.jpg,cotton,cotton::Powdery mildew,Powdery mildew,4,1,train,,
/kaggle/input/datasets/dhamur/cotton-plant-disease/Cotton leaves/40 Images/Bacterial blight/random_crop_37.jpg,cotton,cotton::Bacterial blight,Bacterial blight,2,1,train,,
/kaggle/input/datasets/dhamur/cotton-plant-disease/Cotton leaves/40 Images/Army worm/random_translation_pil_sharpness_19.jpg,cotton,cotton::Army worm,Army worm,1,1,train,,
/kaggle/input/datasets/dhamur/cotton-plant-disease/Cotton leaves/40 Images/Army worm/vertical_flippil_color_37.jpg,cotton,cotton::Army worm,Army worm,1,1,train,,
/kaggle/input/datasets/dhamur/cotton-plant-disease/Cotton leaves/40 Images/Army worm/rotate_zoom33.jpg,cotton,cotton::Army worm,Army worm,1,1,train,,
/kaggle/input/datasets/dhamur/cotton-plant-disease/Cotton leaves/40 Images/Healthy/random_crop_pil_constract_34.jpg,cotton,cotton::Healthy,Healthy,3,1,train,,
/kaggle/input/datasets/dhamur/cotton-plant-disease/Cotton leaves/40 Images/Powdery mildew/rotate_zoompil_constract_6.jpg,cotton,cotton::Powdery mildew,Powdery mildew,4,1,train,,
/kaggle/working/exp02_robust_open_set/unknown_sources/cifar10/train/00441_6813de977bf6.png,cifar10,cifar10::6813de977bf67853,Unclassified,6,0,train,object_vehicle,ship
/kaggle/input/datasets/dhamur/cotton-plant-disease/Cotton leaves/40 Images/Army worm/vertical_flippil_color_26.jpg,cotton,cotton::Army worm,Army worm,1,1,train,,
/kaggle/input/datasets/dhamur/cotton-plant-disease/Cotton leaves/40 Images/Army worm/2.jpg,cotton,cotton::Army worm,Army worm,1,1,train,,
/kaggle/input/datasets/dhamur/cotton-plant-disease/Cotton leaves/40 Images/Healthy/random_crop_3.jpg,cotton,cotton::Healthy,Healthy,3,1,train,,
/kaggle/input/datasets/dhamur/cotton-plant-disease/Cotton leaves/40 Images/Army worm/random_translation_pil_constract_19.jpg,cotton,cotton::Army worm,Army worm,1,1,train,,
/kaggle/input/datasets/dhamur/cotton-plant-disease/Cotton leaves/40 Images/Army worm/random_translation_pil_color_25.jpg,cotton,cotton::Army worm,Army worm,1,1,train,,
/kaggle/input/datasets/dhamur/cotton-plant-disease/Cotton leaves/40 Images/Powdery mildew/rotate_zoompil_constract_16.jpg,cotton,cotton::Powdery mildew,Powdery mildew,4,1,train,,
/kaggle/input/datasets/dhamur/cotton-plant-disease/Cotton leaves/40 Images/Bacterial blight/rotate_zoom34.jpg,cotton,cotton::Bacterial blight,Bacterial blight,2,1,train,,
/kaggle/input/datasets/dhamur/cotton-plant-disease/Cotton leaves/40 Images/Powdery mildew/vertical_flippil_constract_3.jpg,cotton,cotton::Powdery mildew,Powdery mildew,4,1,train,,
/kaggle/input/datasets/dhamur/cotton-plant-disease/Cotton leaves/40 Images/Army worm/vertical_flip35.jpg,cotton,cotton::Army worm,Army worm,1,1,train,,
/kaggle/input/datasets/dhamur/cotton-plant-disease/Cotton leaves/40 Images/Target spot/pil_brightness_30.jpg,cotton,cotton::Target spot,Target spot,5,1,train,,
/kaggle/input/datasets/dhamur/cotton-plant-disease/Cotton leaves/40 Images/Aphids/vertical_flip1.jpg,cotton,cotton::Aphids,Aphids,0,1,train,,
/kaggle/input/datasets/dhamur/cotton-plant-disease/Cotton leaves/40 Images/Aphids/random_crop_20.jpg,cotton,cotton::Aphids,Aphids,0,1,train,,
/kaggle/input/datasets/dhamur/cotton-plant-disease/Cotton leaves/40 Images/Army worm/pil_sharpness_36.jpg,cotton,cotton::Army worm,Army worm,1,1,train,,
/kaggle/working/exp02_robust_open_set/unknown_sources/cifar10/train/00463_5ec4980fa9cf.png,cifar10,cifar10::5ec4980fa9cf9f11,Unclassified,6,0,train,animal,cat
/kaggle/input/datasets/dhamur/cotton-plant-disease/Cotton leaves/40 Images/Powdery mildew/random_crop_pil_brightness_27.jpg,cotton,cotton::Powdery mildew,Powdery mildew,4,1,train,,
/kaggle/input/datasets/dhamur/cotton-plant-disease/Cotton leaves/40 Images/Aphids/vertical_flip35.jpg,cotton,cotton::Aphids,Aphids,0,1,train,,
/kaggle/input/datasets/dhamur/cotton-plant-disease/Cotton leaves/40 Images/Healthy/random_crop_pil_constract_36.jpg,cotton,cotton::Healthy,Healthy,3,1,train,,
/kaggle/input/datasets/dhamur/cotton-plant-disease/Cotton leaves/40 Images/Aphids/rotate_zoom35.jpg,cotton,cotton::Aphids,Aphids,0,1,train,,
/kaggle/input/datasets/dhamur/cotton-plant-disease/Cotton leaves/40 Images/Healthy/pil_sharpness_9.jpg,cotton,cotton::Healthy,Healthy,3,1,train,,
/kaggle/input/datasets/dhamur/cotton-plant-disease/Cotton leaves/40 Images/Aphids/random_crop_pil_color_20.jpg,cotton,cotton::Aphids,Aphids,0,1,train,,
/kaggle/input/datasets/dhamur/cotton-plant-disease/Cotton leaves/40 Images/Powdery mildew/vertical_flippil_brightness_13.jpg,cotton,cotton::Powdery mildew,Powdery mildew,4,1,train,,
/kaggle/input/datasets/dhamur/cotton-plant-disease/Cotton leaves/40 Images/Aphids/pil_color_7.jpg,cotton,cotton::Aphids,Aphids,0,1,train,,
/kaggle/input/datasets/dhamur/cotton-plant-disease/Cotton leaves/40 Images/Army worm/vertical_flippil_color_28.jpg,cotton,cotton::Army worm,Army worm,1,1,train,,
/kaggle/input/datasets/dhamur/cotton-plant-disease/Cotton leaves/40 Images/Target spot/vertical_flippil_constract_34.jpg,cotton,cotton::Target spot,Target spot,5,1,train,,
/kaggle/input/datasets/dhamur/cotton-plant-disease/Cotton leaves/40 Images/Healthy/random_crop_pil_constract_38.jpg,cotton,cotton::Healthy,Healthy,3,1,train,,
/kaggle/input/datasets/dhamur/cotton-plant-disease/Cotton leaves/40 Images/Aphids/rotate_zoompil_constract_39.jpg,cotton,cotton::Aphids,Aphids,0,1,train,,
/kaggle/working/exp02_robust_open_set/unknown_sources/cifar10/train/00048_c0bef1ee645c.png,cifar10,cifar10::c0bef1ee645c56be,Unclassified,6,0,train,animal,dog
/kaggle/input/datasets/dhamur/cotton-plant-disease/Cotton leaves/40 Images/Healthy/rotate_zoompil_color_2.jpg,cotton,cotton::Healthy,Healthy,3,1,train,,
/kaggle/working/exp02_robust_open_set/unknown_sources/cifar10/train/00474_9ffb8a15cd8f.png,cifar10,cifar10::9ffb8a15cd8f8db6,Unclassified,6,0,train,animal,bird
/kaggle/working/exp02_robust_open_set/unknown_sources/cifar10/train/00374_5fd0447954eb.png,cifar10,cifar10::5fd0447954ebd6ef,Unclassified,6,0,train,animal,frog
/kaggle/input/datasets/dhamur/cotton-plant-disease/Cotton leaves/40 Images/Bacterial blight/pil_color_37.jpg,cotton,cotton::Bacterial blight,Bacterial blight,2,1,train,,
/kaggle/working/exp02_robust_open_set/unknown_sources/cifar10/train/00678_a5101623543e.png,cifar10,cifar10::a5101623543e515b,Unclassified,6,0,train,animal,horse
/kaggle/input/datasets/dhamur/cotton-plant-disease/Cotton leaves/40 Images/Army worm/random_translation_pil_sharpness_21.jpg,cotton,cotton::Army worm,Army worm,1,1,train,,
/kaggle/input/datasets/dhamur/cotton-plant-disease/Cotton leaves/40 Images/Army worm/rotate_zoompil_constract_23.jpg,cotton,cotton::Army worm,Army worm,1,1,train,,
/kaggle/input/datasets/dhamur/cotton-plant-disease/Cotton leaves/40 Images/Target spot/random_crop_pil_constract_16.jpg,cotton,cotton::Target spot,Target spot,5,1,train,,
/kaggle/input/datasets/dhamur/cotton-plant-disease/Cotton leaves/40 Images/Army worm/vertical_flippil_constract_5.jpg,cotton,cotton::Army worm,Army worm,1,1,train,,
/kaggle/input/datasets/dhamur/cotton-plant-disease/Cotton leaves/40 Images/Target spot/vertical_flippil_sharpness_30.jpg,cotton,cotton::Target spot,Target spot,5,1,train,,
/kaggle/input/datasets/dhamur/cotton-plant-disease/Cotton leaves/40 Images/Healthy/rotate_zoompil_sharpness_34.jpg,cotton,cotton::Healthy,Healthy,3,1,train,,
/kaggle/input/datasets/dhamur/cotton-plant-disease/Cotton leaves/40 Images/Healthy/rotate_zoompil_brightness_24.jpg,cotton,cotton::Healthy,Healthy,3,1,train,,
/kaggle/working/exp02_robust_open_set/unknown_sources/cifar10/train/00323_882d5381754b.png,cifar10,cifar10::882d5381754bc7b6,Unclassified,6,0,train,object_vehicle,truck
/kaggle/input/datasets/dhamur/cotton-plant-disease/Cotton leaves/40 Images/Bacterial blight/pil_brightness_2.jpg,cotton,cotton::Bacterial blight,Bacterial blight,2,1,train,,
/kaggle/input/datasets/dhamur/cotton-plant-disease/Cotton leaves/40 Images/Army worm/26.jpg,cotton,cotton::Army worm,Army worm,1,1,train,,
/kaggle/working/exp02_robust_open_set/unknown_sources/cifar10/train/00452_ceef2ae15bb1.png,cifar10,cifar10::ceef2ae15bb1372b,Unclassified,6,0,train,animal,cat
/kaggle/input/datasets/dhamur/cotton-plant-disease/Cotton leaves/40 Images/Army worm/25.jpg,cotton,cotton::Army worm,Army worm,1,1,train,,
/kaggle/input/datasets/dhamur/cotton-plant-disease/Cotton leaves/40 Images/Army worm/pil_constract_26.jpg,cotton,cotton::Army worm,Army worm,1,1,train,,
/kaggle/working/exp02_robust_open_set/unknown_sources/cifar10/train/00437_5f4eedba7575.png,cifar10,cifar10::5f4eedba75758ea5,Unclassified,6,0,train,object_vehicle,airplane
/kaggle/input/datasets/dhamur/cotton-plant-disease/Cotton leaves/40 Images/Powdery mildew/vertical_flippil_color_20.jpg,cotton,cotton::Powdery mildew,Powdery mildew,4,1,train,,
/kaggle/input/datasets/dhamur/cotton-plant-disease/Cotton leaves/40 Images/Healthy/pil_color_6.jpg,cotton,cotton::Healthy,Healthy,3,1,train,,
/kaggle/input/datasets/dhamur/cotton-plant-disease/Cotton leaves/40 Images/Powdery mildew/random_crop_10.jpg,cotton,cotton::Powdery mildew,Powdery mildew,4,1,train,,
/kaggle/input/datasets/dhamur/cotton-plant-disease/Cotton leaves/40 Images/Aphids/pil_sharpness_20.jpg,cotton,cotton::Aphids,Aphids,0,1,train,,
/kaggle/input/datasets/dhamur/cotton-plant-disease/Cotton leaves/40 Images/Healthy/random_crop_pil_sharpness_35.jpg,cotton,cotton::Healthy,Healthy,3,1,train,,
/kaggle/input/datasets/dhamur/cotton-plant-disease/Cotton leaves/40 Images/Target spot/vertical_flippil_sharpness_35.jpg,cotton,cotton::Target spot,Target spot,5,1,train,,
/kaggle/input/datasets/dhamur/cotton-plant-disease/Cotton leaves/40 Images/Aphids/vertical_flippil_sharpness_32.jpg,cotton,cotton::Aphids,Aphids,0,1,train,,
/kaggle/input/datasets/dhamur/cotton-plant-disease/Cotton leaves/40 Images/Bacterial blight/rotate_zoompil_color_25.jpg,cotton,cotton::Bacterial blight,Bacterial blight,2,1,train,,
/kaggle/input/datasets/dhamur/cotton-plant-disease/Cotton leaves/40 Images/Healthy/random_crop_pil_constract_16.jpg,cotton,cotton::Healthy,Healthy,3,1,train,,
/kaggle/input/datasets/dhamur/cotton-plant-disease/Cotton leaves/40 Images/Aphids/vertical_flippil_sharpness_20.jpg,cotton,cotton::Aphids,Aphids,0,1,train,,
/kaggle/working/exp02_robust_open_set/unknown_sources/cifar10/train/00686_f9e319632e81.png,cifar10,cifar10::f9e319632e814cfd,Unclassified,6,0,train,animal,deer
/kaggle/input/datasets/dhamur/cotton-plant-disease/Cotton leaves/40 Images/Bacterial blight/rotate_zoom14.jpg,cotton,cotton::Bacterial blight,Bacterial blight,2,1,train,,
/kaggle/input/datasets/dhamur/cotton-plant-disease/Cotton leaves/40 Images/Healthy/vertical_flippil_brightness_30.jpg,cotton,cotton::Healthy,Healthy,3,1,train,,
/kaggle/input/datasets/dhamur/cotton-plant-disease/Cotton leaves/40 Images/Bacterial blight/random_crop_pil_sharpness_24.jpg,cotton,cotton::Bacterial blight,Bacterial blight,2,1,train,,
/kaggle/input/datasets/dhamur/cotton-plant-disease/Cotton leaves/40 Images/Target spot/random_crop_pil_brightness_11.jpg,cotton,cotton::Target spot,Target spot,5,1,train,,
/kaggle/input/datasets/dhamur/cotton-plant-disease/Cotton leaves/40 Images/Bacterial blight/rotate_zoompil_brightness_27.jpg,cotton,cotton::Bacterial blight,Bacterial blight,2,1,train,,
/kaggle/input/datasets/dhamur/cotton-plant-disease/Cotton leaves/40 Images/Healthy/vertical_flippil_color_7.jpg,cotton,cotton::Healthy,Healthy,3,1,train,,
/kaggle/input/datasets/dhamur/cotton-plant-disease/Cotton leaves/40 Images/Bacterial blight/rotate_zoom28.jpg,cotton,cotton::Bacterial blight,Bacterial blight,2,1,train,,
/kaggle/working/exp02_robust_open_set/unknown_sources/cifar10/train/00396_ee7d89dfb08c.png,cifar10,cifar10::ee7d89dfb08c7f46,Unclassified,6,0,train,animal,frog
/kaggle/input/datasets/dhamur/cotton-plant-disease/Cotton leaves/40 Images/Target spot/random_crop_pil_sharpness_8.jpg,cotton,cotton::Target spot,Target spot,5,1,train,,
/kaggle/input/datasets/dhamur/cotton-plant-disease/Cotton leaves/40 Images/Powdery mildew/pil_constract_9.jpg,cotton,cotton::Powdery mildew,Powdery mildew,4,1,train,,
/kaggle/working/exp02_robust_open_set/unknown_sources/cifar10/train/00658_90e9944265a9.png,cifar10,cifar10::90e9944265a99cbe,Unclassified,6,0,train,animal,cat
/kaggle/input/datasets/dhamur/cotton-plant-disease/Cotton leaves/40 Images/Powdery mildew/random_crop_pil_brightness_16.jpg,cotton,cotton::Powdery mildew,Powdery mildew,4,1,train,,
/kaggle/input/datasets/dhamur/cotton-plant-disease/Cotton leaves/40 Images/Bacterial blight/random_crop_pil_color_30.jpg,cotton,cotton::Bacterial blight,Bacterial blight,2,1,train,,
/kaggle/input/datasets/dhamur/cotton-plant-disease/Cotton leaves/40 Images/Aphids/random_crop_28.jpg,cotton,cotton::Aphids,Aphids,0,1,train,,
/kaggle/input/datasets/dhamur/cotton-plant-disease/Cotton leaves/40 Images/Aphids/vertical_flippil_constract_2.jpg,cotton,cotton::Aphids,Aphids,0,1,train,,
/kaggle/input/datasets/dhamur/cotton-plant-disease/Cotton leaves/40 Images/Bacterial blight/rotate_zoom15.jpg,cotton,cotton::Bacterial blight,Bacterial blight,2,1,train,,
/kaggle/working/exp02_robust_open_set/unknown_sources/cifar10/train/00017_763775e44358.png,cifar10,cifar10::763775e44358eb59,Unclassified,6,0,train,object_vehicle,airplane
/kaggle/input/datasets/dhamur/cotton-plant-disease/Cotton leaves/40 Images/Powdery mildew/pil_constract_4.jpg,cotton,cotton::Powdery mildew,Powdery mildew,4,1,train,,
/kaggle/working/exp02_robust_open_set/unknown_sources/cifar10/train/00246_fb549da34ea6.png,cifar10,cifar10::fb549da34ea611c8,Unclassified,6,0,train,object_vehicle,truck
/kaggle/input/datasets/dhamur/cotton-plant-disease/Cotton leaves/40 Images/Target spot/random_crop_pil_constract_5.jpg,cotton,cotton::Target spot,Target spot,5,1,train,,
/kaggle/input/datasets/dhamur/cotton-plant-disease/Cotton leaves/40 Images/Bacterial blight/rotate_zoompil_constract_3.jpg,cotton,cotton::Bacterial blight,Bacterial blight,2,1,train,,
/kaggle/input/datasets/dhamur/cotton-plant-disease/Cotton leaves/40 Images/Bacterial blight/random_crop_pil_constract_20.jpg,cotton,cotton::Bacterial blight,Bacterial blight,2,1,train,,
/kaggle/input/datasets/dhamur/cotton-plant-disease/Cotton leaves/40 Images/Army worm/pil_color_37.jpg,cotton,cotton::Army worm,Army worm,1,1,train,,
/kaggle/working/exp02_robust_open_set/unknown_sources/cifar10/train/00094_5e3d948374e3.png,cifar10,cifar10::5e3d948374e3c45b,Unclassified,6,0,train,animal,horse
/kaggle/input/datasets/dhamur/cotton-plant-disease/Cotton leaves/40 Images/Powdery mildew/random_crop_pil_color_38.jpg,cotton,cotton::Powdery mildew,Powdery mildew,4,1,train,,
/kaggle/input/datasets/dhamur/cotton-plant-disease/Cotton leaves/40 Images/Healthy/pil_color_28.jpg,cotton,cotton::Healthy,Healthy,3,1,train,,
/kaggle/input/datasets/dhamur/cotton-plant-disease/Cotton leaves/40 Images/Aphids/vertical_flip24_.jpg,cotton,cotton::Aphids,Aphids,0,1,train,,
/kaggle/input/datasets/dhamur/cotton-plant-disease/Cotton leaves/40 Images/Powdery mildew/vertical_flippil_sharpness_26.jpg,cotton,cotton::Powdery mildew,Powdery mildew,4,1,train,,
/kaggle/working/exp02_robust_open_set/unknown_sources/cifar10/train/00692_cb1004658807.png,cifar10,cifar10::cb10046588073380,Unclassified,6,0,train,object_vehicle,automobile
/kaggle/input/datasets/dhamur/cotton-plant-disease/Cotton leaves/40 Images/Aphids/vertical_flippil_sharpness_24_.jpg,cotton,cotton::Aphids,Aphids,0,1,train,,
/kaggle/input/datasets/dhamur/cotton-plant-disease/Cotton leaves/40 Images/Healthy/vertical_flippil_brightness_37.jpg,cotton,cotton::Healthy,Healthy,3,1,train,,
/kaggle/input/datasets/dhamur/cotton-plant-disease/Cotton leaves/40 Images/Army worm/vertical_flip28.jpg,cotton,cotton::Army worm,Army worm,1,1,train,,
/kaggle/working/exp02_robust_open_set/unknown_sources/cifar10/train/00007_379acbf14703.png,cifar10,cifar10::379acbf147033705,Unclassified,6,0,train,animal,deer
/kaggle/working/exp02_robust_open_set/unknown_sources/cifar10/train/00225_6241919e5323.png,cifar10,cifar10::6241919e5323ff77,Unclassified,6,0,train,animal,frog
/kaggle/input/datasets/dhamur/cotton-plant-disease/Cotton leaves/40 Images/Bacterial blight/rotate_zoom9.jpg,cotton,cotton::Bacterial blight,Bacterial blight,2,1,train,,
/kaggle/working/exp02_robust_open_set/unknown_sources/cifar10/train/00352_b38c4be3171c.png,cifar10,cifar10::b38c4be3171c3819,Unclassified,6,0,train,object_vehicle,ship
/kaggle/input/datasets/dhamur/cotton-plant-disease/Cotton leaves/40 Images/Target spot/rotate_zoom20.jpg,cotton,cotton::Target spot,Target spot,5,1,train,,
/kaggle/input/datasets/dhamur/cotton-plant-disease/Cotton leaves/40 Images/Army worm/vertical_flip40.jpg,cotton,cotton::Army worm,Army worm,1,1,train,,
/kaggle/input/datasets/dhamur/cotton-plant-disease/Cotton leaves/40 Images/Army worm/pil_constract_15.jpg,cotton,cotton::Army worm,Army worm,1,1,train,,
/kaggle/input/datasets/dhamur/cotton-plant-disease/Cotton leaves/40 Images/Army worm/vertical_flippil_color_14.jpg,cotton,cotton::Army worm,Army worm,1,1,train,,
/kaggle/input/datasets/dhamur/cotton-plant-disease/Cotton leaves/40 Images/Army worm/rotate_zoompil_color_27.jpg,cotton,cotton::Army worm,Army worm,1,1,train,,
/kaggle/input/datasets/dhamur/cotton-plant-disease/Cotton leaves/40 Images/Powdery mildew/pil_brightness_28.jpg,cotton,cotton::Powdery mildew,Powdery mildew,4,1,train,,
/kaggle/working/exp02_robust_open_set/unknown_sources/cifar10/train/00036_daafa20b28d3.png,cifar10,cifar10::daafa20b28d3d838,Unclassified,6,0,train,object_vehicle,automobile
/kaggle/input/datasets/dhamur/cotton-plant-disease/Cotton leaves/40 Images/Aphids/pil_sharpness_40.jpg,cotton,cotton::Aphids,Aphids,0,1,train,,
/kaggle/input/datasets/dhamur/cotton-plant-disease/Cotton leaves/40 Images/Army worm/vertical_flippil_color_1.jpg,cotton,cotton::Army worm,Army worm,1,1,train,,
/kaggle/input/datasets/dhamur/cotton-plant-disease/Cotton leaves/40 Images/Army worm/vertical_flippil_color_29.jpg,cotton,cotton::Army worm,Army worm,1,1,train,,
/kaggle/input/datasets/dhamur/cotton-plant-disease/Cotton leaves/40 Images/Powdery mildew/rotate_zoompil_color_40.jpg,cotton,cotton::Powdery mildew,Powdery mildew,4,1,train,,
/kaggle/input/datasets/dhamur/cotton-plant-disease/Cotton leaves/40 Images/Aphids/vertical_flippil_sharpness_17.jpg,cotton,cotton::Aphids,Aphids,0,1,train,,
/kaggle/input/datasets/dhamur/cotton-plant-disease/Cotton leaves/40 Images/Powdery mildew/vertical_flippil_color_29.jpg,cotton,cotton::Powdery mildew,Powdery mildew,4,1,train,,
/kaggle/input/datasets/dhamur/cotton-plant-disease/Cotton leaves/40 Images/Aphids/random_crop_pil_sharpness_1.jpg,cotton,cotton::Aphids,Aphids,0,1,train,,
/kaggle/input/datasets/dhamur/cotton-plant-disease/Cotton leaves/40 Images/Target spot/rotate_zoompil_constract_10.jpg,cotton,cotton::Target spot,Target spot,5,1,train,,
/kaggle/input/datasets/dhamur/cotton-plant-disease/Cotton leaves/40 Images/Healthy/vertical_flippil_constract_26.jpg,cotton,cotton::Healthy,Healthy,3,1,train,,
/kaggle/input/datasets/dhamur/cotton-plant-disease/Cotton leaves/40 Images/Bacterial blight/random_crop_30.jpg,cotton,cotton::Bacterial blight,Bacterial blight,2,1,train,,
/kaggle/input/datasets/dhamur/cotton-plant-disease/Cotton leaves/40 Images/Aphids/rotate_zoompil_brightness_24_.jpg,cotton,cotton::Aphids,Aphids,0,1,train,,
/kaggle/working/exp02_robust_open_set/unknown_sources/cifar10/train/00457_b88b1ed9783b.png,cifar10,cifar10::b88b1ed9783b0c6b,Unclassified,6,0,train,animal,cat
/kaggle/input/datasets/dhamur/cotton-plant-disease/Cotton leaves/40 Images/Army worm/random_translation_pil_brightness_38.jpg,cotton,cotton::Army worm,Army worm,1,1,train,,
/kaggle/input/datasets/dhamur/cotton-plant-disease/Cotton leaves/40 Images/Healthy/vertical_flippil_color_31.jpg,cotton,cotton::Healthy,Healthy,3,1,train,,
/kaggle/input/datasets/dhamur/cotton-plant-disease/Cotton leaves/40 Images/Aphids/pil_constract_38.jpg,cotton,cotton::Aphids,Aphids,0,1,train,,
/kaggle/input/datasets/dhamur/cotton-plant-disease/Cotton leaves/40 Images/Target spot/vertical_flippil_brightness_18.jpg,cotton,cotton::Target spot,Target spot,5,1,train,,
/kaggle/input/datasets/dhamur/cotton-plant-disease/Cotton leaves/40 Images/Powdery mildew/vertical_flippil_constract_29.jpg,cotton,cotton::Powdery mildew,Powdery mildew,4,1,train,,
/kaggle/input/datasets/dhamur/cotton-plant-disease/Cotton leaves/40 Images/Bacterial blight/pil_color_5.jpg,cotton,cotton::Bacterial blight,Bacterial blight,2,1,train,,
/kaggle/input/datasets/dhamur/cotton-plant-disease/Cotton leaves/40 Images/Bacterial blight/pil_color_1.jpg,cotton,cotton::Bacterial blight,Bacterial blight,2,1,train,,
/kaggle/input/datasets/dhamur/cotton-plant-disease/Cotton leaves/40 Images/Target spot/vertical_flip24.jpg,cotton,cotton::Target spot,Target spot,5,1,train,,
/kaggle/input/datasets/dhamur/cotton-plant-disease/Cotton leaves/40 Images/Bacterial blight/25.jpg,cotton,cotton::Bacterial blight,Bacterial blight,2,1,train,,
/kaggle/input/datasets/dhamur/cotton-plant-disease/Cotton leaves/40 Images/Healthy/random_crop_pil_sharpness_10.jpg,cotton,cotton::Healthy,Healthy,3,1,train,,
/kaggle/working/exp02_robust_open_set/unknown_sources/cifar10/train/00205_0fcfeeca698a.png,cifar10,cifar10::0fcfeeca698a0611,Unclassified,6,0,train,object_vehicle,truck
/kaggle/input/datasets/dhamur/cotton-plant-disease/Cotton leaves/40 Images/Army worm/vertical_flippil_brightness_12.jpg,cotton,cotton::Army worm,Army worm,1,1,train,,
/kaggle/input/datasets/dhamur/cotton-plant-disease/Cotton leaves/40 Images/Aphids/rotate_zoompil_constract_1.jpg,cotton,cotton::Aphids,Aphids,0,1,train,,
/kaggle/input/datasets/dhamur/cotton-plant-disease/Cotton leaves/40 Images/Bacterial blight/random_crop_pil_color_6.jpg,cotton,cotton::Bacterial blight,Bacterial blight,2,1,train,,
/kaggle/input/datasets/dhamur/cotton-plant-disease/Cotton leaves/40 Images/Target spot/pil_constract_30.jpg,cotton,cotton::Target spot,Target spot,5,1,train,,
/kaggle/input/datasets/dhamur/cotton-plant-disease/Cotton leaves/40 Images/Powdery mildew/pil_sharpness_14.jpg,cotton,cotton::Powdery mildew,Powdery mildew,4,1,train,,
/kaggle/working/exp02_robust_open_set/unknown_sources/cifar10/train/00325_22012efc963d.png,cifar10,cifar10::22012efc963dc760,Unclassified,6,0,train,animal,bird
/kaggle/working/exp02_robust_open_set/unknown_sources/cifar10/train/00599_eb5a94320fc8.png,cifar10,cifar10::eb5a94320fc87a37,Unclassified,6,0,train,object_vehicle,ship
/kaggle/working/exp02_robust_open_set/unknown_sources/cifar10/train/00300_c07cc3a54666.png,cifar10,cifar10::c07cc3a54666d2da,Unclassified,6,0,train,object_vehicle,automobile
/kaggle/input/datasets/dhamur/cotton-plant-disease/Cotton leaves/40 Images/Healthy/vertical_flippil_brightness_31.jpg,cotton,cotton::Healthy,Healthy,3,1,train,,
/kaggle/working/exp02_robust_open_set/unknown_sources/cifar10/train/00049_31ec6e74066b.png,cifar10,cifar10::31ec6e74066b255e,Unclassified,6,0,train,object_vehicle,airplane
/kaggle/input/datasets/dhamur/cotton-plant-disease/Cotton leaves/40 Images/Powdery mildew/2.jpg,cotton,cotton::Powdery mildew,Powdery mildew,4,1,train,,
/kaggle/input/datasets/dhamur/cotton-plant-disease/Cotton leaves/40 Images/Target spot/rotate_zoompil_color_24.jpg,cotton,cotton::Target spot,Target spot,5,1,train,,
/kaggle/input/datasets/dhamur/cotton-plant-disease/Cotton leaves/40 Images/Powdery mildew/pil_color_1.jpg,cotton,cotton::Powdery mildew,Powdery mildew,4,1,train,,
/kaggle/input/datasets/dhamur/cotton-plant-disease/Cotton leaves/40 Images/Healthy/rotate_zoompil_sharpness_21.jpg,cotton,cotton::Healthy,Healthy,3,1,train,,
/kaggle/input/datasets/dhamur/cotton-plant-disease/Cotton leaves/40 Images/Healthy/pil_constract_25.jpg,cotton,cotton::Healthy,Healthy,3,1,train,,
/kaggle/input/datasets/dhamur/cotton-plant-disease/Cotton leaves/40 Images/Target spot/rotate_zoom8.jpg,cotton,cotton::Target spot,Target spot,5,1,train,,
/kaggle/working/exp02_robust_open_set/unknown_sources/cifar10/train/00727_7b5122d445c3.png,cifar10,cifar10::7b5122d445c36d65,Unclassified,6,0,train,object_vehicle,ship
/kaggle/working/exp02_robust_open_set/unknown_sources/cifar10/train/00613_f1aa45b7395a.png,cifar10,cifar10::f1aa45b7395a7148,Unclassified,6,0,train,object_vehicle,truck
/kaggle/input/datasets/dhamur/cotton-plant-disease/Cotton leaves/40 Images/Aphids/vertical_flippil_brightness_2.jpg,cotton,cotton::Aphids,Aphids,0,1,train,,
/kaggle/input/datasets/dhamur/cotton-plant-disease/Cotton leaves/40 Images/Healthy/pil_color_32.jpg,cotton,cotton::Healthy,Healthy,3,1,train,,
/kaggle/input/datasets/dhamur/cotton-plant-disease/Cotton leaves/40 Images/Aphids/random_crop_pil_sharpness_32.jpg,cotton,cotton::Aphids,Aphids,0,1,train,,
/kaggle/input/datasets/dhamur/cotton-plant-disease/Cotton leaves/40 Images/Target spot/rotate_zoom22.jpg,cotton,cotton::Target spot,Target spot,5,1,train,,
/kaggle/working/exp02_robust_open_set/unknown_sources/cifar10/train/00443_eb5caec73364.png,cifar10,cifar10::eb5caec733645e11,Unclassified,6,0,train,animal,horse
/kaggle/input/datasets/dhamur/cotton-plant-disease/Cotton leaves/40 Images/Aphids/pil_brightness_14.jpg,cotton,cotton::Aphids,Aphids,0,1,train,,
/kaggle/working/exp02_robust_open_set/unknown_sources/cifar10/train/00744_b837abd29318.png,cifar10,cifar10::b837abd29318f06b,Unclassified,6,0,train,animal,bird
/kaggle/input/datasets/dhamur/cotton-plant-disease/Cotton leaves/40 Images/Bacterial blight/random_crop_pil_color_12.jpg,cotton,cotton::Bacterial blight,Bacterial blight,2,1,train,,
/kaggle/input/datasets/dhamur/cotton-plant-disease/Cotton leaves/40 Images/Healthy/random_crop_pil_brightness_32.jpg,cotton,cotton::Healthy,Healthy,3,1,train,,
/kaggle/input/datasets/dhamur/cotton-plant-disease/Cotton leaves/40 Images/Target spot/vertical_flippil_constract_20.jpg,cotton,cotton::Target spot,Target spot,5,1,train,,
/kaggle/input/datasets/dhamur/cotton-plant-disease/Cotton leaves/40 Images/Aphids/rotate_zoompil_constract_12.jpg,cotton,cotton::Aphids,Aphids,0,1,train,,
/kaggle/input/datasets/dhamur/cotton-plant-disease/Cotton leaves/40 Images/Army worm/rotate_zoompil_brightness_25.jpg,cotton,cotton::Army worm,Army worm,1,1,train,,
/kaggle/input/datasets/dhamur/cotton-plant-disease/Cotton leaves/40 Images/Army worm/35.jpg,cotton,cotton::Army worm,Army worm,1,1,train,,
/kaggle/input/datasets/dhamur/cotton-plant-disease/Cotton leaves/40 Images/Healthy/2.jpg,cotton,cotton::Healthy,Healthy,3,1,train,,
/kaggle/input/datasets/dhamur/cotton-plant-disease/Cotton leaves/40 Images/Aphids/vertical_flippil_constract_32.jpg,cotton,cotton::Aphids,Aphids,0,1,train,,
/kaggle/input/datasets/dhamur/cotton-plant-disease/Cotton leaves/40 Images/Powdery mildew/rotate_zoom37.jpg,cotton,cotton::Powdery mildew,Powdery mildew,4,1,train,,
/kaggle/input/datasets/dhamur/cotton-plant-disease/Cotton leaves/40 Images/Target spot/vertical_flippil_brightness_30.jpg,cotton,cotton::Target spot,Target spot,5,1,train,,
/kaggle/input/datasets/dhamur/cotton-plant-disease/Cotton leaves/40 Images/Army worm/random_translation_pil_brightness_9.jpg,cotton,cotton::Army worm,Army worm,1,1,train,,
/kaggle/input/datasets/dhamur/cotton-plant-disease/Cotton leaves/40 Images/Powdery mildew/pil_sharpness_25.jpg,cotton,cotton::Powdery mildew,Powdery mildew,4,1,train,,
/kaggle/input/datasets/dhamur/cotton-plant-disease/Cotton leaves/40 Images/Aphids/rotate_zoompil_sharpness_30.jpg,cotton,cotton::Aphids,Aphids,0,1,train,,
/kaggle/input/datasets/dhamur/cotton-plant-disease/Cotton leaves/40 Images/Target spot/pil_constract_37.jpg,cotton,cotton::Target spot,Target spot,5,1,train,,
/kaggle/input/datasets/dhamur/cotton-plant-disease/Cotton leaves/40 Images/Aphids/vertical_flippil_brightness_21.jpg,cotton,cotton::Aphids,Aphids,0,1,train,,
/kaggle/input/datasets/dhamur/cotton-plant-disease/Cotton leaves/40 Images/Powdery mildew/rotate_zoom35.jpg,cotton,cotton::Powdery mildew,Powdery mildew,4,1,train,,
/kaggle/input/datasets/dhamur/cotton-plant-disease/Cotton leaves/40 Images/Aphids/rotate_zoom7.jpg,cotton,cotton::Aphids,Aphids,0,1,train,,
/kaggle/input/datasets/dhamur/cotton-plant-disease/Cotton leaves/40 Images/Aphids/random_crop_15.jpg,cotton,cotton::Aphids,Aphids,0,1,train,,
/kaggle/input/datasets/dhamur/cotton-plant-disease/Cotton leaves/40 Images/Bacterial blight/random_crop_pil_constract_11.jpg,cotton,cotton::Bacterial blight,Bacterial blight,2,1,train,,
/kaggle/input/datasets/dhamur/cotton-plant-disease/Cotton leaves/40 Images/Target spot/random_crop_pil_brightness_21.jpg,cotton,cotton::Target spot,Target spot,5,1,train,,
/kaggle/input/datasets/dhamur/cotton-plant-disease/Cotton leaves/40 Images/Bacterial blight/rotate_zoom40.jpg,cotton,cotton::Bacterial blight,Bacterial blight,2,1,train,,
/kaggle/input/datasets/dhamur/cotton-plant-disease/Cotton leaves/40 Images/Aphids/random_crop_pil_sharpness_13.jpg,cotton,cotton::Aphids,Aphids,0,1,train,,
/kaggle/input/datasets/dhamur/cotton-plant-disease/Cotton leaves/40 Images/Target spot/rotate_zoompil_color_33.jpg,cotton,cotton::Target spot,Target spot,5,1,train,,
/kaggle/input/datasets/dhamur/cotton-plant-disease/Cotton leaves/40 Images/Bacterial blight/random_crop_pil_brightness_5.jpg,cotton,cotton::Bacterial blight,Bacterial blight,2,1,train,,
/kaggle/input/datasets/dhamur/cotton-plant-disease/Cotton leaves/40 Images/Bacterial blight/pil_sharpness_32.jpg,cotton,cotton::Bacterial blight,Bacterial blight,2,1,train,,
/kaggle/input/datasets/dhamur/cotton-plant-disease/Cotton leaves/40 Images/Aphids/random_crop_pil_color_30.jpg,cotton,cotton::Aphids,Aphids,0,1,train,,
/kaggle/input/datasets/dhamur/cotton-plant-disease/Cotton leaves/40 Images/Bacterial blight/vertical_flippil_brightness_24.jpg,cotton,cotton::Bacterial blight,Bacterial blight,2,1,train,,
/kaggle/input/datasets/dhamur/cotton-plant-disease/Cotton leaves/40 Images/Army worm/vertical_flip9.jpg,cotton,cotton::Army worm,Army worm,1,1,train,,
/kaggle/input/datasets/dhamur/cotton-plant-disease/Cotton leaves/40 Images/Aphids/rotate_zoompil_sharpness_23.jpg,cotton,cotton::Aphids,Aphids,0,1,train,,
/kaggle/input/datasets/dhamur/cotton-plant-disease/Cotton leaves/40 Images/Bacterial blight/vertical_flippil_brightness_9.jpg,cotton,cotton::Bacterial blight,Bacterial blight,2,1,train,,
/kaggle/input/datasets/dhamur/cotton-plant-disease/Cotton leaves/40 Images/Aphids/pil_sharpness_22_.jpg,cotton,cotton::Aphids,Aphids,0,1,train,,
/kaggle/input/datasets/dhamur/cotton-plant-disease/Cotton leaves/40 Images/Bacterial blight/rotate_zoom5.jpg,cotton,cotton::Bacterial blight,Bacterial blight,2,1,train,,
/kaggle/input/datasets/dhamur/cotton-plant-disease/Cotton leaves/40 Images/Target spot/random_crop_pil_sharpness_34.jpg,cotton,cotton::Target spot,Target spot,5,1,train,,
/kaggle/input/datasets/dhamur/cotton-plant-disease/Cotton leaves/40 Images/Army worm/pil_brightness_11.jpg,cotton,cotton::Army worm,Army worm,1,1,train,,
/kaggle/input/datasets/dhamur/cotton-plant-disease/Cotton leaves/40 Images/Army worm/rotate_zoompil_constract_13.jpg,cotton,cotton::Army worm,Army worm,1,1,train,,
/kaggle/input/datasets/dhamur/cotton-plant-disease/Cotton leaves/40 Images/Army worm/vertical_flippil_constract_21.jpg,cotton,cotton::Army worm,Army worm,1,1,train,,
/kaggle/input/datasets/dhamur/cotton-plant-disease/Cotton leaves/40 Images/Army worm/vertical_flip34.jpg,cotton,cotton::Army worm,Army worm,1,1,train,,
/kaggle/input/datasets/dhamur/cotton-plant-disease/Cotton leaves/40 Images/Aphids/vertical_flippil_color_10.jpg,cotton,cotton::Aphids,Aphids,0,1,train,,
/kaggle/input/datasets/dhamur/cotton-plant-disease/Cotton leaves/40 Images/Aphids/random_crop_pil_constract_14.jpg,cotton,cotton::Aphids,Aphids,0,1,train,,
/kaggle/input/datasets/dhamur/cotton-plant-disease/Cotton leaves/40 Images/Target spot/36.jpg,cotton,cotton::Target spot,Target spot,5,1,train,,
/kaggle/input/datasets/dhamur/cotton-plant-disease/Cotton leaves/40 Images/Bacterial blight/random_crop_pil_brightness_24.jpg,cotton,cotton::Bacterial blight,Bacterial blight,2,1,train,,
/kaggle/input/datasets/dhamur/cotton-plant-disease/Cotton leaves/40 Images/Aphids/pil_brightness_34.jpg,cotton,cotton::Aphids,Aphids,0,1,train,,
/kaggle/input/datasets/dhamur/cotton-plant-disease/Cotton leaves/40 Images/Aphids/rotate_zoompil_constract_23.jpg,cotton,cotton::Aphids,Aphids,0,1,train,,
/kaggle/input/datasets/dhamur/cotton-plant-disease/Cotton leaves/40 Images/Healthy/random_crop_pil_constract_17.jpg,cotton,cotton::Healthy,Healthy,3,1,train,,
/kaggle/input/datasets/dhamur/cotton-plant-disease/Cotton leaves/40 Images/Powdery mildew/pil_color_10.jpg,cotton,cotton::Powdery mildew,Powdery mildew,4,1,train,,
/kaggle/input/datasets/dhamur/cotton-plant-disease/Cotton leaves/40 Images/Aphids/rotate_zoompil_constract_15.jpg,cotton,cotton::Aphids,Aphids,0,1,train,,
/kaggle/input/datasets/dhamur/cotton-plant-disease/Cotton leaves/40 Images/Bacterial blight/rotate_zoompil_brightness_25.jpg,cotton,cotton::Bacterial blight,Bacterial blight,2,1,train,,
/kaggle/input/datasets/dhamur/cotton-plant-disease/Cotton leaves/40 Images/Powdery mildew/random_crop_pil_color_2.jpg,cotton,cotton::Powdery mildew,Powdery mildew,4,1,train,,
/kaggle/input/datasets/dhamur/cotton-plant-disease/Cotton leaves/40 Images/Army worm/random_translation_pil_sharpness_35.jpg,cotton,cotton::Army worm,Army worm,1,1,train,,
/kaggle/input/datasets/dhamur/cotton-plant-disease/Cotton leaves/40 Images/Target spot/random_crop_pil_brightness_25.jpg,cotton,cotton::Target spot,Target spot,5,1,train,,
/kaggle/input/datasets/dhamur/cotton-plant-disease/Cotton leaves/40 Images/Target spot/random_crop_pil_constract_1.jpg,cotton,cotton::Target spot,Target spot,5,1,train,,
/kaggle/input/datasets/dhamur/cotton-plant-disease/Cotton leaves/40 Images/Healthy/pil_color_13.jpg,cotton,cotton::Healthy,Healthy,3,1,train,,
/kaggle/working/exp02_robust_open_set/unknown_sources/cifar10/train/00150_eed4dea1a87c.png,cifar10,cifar10::eed4dea1a87c82ac,Unclassified,6,0,train,object_vehicle,truck
/kaggle/input/datasets/dhamur/cotton-plant-disease/Cotton leaves/40 Images/Army worm/vertical_flippil_constract_38.jpg,cotton,cotton::Army worm,Army worm,1,1,train,,
/kaggle/input/datasets/dhamur/cotton-plant-disease/Cotton leaves/40 Images/Target spot/vertical_flippil_constract_7.jpg,cotton,cotton::Target spot,Target spot,5,1,train,,
/kaggle/input/datasets/dhamur/cotton-plant-disease/Cotton leaves/40 Images/Healthy/pil_color_38.jpg,cotton,cotton::Healthy,Healthy,3,1,train,,
/kaggle/input/datasets/dhamur/cotton-plant-disease/Cotton leaves/40 Images/Army worm/vertical_flippil_brightness_30.jpg,cotton,cotton::Army worm,Army worm,1,1,train,,
/kaggle/input/datasets/dhamur/cotton-plant-disease/Cotton leaves/40 Images/Powdery mildew/12.jpg,cotton,cotton::Powdery mildew,Powdery mildew,4,1,train,,
/kaggle/input/datasets/dhamur/cotton-plant-disease/Cotton leaves/40 Images/Army worm/rotate_zoom31.jpg,cotton,cotton::Army worm,Army worm,1,1,train,,
/kaggle/working/exp02_robust_open_set/unknown_sources/cifar10/train/00144_7350f02595d9.png,cifar10,cifar10::7350f02595d938a1,Unclassified,6,0,train,object_vehicle,automobile
/kaggle/input/datasets/dhamur/cotton-plant-disease/Cotton leaves/40 Images/Aphids/pil_constract_17.jpg,cotton,cotton::Aphids,Aphids,0,1,train,,
/kaggle/working/exp02_robust_open_set/unknown_sources/cifar10/train/00431_a80b42420b3d.png,cifar10,cifar10::a80b42420b3d7e55,Unclassified,6,0,train,animal,frog
/kaggle/input/datasets/dhamur/cotton-plant-disease/Cotton leaves/40 Images/Aphids/random_crop_16.jpg,cotton,cotton::Aphids,Aphids,0,1,train,,
/kaggle/input/datasets/dhamur/cotton-plant-disease/Cotton leaves/40 Images/Healthy/vertical_flip7.jpg,cotton,cotton::Healthy,Healthy,3,1,train,,
/kaggle/input/datasets/dhamur/cotton-plant-disease/Cotton leaves/40 Images/Healthy/vertical_flippil_color_10.jpg,cotton,cotton::Healthy,Healthy,3,1,train,,
/kaggle/input/datasets/dhamur/cotton-plant-disease/Cotton leaves/40 Images/Powdery mildew/rotate_zoom13.jpg,cotton,cotton::Powdery mildew,Powdery mildew,4,1,train,,
/kaggle/input/datasets/dhamur/cotton-plant-disease/Cotton leaves/40 Images/Powdery mildew/random_crop_pil_constract_18.jpg,cotton,cotton::Powdery mildew,Powdery mildew,4,1,train,,
/kaggle/input/datasets/dhamur/cotton-plant-disease/Cotton leaves/40 Images/Bacterial blight/random_crop_pil_color_31.jpg,cotton,cotton::Bacterial blight,Bacterial blight,2,1,train,,
/kaggle/input/datasets/dhamur/cotton-plant-disease/Cotton leaves/40 Images/Army worm/pil_sharpness_7.jpg,cotton,cotton::Army worm,Army worm,1,1,train,,
/kaggle/input/datasets/dhamur/cotton-plant-disease/Cotton leaves/40 Images/Bacterial blight/random_crop_pil_color_1.jpg,cotton,cotton::Bacterial blight,Bacterial blight,2,1,train,,
/kaggle/working/exp02_robust_open_set/unknown_sources/cifar10/train/00481_3069fc837c94.png,cifar10,cifar10::3069fc837c948ca3,Unclassified,6,0,train,animal,bird
/kaggle/input/datasets/dhamur/cotton-plant-disease/Cotton leaves/40 Images/Aphids/random_crop_pil_sharpness_19.jpg,cotton,cotton::Aphids,Aphids,0,1,train,,
/kaggle/working/exp02_robust_open_set/unknown_sources/cifar10/train/00154_6a1b98607152.png,cifar10,cifar10::6a1b98607152a189,Unclassified,6,0,train,object_vehicle,automobile
/kaggle/input/datasets/dhamur/cotton-plant-disease/Cotton leaves/40 Images/Powdery mildew/vertical_flippil_brightness_38.jpg,cotton,cotton::Powdery mildew,Powdery mildew,4,1,train,,
/kaggle/input/datasets/dhamur/cotton-plant-disease/Cotton leaves/40 Images/Aphids/pil_sharpness_17.jpg,cotton,cotton::Aphids,Aphids,0,1,train,,
/kaggle/input/datasets/dhamur/cotton-plant-disease/Cotton leaves/40 Images/Bacterial blight/rotate_zoompil_brightness_24.jpg,cotton,cotton::Bacterial blight,Bacterial blight,2,1,train,,
/kaggle/input/datasets/dhamur/cotton-plant-disease/Cotton leaves/40 Images/Bacterial blight/random_crop_pil_constract_31.jpg,cotton,cotton::Bacterial blight,Bacterial blight,2,1,train,,
/kaggle/input/datasets/dhamur/cotton-plant-disease/Cotton leaves/40 Images/Aphids/random_crop_pil_constract_40.jpg,cotton,cotton::Aphids,Aphids,0,1,train,,
/kaggle/input/datasets/dhamur/cotton-plant-disease/Cotton leaves/40 Images/Aphids/vertical_flippil_constract_33.jpg,cotton,cotton::Aphids,Aphids,0,1,train,,
/kaggle/input/datasets/dhamur/cotton-plant-disease/Cotton leaves/40 Images/Bacterial blight/vertical_flippil_sharpness_9.jpg,cotton,cotton::Bacterial blight,Bacterial blight,2,1,train,,
/kaggle/input/datasets/dhamur/cotton-plant-disease/Cotton leaves/40 Images/Army worm/random_translation_10.jpg,cotton,cotton::Army worm,Army worm,1,1,train,,
/kaggle/input/datasets/dhamur/cotton-plant-disease/Cotton leaves/40 Images/Bacterial blight/vertical_flippil_brightness_32.jpg,cotton,cotton::Bacterial blight,Bacterial blight,2,1,train,,
/kaggle/input/datasets/dhamur/cotton-plant-disease/Cotton leaves/40 Images/Army worm/rotate_zoompil_constract_2.jpg,cotton,cotton::Army worm,Army worm,1,1,train,,
/kaggle/input/datasets/dhamur/cotton-plant-disease/Cotton leaves/40 Images/Army worm/vertical_flippil_sharpness_15.jpg,cotton,cotton::Army worm,Army worm,1,1,train,,
/kaggle/working/exp02_robust_open_set/unknown_sources/cifar10/train/00716_af65e200f1af.png,cifar10,cifar10::af65e200f1af1d14,Unclassified,6,0,train,animal,dog
/kaggle/input/datasets/dhamur/cotton-plant-disease/Cotton leaves/40 Images/Army worm/rotate_zoompil_brightness_5.jpg,cotton,cotton::Army worm,Army worm,1,1,train,,
/kaggle/working/exp02_robust_open_set/unknown_sources/cifar10/train/00091_f9dd99ccc791.png,cifar10,cifar10::f9dd99ccc7917391,Unclassified,6,0,train,animal,horse
/kaggle/input/datasets/dhamur/cotton-plant-disease/Cotton leaves/40 Images/Healthy/random_crop_pil_brightness_29.jpg,cotton,cotton::Healthy,Healthy,3,1,train,,
/kaggle/input/datasets/dhamur/cotton-plant-disease/Cotton leaves/40 Images/Aphids/random_crop_32.jpg,cotton,cotton::Aphids,Aphids,0,1,train,,
/kaggle/input/datasets/dhamur/cotton-plant-disease/Cotton leaves/40 Images/Bacterial blight/rotate_zoompil_sharpness_28.jpg,cotton,cotton::Bacterial blight,Bacterial blight,2,1,train,,
/kaggle/input/datasets/dhamur/cotton-plant-disease/Cotton leaves/40 Images/Army worm/1.jpg,cotton,cotton::Army worm,Army worm,1,1,train,,
/kaggle/input/datasets/dhamur/cotton-plant-disease/Cotton leaves/40 Images/Powdery mildew/pil_brightness_39.jpg,cotton,cotton::Powdery mildew,Powdery mildew,4,1,train,,
/kaggle/input/datasets/dhamur/cotton-plant-disease/Cotton leaves/40 Images/Aphids/random_crop_pil_color_13.jpg,cotton,cotton::Aphids,Aphids,0,1,train,,
/kaggle/input/datasets/dhamur/cotton-plant-disease/Cotton leaves/40 Images/Aphids/pil_color_21.jpg,cotton,cotton::Aphids,Aphids,0,1,train,,
/kaggle/input/datasets/dhamur/cotton-plant-disease/Cotton leaves/40 Images/Aphids/rotate_zoom23.jpg,cotton,cotton::Aphids,Aphids,0,1,train,,
/kaggle/input/datasets/dhamur/cotton-plant-disease/Cotton leaves/40 Images/Bacterial blight/random_crop_pil_constract_14.jpg,cotton,cotton::Bacterial blight,Bacterial blight,2,1,train,,
/kaggle/input/datasets/dhamur/cotton-plant-disease/Cotton leaves/40 Images/Aphids/rotate_zoompil_sharpness_33.jpg,cotton,cotton::Aphids,Aphids,0,1,train,,
/kaggle/input/datasets/dhamur/cotton-plant-disease/Cotton leaves/40 Images/Powdery mildew/rotate_zoompil_constract_31.jpg,cotton,cotton::Powdery mildew,Powdery mildew,4,1,train,,
/kaggle/input/datasets/dhamur/cotton-plant-disease/Cotton leaves/40 Images/Target spot/pil_constract_1.jpg,cotton,cotton::Target spot,Target spot,5,1,train,,
/kaggle/input/datasets/dhamur/cotton-plant-disease/Cotton leaves/40 Images/Healthy/17.jpg,cotton,cotton::Healthy,Healthy,3,1,train,,
/kaggle/working/exp02_robust_open_set/unknown_sources/cifar10/train/00368_02db500f0378.png,cifar10,cifar10::02db500f03781f94,Unclassified,6,0,train,animal,cat
/kaggle/input/datasets/dhamur/cotton-plant-disease/Cotton leaves/40 Images/Army worm/vertical_flippil_constract_26.jpg,cotton,cotton::Army worm,Army worm,1,1,train,,
/kaggle/input/datasets/dhamur/cotton-plant-disease/Cotton leaves/40 Images/Healthy/vertical_flip9.jpg,cotton,cotton::Healthy,Healthy,3,1,train,,
/kaggle/input/datasets/dhamur/cotton-plant-disease/Cotton leaves/40 Images/Aphids/random_crop_pil_constract_21.jpg,cotton,cotton::Aphids,Aphids,0,1,train,,
/kaggle/working/exp02_robust_open_set/unknown_sources/cifar10/train/00315_5f8c05480365.png,cifar10,cifar10::5f8c05480365960c,Unclassified,6,0,train,object_vehicle,ship
/kaggle/input/datasets/dhamur/cotton-plant-disease/Cotton leaves/40 Images/Aphids/rotate_zoompil_color_10.jpg,cotton,cotton::Aphids,Aphids,0,1,train,,
/kaggle/input/datasets/dhamur/cotton-plant-disease/Cotton leaves/40 Images/Target spot/pil_color_22.jpg,cotton,cotton::Target spot,Target spot,5,1,train,,
/kaggle/input/datasets/dhamur/cotton-plant-disease/Cotton leaves/40 Images/Army worm/vertical_flippil_sharpness_18.jpg,cotton,cotton::Army worm,Army worm,1,1,train,,
/kaggle/input/datasets/dhamur/cotton-plant-disease/Cotton leaves/40 Images/Aphids/vertical_flip28.jpg,cotton,cotton::Aphids,Aphids,0,1,train,,
/kaggle/input/datasets/dhamur/cotton-plant-disease/Cotton leaves/40 Images/Target spot/rotate_zoompil_sharpness_9.jpg,cotton,cotton::Target spot,Target spot,5,1,train,,
/kaggle/input/datasets/dhamur/cotton-plant-disease/Cotton leaves/40 Images/Target spot/random_crop_pil_color_13.jpg,cotton,cotton::Target spot,Target spot,5,1,train,,
/kaggle/input/datasets/dhamur/cotton-plant-disease/Cotton leaves/40 Images/Aphids/pil_color_32.jpg,cotton,cotton::Aphids,Aphids,0,1,train,,
/kaggle/input/datasets/dhamur/cotton-plant-disease/Cotton leaves/40 Images/Powdery mildew/vertical_flip11.jpg,cotton,cotton::Powdery mildew,Powdery mildew,4,1,train,,
/kaggle/input/datasets/dhamur/cotton-plant-disease/Cotton leaves/40 Images/Target spot/vertical_flippil_sharpness_28.jpg,cotton,cotton::Target spot,Target spot,5,1,train,,
/kaggle/working/exp02_robust_open_set/unknown_sources/cifar10/train/00710_a589a5555eb9.png,cifar10,cifar10::a589a5555eb9fb2b,Unclassified,6,0,train,animal,horse
/kaggle/input/datasets/dhamur/cotton-plant-disease/Cotton leaves/40 Images/Powdery mildew/rotate_zoompil_brightness_38.jpg,cotton,cotton::Powdery mildew,Powdery mildew,4,1,train,,
/kaggle/input/datasets/dhamur/cotton-plant-disease/Cotton leaves/40 Images/Army worm/rotate_zoompil_constract_17.jpg,cotton,cotton::Army worm,Army worm,1,1,train,,
/kaggle/input/datasets/dhamur/cotton-plant-disease/Cotton leaves/40 Images/Powdery mildew/vertical_flippil_sharpness_9.jpg,cotton,cotton::Powdery mildew,Powdery mildew,4,1,train,,
/kaggle/input/datasets/dhamur/cotton-plant-disease/Cotton leaves/40 Images/Aphids/rotate_zoompil_sharpness_19.jpg,cotton,cotton::Aphids,Aphids,0,1,train,,
/kaggle/input/datasets/dhamur/cotton-plant-disease/Cotton leaves/40 Images/Bacterial blight/rotate_zoompil_sharpness_37.jpg,cotton,cotton::Bacterial blight,Bacterial blight,2,1,train,,
/kaggle/working/exp02_robust_open_set/unknown_sources/cifar10/train/00046_3d7ca7b61632.png,cifar10,cifar10::3d7ca7b616328ce6,Unclassified,6,0,train,object_vehicle,truck
/kaggle/input/datasets/dhamur/cotton-plant-disease/Cotton leaves/40 Images/Aphids/19.jpg,cotton,cotton::Aphids,Aphids,0,1,train,,
/kaggle/input/datasets/dhamur/cotton-plant-disease/Cotton leaves/40 Images/Healthy/random_crop_21.jpg,cotton,cotton::Healthy,Healthy,3,1,train,,
/kaggle/input/datasets/dhamur/cotton-plant-disease/Cotton leaves/40 Images/Army worm/vertical_flippil_color_18.jpg,cotton,cotton::Army worm,Army worm,1,1,train,,
/kaggle/input/datasets/dhamur/cotton-plant-disease/Cotton leaves/40 Images/Bacterial blight/rotate_zoompil_color_19.jpg,cotton,cotton::Bacterial blight,Bacterial blight,2,1,train,,
/kaggle/working/exp02_robust_open_set/unknown_sources/cifar10/train/00393_dc2cd08f2d22.png,cifar10,cifar10::dc2cd08f2d22c793,Unclassified,6,0,train,object_vehicle,automobile
/kaggle/input/datasets/dhamur/cotton-plant-disease/Cotton leaves/40 Images/Healthy/pil_sharpness_12.jpg,cotton,cotton::Healthy,Healthy,3,1,train,,
/kaggle/input/datasets/dhamur/cotton-plant-disease/Cotton leaves/40 Images/Bacterial blight/rotate_zoompil_sharpness_40.jpg,cotton,cotton::Bacterial blight,Bacterial blight,2,1,train,,
/kaggle/input/datasets/dhamur/cotton-plant-disease/Cotton leaves/40 Images/Powdery mildew/pil_brightness_8.jpg,cotton,cotton::Powdery mildew,Powdery mildew,4,1,train,,
/kaggle/input/datasets/dhamur/cotton-plant-disease/Cotton leaves/40 Images/Bacterial blight/vertical_flippil_color_30.jpg,cotton,cotton::Bacterial blight,Bacterial blight,2,1,train,,
/kaggle/input/datasets/dhamur/cotton-plant-disease/Cotton leaves/40 Images/Army worm/pil_brightness_13.jpg,cotton,cotton::Army worm,Army worm,1,1,train,,
/kaggle/input/datasets/dhamur/cotton-plant-disease/Cotton leaves/40 Images/Powdery mildew/random_crop_2.jpg,cotton,cotton::Powdery mildew,Powdery mildew,4,1,train,,
/kaggle/input/datasets/dhamur/cotton-plant-disease/Cotton leaves/40 Images/Healthy/vertical_flippil_brightness_3.jpg,cotton,cotton::Healthy,Healthy,3,1,train,,
/kaggle/input/datasets/dhamur/cotton-plant-disease/Cotton leaves/40 Images/Healthy/rotate_zoompil_color_5.jpg,cotton,cotton::Healthy,Healthy,3,1,train,,
/kaggle/working/exp02_robust_open_set/unknown_sources/cifar10/train/00468_a798e73d7bd8.png,cifar10,cifar10::a798e73d7bd8c065,Unclassified,6,0,train,object_vehicle,automobile
/kaggle/input/datasets/dhamur/cotton-plant-disease/Cotton leaves/40 Images/Aphids/vertical_flippil_brightness_28.jpg,cotton,cotton::Aphids,Aphids,0,1,train,,
/kaggle/input/datasets/dhamur/cotton-plant-disease/Cotton leaves/40 Images/Powdery mildew/vertical_flip18.jpg,cotton,cotton::Powdery mildew,Powdery mildew,4,1,train,,
/kaggle/working/exp02_robust_open_set/unknown_sources/cifar10/train/00168_5486db024988.png,cifar10,cifar10::5486db0249888fb5,Unclassified,6,0,train,object_vehicle,automobile
/kaggle/input/datasets/dhamur/cotton-plant-disease/Cotton leaves/40 Images/Army worm/pil_color_31.jpg,cotton,cotton::Army worm,Army worm,1,1,train,,
/kaggle/working/exp02_robust_open_set/unknown_sources/cifar10/train/00343_7fd5fe511489.png,cifar10,cifar10::7fd5fe511489a2e7,Unclassified,6,0,train,object_vehicle,ship
/kaggle/input/datasets/dhamur/cotton-plant-disease/Cotton leaves/40 Images/Powdery mildew/random_crop_pil_sharpness_9.jpg,cotton,cotton::Powdery mildew,Powdery mildew,4,1,train,,
/kaggle/input/datasets/dhamur/cotton-plant-disease/Cotton leaves/40 Images/Powdery mildew/rotate_zoompil_sharpness_3.jpg,cotton,cotton::Powdery mildew,Powdery mildew,4,1,train,,
/kaggle/input/datasets/dhamur/cotton-plant-disease/Cotton leaves/40 Images/Bacterial blight/pil_sharpness_37.jpg,cotton,cotton::Bacterial blight,Bacterial blight,2,1,train,,
/kaggle/input/datasets/dhamur/cotton-plant-disease/Cotton leaves/40 Images/Aphids/rotate_zoom24_.jpg,cotton,cotton::Aphids,Aphids,0,1,train,,
/kaggle/input/datasets/dhamur/cotton-plant-disease/Cotton leaves/40 Images/Bacterial blight/vertical_flippil_constract_3.jpg,cotton,cotton::Bacterial blight,Bacterial blight,2,1,train,,
/kaggle/input/datasets/dhamur/cotton-plant-disease/Cotton leaves/40 Images/Bacterial blight/vertical_flip4.jpg,cotton,cotton::Bacterial blight,Bacterial blight,2,1,train,,
/kaggle/working/exp02_robust_open_set/unknown_sources/cifar10/train/00018_6c77174628be.png,cifar10,cifar10::6c77174628bee364,Unclassified,6,0,train,animal,cat
/kaggle/input/datasets/dhamur/cotton-plant-disease/Cotton leaves/40 Images/Aphids/vertical_flip4.jpg,cotton,cotton::Aphids,Aphids,0,1,train,,
/kaggle/working/exp02_robust_open_set/unknown_sources/cifar10/train/00607_846335ccc39a.png,cifar10,cifar10::846335ccc39a6edc,Unclassified,6,0,train,animal,dog
/kaggle/input/datasets/dhamur/cotton-plant-disease/Cotton leaves/40 Images/Healthy/pil_color_39.jpg,cotton,cotton::Healthy,Healthy,3,1,train,,
/kaggle/input/datasets/dhamur/cotton-plant-disease/Cotton leaves/40 Images/Powdery mildew/pil_color_35.jpg,cotton,cotton::Powdery mildew,Powdery mildew,4,1,train,,
/kaggle/input/datasets/dhamur/cotton-plant-disease/Cotton leaves/40 Images/Healthy/random_crop_pil_color_9.jpg,cotton,cotton::Healthy,Healthy,3,1,train,,
/kaggle/input/datasets/dhamur/cotton-plant-disease/Cotton leaves/40 Images/Powdery mildew/pil_constract_7.jpg,cotton,cotton::Powdery mildew,Powdery mildew,4,1,train,,
/kaggle/input/datasets/dhamur/cotton-plant-disease/Cotton leaves/40 Images/Powdery mildew/rotate_zoompil_brightness_39.jpg,cotton,cotton::Powdery mildew,Powdery mildew,4,1,train,,
/kaggle/input/datasets/dhamur/cotton-plant-disease/Cotton leaves/40 Images/Target spot/rotate_zoompil_color_2.jpg,cotton,cotton::Target spot,Target spot,5,1,train,,
/kaggle/input/datasets/dhamur/cotton-plant-disease/Cotton leaves/40 Images/Target spot/pil_brightness_22.jpg,cotton,cotton::Target spot,Target spot,5,1,train,,
/kaggle/input/datasets/dhamur/cotton-plant-disease/Cotton leaves/40 Images/Bacterial blight/rotate_zoompil_sharpness_3.jpg,cotton,cotton::Bacterial blight,Bacterial blight,2,1,train,,
/kaggle/input/datasets/dhamur/cotton-plant-disease/Cotton leaves/40 Images/Powdery mildew/rotate_zoompil_color_20.jpg,cotton,cotton::Powdery mildew,Powdery mildew,4,1,train,,
/kaggle/input/datasets/dhamur/cotton-plant-disease/Cotton leaves/40 Images/Bacterial blight/pil_sharpness_11.jpg,cotton,cotton::Bacterial blight,Bacterial blight,2,1,train,,
/kaggle/input/datasets/dhamur/cotton-plant-disease/Cotton leaves/40 Images/Army worm/rotate_zoompil_constract_36.jpg,cotton,cotton::Army worm,Army worm,1,1,train,,
/kaggle/working/exp02_robust_open_set/unknown_sources/cifar10/train/00738_12847e8ecc65.png,cifar10,cifar10::12847e8ecc6521fa,Unclassified,6,0,train,animal,frog
/kaggle/input/datasets/dhamur/cotton-plant-disease/Cotton leaves/40 Images/Target spot/vertical_flippil_brightness_4.jpg,cotton,cotton::Target spot,Target spot,5,1,train,,
/kaggle/input/datasets/dhamur/cotton-plant-disease/Cotton leaves/40 Images/Healthy/rotate_zoompil_brightness_1.jpg,cotton,cotton::Healthy,Healthy,3,1,train,,
/kaggle/working/exp02_robust_open_set/unknown_sources/cifar10/train/00092_47f07e24b881.png,cifar10,cifar10::47f07e24b88102e4,Unclassified,6,0,train,animal,frog
/kaggle/working/exp02_robust_open_set/unknown_sources/cifar10/train/00594_a04ee482005b.png,cifar10,cifar10::a04ee482005b9f61,Unclassified,6,0,train,animal,horse
/kaggle/input/datasets/dhamur/cotton-plant-disease/Cotton leaves/40 Images/Powdery mildew/rotate_zoom2.jpg,cotton,cotton::Powdery mildew,Powdery mildew,4,1,train,,
/kaggle/input/datasets/dhamur/cotton-plant-disease/Cotton leaves/40 Images/Aphids/vertical_flippil_constract_11.jpg,cotton,cotton::Aphids,Aphids,0,1,train,,
/kaggle/working/exp02_robust_open_set/unknown_sources/cifar10/train/00159_8b8d3b5f6e99.png,cifar10,cifar10::8b8d3b5f6e99d005,Unclassified,6,0,train,animal,horse
/kaggle/input/datasets/dhamur/cotton-plant-disease/Cotton leaves/40 Images/Bacterial blight/pil_color_22.jpg,cotton,cotton::Bacterial blight,Bacterial blight,2,1,train,,
/kaggle/input/datasets/dhamur/cotton-plant-disease/Cotton leaves/40 Images/Aphids/random_crop_pil_color_3.jpg,cotton,cotton::Aphids,Aphids,0,1,train,,
/kaggle/input/datasets/dhamur/cotton-plant-disease/Cotton leaves/40 Images/Powdery mildew/random_crop_pil_color_19.jpg,cotton,cotton::Powdery mildew,Powdery mildew,4,1,train,,
/kaggle/working/exp02_robust_open_set/unknown_sources/cifar10/train/00539_42bbc2ce6a73.png,cifar10,cifar10::42bbc2ce6a732053,Unclassified,6,0,train,animal,cat
/kaggle/working/exp02_robust_open_set/unknown_sources/cifar10/train/00360_f0cca5256531.png,cifar10,cifar10::f0cca52565313a80,Unclassified,6,0,train,animal,deer
/kaggle/working/exp02_robust_open_set/unknown_sources/cifar10/train/00126_74d58d976c9e.png,cifar10,cifar10::74d58d976c9e8191,Unclassified,6,0,train,animal,deer
/kaggle/input/datasets/dhamur/cotton-plant-disease/Cotton leaves/40 Images/Aphids/random_crop_pil_constract_35.jpg,cotton,cotton::Aphids,Aphids,0,1,train,,
/kaggle/input/datasets/dhamur/cotton-plant-disease/Cotton leaves/40 Images/Healthy/rotate_zoompil_sharpness_19.jpg,cotton,cotton::Healthy,Healthy,3,1,train,,
/kaggle/working/exp02_robust_open_set/unknown_sources/cifar10/train/00253_7dfc5f8d3890.png,cifar10,cifar10::7dfc5f8d3890de82,Unclassified,6,0,train,animal,dog
/kaggle/input/datasets/dhamur/cotton-plant-disease/Cotton leaves/40 Images/Healthy/random_crop_18.jpg,cotton,cotton::Healthy,Healthy,3,1,train,,
/kaggle/input/datasets/dhamur/cotton-plant-disease/Cotton leaves/40 Images/Aphids/random_crop_pil_brightness_31.jpg,cotton,cotton::Aphids,Aphids,0,1,train,,
/kaggle/input/datasets/dhamur/cotton-plant-disease/Cotton leaves/40 Images/Army worm/random_translation_pil_constract_15.jpg,cotton,cotton::Army worm,Army worm,1,1,train,,
/kaggle/input/datasets/dhamur/cotton-plant-disease/Cotton leaves/40 Images/Powdery mildew/vertical_flippil_sharpness_31.jpg,cotton,cotton::Powdery mildew,Powdery mildew,4,1,train,,
/kaggle/input/datasets/dhamur/cotton-plant-disease/Cotton leaves/40 Images/Aphids/random_crop_2.jpg,cotton,cotton::Aphids,Aphids,0,1,train,,
/kaggle/input/datasets/dhamur/cotton-plant-disease/Cotton leaves/40 Images/Army worm/vertical_flippil_color_27.jpg,cotton,cotton::Army worm,Army worm,1,1,train,,
/kaggle/input/datasets/dhamur/cotton-plant-disease/Cotton leaves/40 Images/Target spot/rotate_zoom24.jpg,cotton,cotton::Target spot,Target spot,5,1,train,,
/kaggle/input/datasets/dhamur/cotton-plant-disease/Cotton leaves/40 Images/Target spot/random_crop_pil_sharpness_14.jpg,cotton,cotton::Target spot,Target spot,5,1,train,,
/kaggle/input/datasets/dhamur/cotton-plant-disease/Cotton leaves/40 Images/Army worm/pil_brightness_35.jpg,cotton,cotton::Army worm,Army worm,1,1,train,,
/kaggle/input/datasets/dhamur/cotton-plant-disease/Cotton leaves/40 Images/Aphids/pil_color_10.jpg,cotton,cotton::Aphids,Aphids,0,1,train,,
/kaggle/input/datasets/dhamur/cotton-plant-disease/Cotton leaves/40 Images/Bacterial blight/rotate_zoom21.jpg,cotton,cotton::Bacterial blight,Bacterial blight,2,1,train,,
/kaggle/input/datasets/dhamur/cotton-plant-disease/Cotton leaves/40 Images/Healthy/vertical_flippil_brightness_14.jpg,cotton,cotton::Healthy,Healthy,3,1,train,,
/kaggle/input/datasets/dhamur/cotton-plant-disease/Cotton leaves/40 Images/Aphids/pil_color_28.jpg,cotton,cotton::Aphids,Aphids,0,1,train,,
/kaggle/input/datasets/dhamur/cotton-plant-disease/Cotton leaves/40 Images/Aphids/pil_brightness_37.jpg,cotton,cotton::Aphids,Aphids,0,1,train,,
/kaggle/working/exp02_robust_open_set/unknown_sources/cifar10/train/00633_1ea4b701e8f1.png,cifar10,cifar10::1ea4b701e8f1c33f,Unclassified,6,0,train,object_vehicle,truck
/kaggle/input/datasets/dhamur/cotton-plant-disease/Cotton leaves/40 Images/Bacterial blight/pil_color_14.jpg,cotton,cotton::Bacterial blight,Bacterial blight,2,1,train,,
/kaggle/input/datasets/dhamur/cotton-plant-disease/Cotton leaves/40 Images/Army worm/rotate_zoompil_brightness_35.jpg,cotton,cotton::Army worm,Army worm,1,1,train,,
/kaggle/input/datasets/dhamur/cotton-plant-disease/Cotton leaves/40 Images/Powdery mildew/pil_sharpness_28.jpg,cotton,cotton::Powdery mildew,Powdery mildew,4,1,train,,
/kaggle/input/datasets/dhamur/cotton-plant-disease/Cotton leaves/40 Images/Target spot/9.jpg,cotton,cotton::Target spot,Target spot,5,1,train,,
/kaggle/input/datasets/dhamur/cotton-plant-disease/Cotton leaves/40 Images/Bacterial blight/rotate_zoompil_sharpness_4.jpg,cotton,cotton::Bacterial blight,Bacterial blight,2,1,train,,
/kaggle/input/datasets/dhamur/cotton-plant-disease/Cotton leaves/40 Images/Target spot/vertical_flip12.jpg,cotton,cotton::Target spot,Target spot,5,1,train,,
/kaggle/input/datasets/dhamur/cotton-plant-disease/Cotton leaves/40 Images/Aphids/random_crop_39.jpg,cotton,cotton::Aphids,Aphids,0,1,train,,
/kaggle/input/datasets/dhamur/cotton-plant-disease/Cotton leaves/40 Images/Bacterial blight/vertical_flippil_constract_1.jpg,cotton,cotton::Bacterial blight,Bacterial blight,2,1,train,,
/kaggle/input/datasets/dhamur/cotton-plant-disease/Cotton leaves/40 Images/Powdery mildew/rotate_zoompil_constract_25.jpg,cotton,cotton::Powdery mildew,Powdery mildew,4,1,train,,
/kaggle/input/datasets/dhamur/cotton-plant-disease/Cotton leaves/40 Images/Target spot/vertical_flippil_sharpness_37.jpg,cotton,cotton::Target spot,Target spot,5,1,train,,
/kaggle/input/datasets/dhamur/cotton-plant-disease/Cotton leaves/40 Images/Army worm/pil_constract_16.jpg,cotton,cotton::Army worm,Army worm,1,1,train,,
/kaggle/input/datasets/dhamur/cotton-plant-disease/Cotton leaves/40 Images/Healthy/random_crop_pil_constract_6.jpg,cotton,cotton::Healthy,Healthy,3,1,train,,
/kaggle/working/exp02_robust_open_set/unknown_sources/cifar10/train/00378_d0d5d4ffdcce.png,cifar10,cifar10::d0d5d4ffdccee1af,Unclassified,6,0,train,object_vehicle,airplane
/kaggle/input/datasets/dhamur/cotton-plant-disease/Cotton leaves/40 Images/Bacterial blight/rotate_zoompil_constract_24.jpg,cotton,cotton::Bacterial blight,Bacterial blight,2,1,train,,
/kaggle/input/datasets/dhamur/cotton-plant-disease/Cotton leaves/40 Images/Bacterial blight/random_crop_17.jpg,cotton,cotton::Bacterial blight,Bacterial blight,2,1,train,,
/kaggle/input/datasets/dhamur/cotton-plant-disease/Cotton leaves/40 Images/Powdery mildew/pil_color_3.jpg,cotton,cotton::Powdery mildew,Powdery mildew,4,1,train,,
/kaggle/input/datasets/dhamur/cotton-plant-disease/Cotton leaves/40 Images/Aphids/vertical_flippil_constract_13.jpg,cotton,cotton::Aphids,Aphids,0,1,train,,
/kaggle/working/exp02_robust_open_set/unknown_sources/cifar10/train/00209_696c1998e810.png,cifar10,cifar10::696c1998e81051e3,Unclassified,6,0,train,animal,bird
/kaggle/input/datasets/dhamur/cotton-plant-disease/Cotton leaves/40 Images/Army worm/random_translation_pil_sharpness_6.jpg,cotton,cotton::Army worm,Army worm,1,1,train,,
/kaggle/working/exp02_robust_open_set/unknown_sources/cifar10/train/00458_f94c8798cd35.png,cifar10,cifar10::f94c8798cd35d3b2,Unclassified,6,0,train,animal,deer
/kaggle/input/datasets/dhamur/cotton-plant-disease/Cotton leaves/40 Images/Healthy/rotate_zoompil_color_7.jpg,cotton,cotton::Healthy,Healthy,3,1,train,,
/kaggle/input/datasets/dhamur/cotton-plant-disease/Cotton leaves/40 Images/Bacterial blight/random_crop_pil_color_16.jpg,cotton,cotton::Bacterial blight,Bacterial blight,2,1,train,,
/kaggle/input/datasets/dhamur/cotton-plant-disease/Cotton leaves/40 Images/Bacterial blight/rotate_zoompil_brightness_12.jpg,cotton,cotton::Bacterial blight,Bacterial blight,2,1,train,,
/kaggle/input/datasets/dhamur/cotton-plant-disease/Cotton leaves/40 Images/Target spot/rotate_zoompil_constract_9.jpg,cotton,cotton::Target spot,Target spot,5,1,train,,
/kaggle/input/datasets/dhamur/cotton-plant-disease/Cotton leaves/40 Images/Bacterial blight/vertical_flippil_constract_26.jpg,cotton,cotton::Bacterial blight,Bacterial blight,2,1,train,,
/kaggle/input/datasets/dhamur/cotton-plant-disease/Cotton leaves/40 Images/Healthy/vertical_flippil_constract_22.jpg,cotton,cotton::Healthy,Healthy,3,1,train,,
/kaggle/input/datasets/dhamur/cotton-plant-disease/Cotton leaves/40 Images/Healthy/pil_brightness_16.jpg,cotton,cotton::Healthy,Healthy,3,1,train,,
/kaggle/input/datasets/dhamur/cotton-plant-disease/Cotton leaves/40 Images/Powdery mildew/14.jpg,cotton,cotton::Powdery mildew,Powdery mildew,4,1,train,,
/kaggle/working/exp02_robust_open_set/unknown_sources/cifar10/train/00454_aab720aea83c.png,cifar10,cifar10::aab720aea83cda28,Unclassified,6,0,train,object_vehicle,airplane
/kaggle/input/datasets/dhamur/cotton-plant-disease/Cotton leaves/40 Images/Bacterial blight/rotate_zoompil_color_6.jpg,cotton,cotton::Bacterial blight,Bacterial blight,2,1,train,,
/kaggle/input/datasets/dhamur/cotton-plant-disease/Cotton leaves/40 Images/Target spot/rotate_zoompil_color_10.jpg,cotton,cotton::Target spot,Target spot,5,1,train,,
/kaggle/input/datasets/dhamur/cotton-plant-disease/Cotton leaves/40 Images/Bacterial blight/vertical_flippil_sharpness_11.jpg,cotton,cotton::Bacterial blight,Bacterial blight,2,1,train,,
/kaggle/input/datasets/dhamur/cotton-plant-disease/Cotton leaves/40 Images/Bacterial blight/vertical_flippil_color_2.jpg,cotton,cotton::Bacterial blight,Bacterial blight,2,1,train,,
/kaggle/input/datasets/dhamur/cotton-plant-disease/Cotton leaves/40 Images/Aphids/rotate_zoompil_brightness_3.jpg,cotton,cotton::Aphids,Aphids,0,1,train,,
/kaggle/input/datasets/dhamur/cotton-plant-disease/Cotton leaves/40 Images/Powdery mildew/rotate_zoompil_constract_29.jpg,cotton,cotton::Powdery mildew,Powdery mildew,4,1,train,,
/kaggle/input/datasets/dhamur/cotton-plant-disease/Cotton leaves/40 Images/Powdery mildew/random_crop_pil_color_37.jpg,cotton,cotton::Powdery mildew,Powdery mildew,4,1,train,,
/kaggle/input/datasets/dhamur/cotton-plant-disease/Cotton leaves/40 Images/Aphids/rotate_zoompil_brightness_39.jpg,cotton,cotton::Aphids,Aphids,0,1,train,,
/kaggle/input/datasets/dhamur/cotton-plant-disease/Cotton leaves/40 Images/Target spot/random_crop_pil_sharpness_11.jpg,cotton,cotton::Target spot,Target spot,5,1,train,,
/kaggle/input/datasets/dhamur/cotton-plant-disease/Cotton leaves/40 Images/Healthy/pil_constract_23.jpg,cotton,cotton::Healthy,Healthy,3,1,train,,
/kaggle/input/datasets/dhamur/cotton-plant-disease/Cotton leaves/40 Images/Target spot/random_crop_12.jpg,cotton,cotton::Target spot,Target spot,5,1,train,,
/kaggle/input/datasets/dhamur/cotton-plant-disease/Cotton leaves/40 Images/Healthy/vertical_flippil_color_15.jpg,cotton,cotton::Healthy,Healthy,3,1,train,,
/kaggle/input/datasets/dhamur/cotton-plant-disease/Cotton leaves/40 Images/Healthy/random_crop_pil_brightness_14.jpg,cotton,cotton::Healthy,Healthy,3,1,train,,
/kaggle/input/datasets/dhamur/cotton-plant-disease/Cotton leaves/40 Images/Powdery mildew/random_crop_pil_constract_29.jpg,cotton,cotton::Powdery mildew,Powdery mildew,4,1,train,,
/kaggle/input/datasets/dhamur/cotton-plant-disease/Cotton leaves/40 Images/Healthy/vertical_flippil_sharpness_32.jpg,cotton,cotton::Healthy,Healthy,3,1,train,,
/kaggle/input/datasets/dhamur/cotton-plant-disease/Cotton leaves/40 Images/Army worm/random_translation_28.jpg,cotton,cotton::Army worm,Army worm,1,1,train,,
/kaggle/input/datasets/dhamur/cotton-plant-disease/Cotton leaves/40 Images/Target spot/rotate_zoom36.jpg,cotton,cotton::Target spot,Target spot,5,1,train,,
/kaggle/input/datasets/dhamur/cotton-plant-disease/Cotton leaves/40 Images/Powdery mildew/rotate_zoompil_color_38.jpg,cotton,cotton::Powdery mildew,Powdery mildew,4,1,train,,
/kaggle/input/datasets/dhamur/cotton-plant-disease/Cotton leaves/40 Images/Aphids/12.jpg,cotton,cotton::Aphids,Aphids,0,1,train,,
/kaggle/input/datasets/dhamur/cotton-plant-disease/Cotton leaves/40 Images/Healthy/1.jpg,cotton,cotton::Healthy,Healthy,3,1,train,,
/kaggle/input/datasets/dhamur/cotton-plant-disease/Cotton leaves/40 Images/Army worm/random_translation_pil_sharpness_11.jpg,cotton,cotton::Army worm,Army worm,1,1,train,,
/kaggle/input/datasets/dhamur/cotton-plant-disease/Cotton leaves/40 Images/Healthy/pil_brightness_35.jpg,cotton,cotton::Healthy,Healthy,3,1,train,,
/kaggle/input/datasets/dhamur/cotton-plant-disease/Cotton leaves/40 Images/Army worm/pil_constract_21.jpg,cotton,cotton::Army worm,Army worm,1,1,train,,
/kaggle/input/datasets/dhamur/cotton-plant-disease/Cotton leaves/40 Images/Powdery mildew/vertical_flippil_color_32.jpg,cotton,cotton::Powdery mildew,Powdery mildew,4,1,train,,
/kaggle/working/exp02_robust_open_set/unknown_sources/cifar10/train/00234_c1c1b35aacc7.png,cifar10,cifar10::c1c1b35aacc7dde9,Unclassified,6,0,train,animal,deer
/kaggle/input/datasets/dhamur/cotton-plant-disease/Cotton leaves/40 Images/Aphids/vertical_flippil_brightness_33.jpg,cotton,cotton::Aphids,Aphids,0,1,train,,
/kaggle/input/datasets/dhamur/cotton-plant-disease/Cotton leaves/40 Images/Healthy/22.jpg,cotton,cotton::Healthy,Healthy,3,1,train,,
/kaggle/input/datasets/dhamur/cotton-plant-disease/Cotton leaves/40 Images/Healthy/random_crop_pil_sharpness_33.jpg,cotton,cotton::Healthy,Healthy,3,1,train,,
/kaggle/input/datasets/dhamur/cotton-plant-disease/Cotton leaves/40 Images/Target spot/rotate_zoompil_sharpness_29.jpg,cotton,cotton::Target spot,Target spot,5,1,train,,
/kaggle/input/datasets/dhamur/cotton-plant-disease/Cotton leaves/40 Images/Target spot/random_crop_pil_constract_3.jpg,cotton,cotton::Target spot,Target spot,5,1,train,,
/kaggle/input/datasets/dhamur/cotton-plant-disease/Cotton leaves/40 Images/Aphids/rotate_zoompil_color_26.jpg,cotton,cotton::Aphids,Aphids,0,1,train,,
/kaggle/input/datasets/dhamur/cotton-plant-disease/Cotton leaves/40 Images/Powdery mildew/vertical_flippil_constract_12.jpg,cotton,cotton::Powdery mildew,Powdery mildew,4,1,train,,
/kaggle/working/exp02_robust_open_set/unknown_sources/cifar10/train/00005_c23a75561f5b.png,cifar10,cifar10::c23a75561f5b5704,Unclassified,6,0,train,object_vehicle,airplane
/kaggle/input/datasets/dhamur/cotton-plant-disease/Cotton leaves/40 Images/Healthy/23.jpg,cotton,cotton::Healthy,Healthy,3,1,train,,
/kaggle/input/datasets/dhamur/cotton-plant-disease/Cotton leaves/40 Images/Aphids/vertical_flippil_color_4.jpg,cotton,cotton::Aphids,Aphids,0,1,train,,
/kaggle/input/datasets/dhamur/cotton-plant-disease/Cotton leaves/40 Images/Army worm/rotate_zoompil_color_22.jpg,cotton,cotton::Army worm,Army worm,1,1,train,,
/kaggle/input/datasets/dhamur/cotton-plant-disease/Cotton leaves/40 Images/Powdery mildew/rotate_zoompil_color_28.jpg,cotton,cotton::Powdery mildew,Powdery mildew,4,1,train,,
/kaggle/input/datasets/dhamur/cotton-plant-disease/Cotton leaves/40 Images/Bacterial blight/rotate_zoompil_sharpness_15.jpg,cotton,cotton::Bacterial blight,Bacterial blight,2,1,train,,
/kaggle/input/datasets/dhamur/cotton-plant-disease/Cotton leaves/40 Images/Target spot/rotate_zoompil_brightness_18.jpg,cotton,cotton::Target spot,Target spot,5,1,train,,
/kaggle/input/datasets/dhamur/cotton-plant-disease/Cotton leaves/40 Images/Bacterial blight/31.jpg,cotton,cotton::Bacterial blight,Bacterial blight,2,1,train,,
/kaggle/input/datasets/dhamur/cotton-plant-disease/Cotton leaves/40 Images/Healthy/random_crop_pil_color_24.jpg,cotton,cotton::Healthy,Healthy,3,1,train,,
/kaggle/working/exp02_robust_open_set/unknown_sources/cifar10/train/00275_3843779a3e62.png,cifar10,cifar10::3843779a3e625148,Unclassified,6,0,train,object_vehicle,ship
/kaggle/input/datasets/dhamur/cotton-plant-disease/Cotton leaves/40 Images/Powdery mildew/vertical_flip34.jpg,cotton,cotton::Powdery mildew,Powdery mildew,4,1,train,,
/kaggle/input/datasets/dhamur/cotton-plant-disease/Cotton leaves/40 Images/Target spot/rotate_zoompil_color_27.jpg,cotton,cotton::Target spot,Target spot,5,1,train,,
/kaggle/working/exp02_robust_open_set/unknown_sources/cifar10/train/00433_8e2b7621ff1c.png,cifar10,cifar10::8e2b7621ff1c0c0b,Unclassified,6,0,train,object_vehicle,truck
/kaggle/input/datasets/dhamur/cotton-plant-disease/Cotton leaves/40 Images/Army worm/random_translation_pil_color_31.jpg,cotton,cotton::Army worm,Army worm,1,1,train,,
/kaggle/input/datasets/dhamur/cotton-plant-disease/Cotton leaves/40 Images/Army worm/vertical_flippil_constract_39.jpg,cotton,cotton::Army worm,Army worm,1,1,train,,
/kaggle/input/datasets/dhamur/cotton-plant-disease/Cotton leaves/40 Images/Aphids/pil_brightness_18.jpg,cotton,cotton::Aphids,Aphids,0,1,train,,
/kaggle/input/datasets/dhamur/cotton-plant-disease/Cotton leaves/40 Images/Powdery mildew/vertical_flip21.jpg,cotton,cotton::Powdery mildew,Powdery mildew,4,1,train,,
/kaggle/input/datasets/dhamur/cotton-plant-disease/Cotton leaves/40 Images/Army worm/random_translation_pil_sharpness_16.jpg,cotton,cotton::Army worm,Army worm,1,1,train,,
/kaggle/input/datasets/dhamur/cotton-plant-disease/Cotton leaves/40 Images/Army worm/random_translation_pil_brightness_24.jpg,cotton,cotton::Army worm,Army worm,1,1,train,,
/kaggle/input/datasets/dhamur/cotton-plant-disease/Cotton leaves/40 Images/Bacterial blight/rotate_zoom8.jpg,cotton,cotton::Bacterial blight,Bacterial blight,2,1,train,,
/kaggle/input/datasets/dhamur/cotton-plant-disease/Cotton leaves/40 Images/Bacterial blight/vertical_flip3.jpg,cotton,cotton::Bacterial blight,Bacterial blight,2,1,train,,
/kaggle/input/datasets/dhamur/cotton-plant-disease/Cotton leaves/40 Images/Army worm/vertical_flippil_brightness_36.jpg,cotton,cotton::Army worm,Army worm,1,1,train,,
/kaggle/input/datasets/dhamur/cotton-plant-disease/Cotton leaves/40 Images/Powdery mildew/vertical_flippil_brightness_33.jpg,cotton,cotton::Powdery mildew,Powdery mildew,4,1,train,,
/kaggle/input/datasets/dhamur/cotton-plant-disease/Cotton leaves/40 Images/Target spot/vertical_flippil_sharpness_31.jpg,cotton,cotton::Target spot,Target spot,5,1,train,,
/kaggle/working/exp02_robust_open_set/unknown_sources/cifar10/train/00627_f2e94ddc9e14.png,cifar10,cifar10::f2e94ddc9e140d11,Unclassified,6,0,train,object_vehicle,automobile
/kaggle/input/datasets/dhamur/cotton-plant-disease/Cotton leaves/40 Images/Powdery mildew/vertical_flippil_constract_34.jpg,cotton,cotton::Powdery mildew,Powdery mildew,4,1,train,,
/kaggle/input/datasets/dhamur/cotton-plant-disease/Cotton leaves/40 Images/Army worm/random_translation_pil_sharpness_9.jpg,cotton,cotton::Army worm,Army worm,1,1,train,,
/kaggle/working/exp02_robust_open_set/unknown_sources/cifar10/train/00697_40858984b38b.png,cifar10,cifar10::40858984b38bbe64,Unclassified,6,0,train,animal,frog
/kaggle/input/datasets/dhamur/cotton-plant-disease/Cotton leaves/40 Images/Target spot/vertical_flippil_brightness_40.jpg,cotton,cotton::Target spot,Target spot,5,1,train,,
/kaggle/input/datasets/dhamur/cotton-plant-disease/Cotton leaves/40 Images/Healthy/rotate_zoompil_constract_22.jpg,cotton,cotton::Healthy,Healthy,3,1,train,,
/kaggle/input/datasets/dhamur/cotton-plant-disease/Cotton leaves/40 Images/Bacterial blight/rotate_zoompil_brightness_2.jpg,cotton,cotton::Bacterial blight,Bacterial blight,2,1,train,,
/kaggle/input/datasets/dhamur/cotton-plant-disease/Cotton leaves/40 Images/Bacterial blight/random_crop_pil_brightness_40.jpg,cotton,cotton::Bacterial blight,Bacterial blight,2,1,train,,
/kaggle/input/datasets/dhamur/cotton-plant-disease/Cotton leaves/40 Images/Army worm/vertical_flippil_constract_3.jpg,cotton,cotton::Army worm,Army worm,1,1,train,,
/kaggle/input/datasets/dhamur/cotton-plant-disease/Cotton leaves/40 Images/Healthy/pil_constract_16.jpg,cotton,cotton::Healthy,Healthy,3,1,train,,
/kaggle/input/datasets/dhamur/cotton-plant-disease/Cotton leaves/40 Images/Healthy/vertical_flippil_brightness_34.jpg,cotton,cotton::Healthy,Healthy,3,1,train,,
/kaggle/input/datasets/dhamur/cotton-plant-disease/Cotton leaves/40 Images/Bacterial blight/random_crop_pil_color_34.jpg,cotton,cotton::Bacterial blight,Bacterial blight,2,1,train,,
/kaggle/input/datasets/dhamur/cotton-plant-disease/Cotton leaves/40 Images/Powdery mildew/vertical_flippil_brightness_11.jpg,cotton,cotton::Powdery mildew,Powdery mildew,4,1,train,,
/kaggle/input/datasets/dhamur/cotton-plant-disease/Cotton leaves/40 Images/Target spot/pil_brightness_33.jpg,cotton,cotton::Target spot,Target spot,5,1,train,,
/kaggle/working/exp02_robust_open_set/unknown_sources/cifar10/train/00719_f87c6d4e0536.png,cifar10,cifar10::f87c6d4e053666f5,Unclassified,6,0,train,animal,deer
/kaggle/working/exp02_robust_open_set/unknown_sources/cifar10/train/00788_278adf3b1064.png,cifar10,cifar10::278adf3b10640401,Unclassified,6,0,train,animal,cat
/kaggle/input/datasets/dhamur/cotton-plant-disease/Cotton leaves/40 Images/Powdery mildew/rotate_zoompil_brightness_20.jpg,cotton,cotton::Powdery mildew,Powdery mildew,4,1,train,,
/kaggle/input/datasets/dhamur/cotton-plant-disease/Cotton leaves/40 Images/Target spot/random_crop_pil_color_32.jpg,cotton,cotton::Target spot,Target spot,5,1,train,,
/kaggle/input/datasets/dhamur/cotton-plant-disease/Cotton leaves/40 Images/Bacterial blight/rotate_zoom27.jpg,cotton,cotton::Bacterial blight,Bacterial blight,2,1,train,,
/kaggle/input/datasets/dhamur/cotton-plant-disease/Cotton leaves/40 Images/Target spot/random_crop_pil_color_26.jpg,cotton,cotton::Target spot,Target spot,5,1,train,,
/kaggle/input/datasets/dhamur/cotton-plant-disease/Cotton leaves/40 Images/Aphids/rotate_zoompil_color_32.jpg,cotton,cotton::Aphids,Aphids,0,1,train,,
/kaggle/input/datasets/dhamur/cotton-plant-disease/Cotton leaves/40 Images/Target spot/pil_sharpness_6.jpg,cotton,cotton::Target spot,Target spot,5,1,train,,
/kaggle/input/datasets/dhamur/cotton-plant-disease/Cotton leaves/40 Images/Aphids/pil_brightness_30.jpg,cotton,cotton::Aphids,Aphids,0,1,train,,
/kaggle/input/datasets/dhamur/cotton-plant-disease/Cotton leaves/40 Images/Target spot/pil_brightness_36.jpg,cotton,cotton::Target spot,Target spot,5,1,train,,
/kaggle/input/datasets/dhamur/cotton-plant-disease/Cotton leaves/40 Images/Bacterial blight/vertical_flippil_color_10.jpg,cotton,cotton::Bacterial blight,Bacterial blight,2,1,train,,
/kaggle/input/datasets/dhamur/cotton-plant-disease/Cotton leaves/40 Images/Healthy/rotate_zoompil_brightness_10.jpg,cotton,cotton::Healthy,Healthy,3,1,train,,
/kaggle/input/datasets/dhamur/cotton-plant-disease/Cotton leaves/40 Images/Powdery mildew/vertical_flippil_constract_9.jpg,cotton,cotton::Powdery mildew,Powdery mildew,4,1,train,,
/kaggle/input/datasets/dhamur/cotton-plant-disease/Cotton leaves/40 Images/Target spot/rotate_zoompil_constract_6.jpg,cotton,cotton::Target spot,Target spot,5,1,train,,
/kaggle/input/datasets/dhamur/cotton-plant-disease/Cotton leaves/40 Images/Army worm/pil_brightness_37.jpg,cotton,cotton::Army worm,Army worm,1,1,train,,
/kaggle/working/exp02_robust_open_set/unknown_sources/cifar10/train/00241_26f7d260ea24.png,cifar10,cifar10::26f7d260ea24bc32,Unclassified,6,0,train,animal,cat
/kaggle/input/datasets/dhamur/cotton-plant-disease/Cotton leaves/40 Images/Bacterial blight/random_crop_pil_constract_35.jpg,cotton,cotton::Bacterial blight,Bacterial blight,2,1,train,,
/kaggle/input/datasets/dhamur/cotton-plant-disease/Cotton leaves/40 Images/Target spot/rotate_zoompil_sharpness_28.jpg,cotton,cotton::Target spot,Target spot,5,1,train,,
/kaggle/input/datasets/dhamur/cotton-plant-disease/Cotton leaves/40 Images/Aphids/random_crop_pil_brightness_27.jpg,cotton,cotton::Aphids,Aphids,0,1,train,,
/kaggle/working/exp02_robust_open_set/unknown_sources/cifar10/train/00562_0333642e2db7.png,cifar10,cifar10::0333642e2db7ea99,Unclassified,6,0,train,animal,cat
/kaggle/working/exp02_robust_open_set/unknown_sources/cifar10/train/00585_ccba96c12200.png,cifar10,cifar10::ccba96c122000055,Unclassified,6,0,train,animal,deer
/kaggle/input/datasets/dhamur/cotton-plant-disease/Cotton leaves/40 Images/Healthy/rotate_zoompil_brightness_5.jpg,cotton,cotton::Healthy,Healthy,3,1,train,,
/kaggle/input/datasets/dhamur/cotton-plant-disease/Cotton leaves/40 Images/Target spot/vertical_flippil_constract_23.jpg,cotton,cotton::Target spot,Target spot,5,1,train,,
/kaggle/input/datasets/dhamur/cotton-plant-disease/Cotton leaves/40 Images/Bacterial blight/vertical_flippil_constract_31.jpg,cotton,cotton::Bacterial blight,Bacterial blight,2,1,train,,
/kaggle/input/datasets/dhamur/cotton-plant-disease/Cotton leaves/40 Images/Bacterial blight/vertical_flippil_color_28.jpg,cotton,cotton::Bacterial blight,Bacterial blight,2,1,train,,
/kaggle/input/datasets/dhamur/cotton-plant-disease/Cotton leaves/40 Images/Healthy/8.jpg,cotton,cotton::Healthy,Healthy,3,1,train,,
/kaggle/input/datasets/dhamur/cotton-plant-disease/Cotton leaves/40 Images/Target spot/random_crop_pil_color_23.jpg,cotton,cotton::Target spot,Target spot,5,1,train,,
/kaggle/input/datasets/dhamur/cotton-plant-disease/Cotton leaves/40 Images/Healthy/pil_color_33.jpg,cotton,cotton::Healthy,Healthy,3,1,train,,
/kaggle/input/datasets/dhamur/cotton-plant-disease/Cotton leaves/40 Images/Powdery mildew/vertical_flippil_brightness_20.jpg,cotton,cotton::Powdery mildew,Powdery mildew,4,1,train,,
/kaggle/working/exp02_robust_open_set/unknown_sources/cifar10/train/00415_8d1c39e4f44f.png,cifar10,cifar10::8d1c39e4f44f6af0,Unclassified,6,0,train,animal,dog
/kaggle/input/datasets/dhamur/cotton-plant-disease/Cotton leaves/40 Images/Healthy/rotate_zoompil_brightness_17.jpg,cotton,cotton::Healthy,Healthy,3,1,train,,
/kaggle/input/datasets/dhamur/cotton-plant-disease/Cotton leaves/40 Images/Bacterial blight/rotate_zoompil_constract_35.jpg,cotton,cotton::Bacterial blight,Bacterial blight,2,1,train,,
/kaggle/input/datasets/dhamur/cotton-plant-disease/Cotton leaves/40 Images/Powdery mildew/pil_constract_2.jpg,cotton,cotton::Powdery mildew,Powdery mildew,4,1,train,,
/kaggle/working/exp02_robust_open_set/unknown_sources/cifar10/train/00389_7049ed6f8cf7.png,cifar10,cifar10::7049ed6f8cf7454f,Unclassified,6,0,train,animal,frog
/kaggle/input/datasets/dhamur/cotton-plant-disease/Cotton leaves/40 Images/Army worm/4.jpg,cotton,cotton::Army worm,Army worm,1,1,train,,
/kaggle/input/datasets/dhamur/cotton-plant-disease/Cotton leaves/40 Images/Aphids/rotate_zoompil_sharpness_27.jpg,cotton,cotton::Aphids,Aphids,0,1,train,,
/kaggle/input/datasets/dhamur/cotton-plant-disease/Cotton leaves/40 Images/Bacterial blight/random_crop_pil_constract_23.jpg,cotton,cotton::Bacterial blight,Bacterial blight,2,1,train,,
/kaggle/working/exp02_robust_open_set/unknown_sources/cifar10/train/00721_a0ef8da5772c.png,cifar10,cifar10::a0ef8da5772c3c2b,Unclassified,6,0,train,animal,bird
/kaggle/input/datasets/dhamur/cotton-plant-disease/Cotton leaves/40 Images/Target spot/rotate_zoompil_constract_20.jpg,cotton,cotton::Target spot,Target spot,5,1,train,,
/kaggle/input/datasets/dhamur/cotton-plant-disease/Cotton leaves/40 Images/Healthy/pil_brightness_27.jpg,cotton,cotton::Healthy,Healthy,3,1,train,,
/kaggle/input/datasets/dhamur/cotton-plant-disease/Cotton leaves/40 Images/Aphids/pil_constract_11.jpg,cotton,cotton::Aphids,Aphids,0,1,train,,
/kaggle/input/datasets/dhamur/cotton-plant-disease/Cotton leaves/40 Images/Bacterial blight/vertical_flippil_sharpness_3.jpg,cotton,cotton::Bacterial blight,Bacterial blight,2,1,train,,
/kaggle/input/datasets/dhamur/cotton-plant-disease/Cotton leaves/40 Images/Aphids/random_crop_12.jpg,cotton,cotton::Aphids,Aphids,0,1,train,,
/kaggle/input/datasets/dhamur/cotton-plant-disease/Cotton leaves/40 Images/Target spot/vertical_flippil_color_9.jpg,cotton,cotton::Target spot,Target spot,5,1,train,,
/kaggle/input/datasets/dhamur/cotton-plant-disease/Cotton leaves/40 Images/Aphids/rotate_zoompil_color_6.jpg,cotton,cotton::Aphids,Aphids,0,1,train,,
/kaggle/input/datasets/dhamur/cotton-plant-disease/Cotton leaves/40 Images/Target spot/random_crop_16.jpg,cotton,cotton::Target spot,Target spot,5,1,train,,
/kaggle/working/exp02_robust_open_set/unknown_sources/cifar10/train/00487_859fb4b3bfbc.png,cifar10,cifar10::859fb4b3bfbcd78d,Unclassified,6,0,train,animal,dog
/kaggle/input/datasets/dhamur/cotton-plant-disease/Cotton leaves/40 Images/Healthy/pil_sharpness_5.jpg,cotton,cotton::Healthy,Healthy,3,1,train,,
/kaggle/input/datasets/dhamur/cotton-plant-disease/Cotton leaves/40 Images/Healthy/rotate_zoom29.jpg,cotton,cotton::Healthy,Healthy,3,1,train,,
/kaggle/input/datasets/dhamur/cotton-plant-disease/Cotton leaves/40 Images/Healthy/rotate_zoom1.jpg,cotton,cotton::Healthy,Healthy,3,1,train,,
/kaggle/input/datasets/dhamur/cotton-plant-disease/Cotton leaves/40 Images/Healthy/random_crop_pil_color_18.jpg,cotton,cotton::Healthy,Healthy,3,1,train,,
/kaggle/input/datasets/dhamur/cotton-plant-disease/Cotton leaves/40 Images/Target spot/vertical_flippil_color_3.jpg,cotton,cotton::Target spot,Target spot,5,1,train,,
/kaggle/input/datasets/dhamur/cotton-plant-disease/Cotton leaves/40 Images/Aphids/pil_constract_6.jpg,cotton,cotton::Aphids,Aphids,0,1,train,,
/kaggle/input/datasets/dhamur/cotton-plant-disease/Cotton leaves/40 Images/Healthy/vertical_flippil_color_5.jpg,cotton,cotton::Healthy,Healthy,3,1,train,,
/kaggle/input/datasets/dhamur/cotton-plant-disease/Cotton leaves/40 Images/Powdery mildew/random_crop_pil_constract_38.jpg,cotton,cotton::Powdery mildew,Powdery mildew,4,1,train,,
/kaggle/input/datasets/dhamur/cotton-plant-disease/Cotton leaves/40 Images/Target spot/pil_color_11.jpg,cotton,cotton::Target spot,Target spot,5,1,train,,
/kaggle/input/datasets/dhamur/cotton-plant-disease/Cotton leaves/40 Images/Healthy/vertical_flippil_brightness_2.jpg,cotton,cotton::Healthy,Healthy,3,1,train,,
/kaggle/input/datasets/dhamur/cotton-plant-disease/Cotton leaves/40 Images/Aphids/rotate_zoompil_color_34.jpg,cotton,cotton::Aphids,Aphids,0,1,train,,
/kaggle/input/datasets/dhamur/cotton-plant-disease/Cotton leaves/40 Images/Healthy/rotate_zoompil_color_3.jpg,cotton,cotton::Healthy,Healthy,3,1,train,,
/kaggle/input/datasets/dhamur/cotton-plant-disease/Cotton leaves/40 Images/Healthy/pil_brightness_33.jpg,cotton,cotton::Healthy,Healthy,3,1,train,,
/kaggle/input/datasets/dhamur/cotton-plant-disease/Cotton leaves/40 Images/Healthy/rotate_zoompil_sharpness_14.jpg,cotton,cotton::Healthy,Healthy,3,1,train,,
/kaggle/input/datasets/dhamur/cotton-plant-disease/Cotton leaves/40 Images/Target spot/pil_constract_26.jpg,cotton,cotton::Target spot,Target spot,5,1,train,,
/kaggle/input/datasets/dhamur/cotton-plant-disease/Cotton leaves/40 Images/Target spot/random_crop_14.jpg,cotton,cotton::Target spot,Target spot,5,1,train,,
/kaggle/input/datasets/dhamur/cotton-plant-disease/Cotton leaves/40 Images/Powdery mildew/rotate_zoompil_brightness_36.jpg,cotton,cotton::Powdery mildew,Powdery mildew,4,1,train,,
/kaggle/working/exp02_robust_open_set/unknown_sources/cifar10/train/00030_87e267faeb40.png,cifar10,cifar10::87e267faeb402dd0,Unclassified,6,0,train,animal,cat
/kaggle/input/datasets/dhamur/cotton-plant-disease/Cotton leaves/40 Images/Target spot/vertical_flippil_brightness_19.jpg,cotton,cotton::Target spot,Target spot,5,1,train,,
/kaggle/input/datasets/dhamur/cotton-plant-disease/Cotton leaves/40 Images/Powdery mildew/pil_sharpness_19.jpg,cotton,cotton::Powdery mildew,Powdery mildew,4,1,train,,
/kaggle/working/exp02_robust_open_set/unknown_sources/cifar10/train/00287_a59a6eac3441.png,cifar10,cifar10::a59a6eac34410830,Unclassified,6,0,train,animal,cat
/kaggle/input/datasets/dhamur/cotton-plant-disease/Cotton leaves/40 Images/Healthy/rotate_zoompil_color_38.jpg,cotton,cotton::Healthy,Healthy,3,1,train,,
/kaggle/input/datasets/dhamur/cotton-plant-disease/Cotton leaves/40 Images/Bacterial blight/pil_brightness_16.jpg,cotton,cotton::Bacterial blight,Bacterial blight,2,1,train,,
/kaggle/input/datasets/dhamur/cotton-plant-disease/Cotton leaves/40 Images/Healthy/rotate_zoompil_constract_19.jpg,cotton,cotton::Healthy,Healthy,3,1,train,,
/kaggle/input/datasets/dhamur/cotton-plant-disease/Cotton leaves/40 Images/Army worm/pil_sharpness_24.jpg,cotton,cotton::Army worm,Army worm,1,1,train,,
/kaggle/working/exp02_robust_open_set/unknown_sources/cifar10/train/00322_fbe1a29565e6.png,cifar10,cifar10::fbe1a29565e6e507,Unclassified,6,0,train,object_vehicle,automobile
/kaggle/input/datasets/dhamur/cotton-plant-disease/Cotton leaves/40 Images/Army worm/random_translation_pil_sharpness_17.jpg,cotton,cotton::Army worm,Army worm,1,1,train,,
/kaggle/input/datasets/dhamur/cotton-plant-disease/Cotton leaves/40 Images/Bacterial blight/vertical_flippil_color_14.jpg,cotton,cotton::Bacterial blight,Bacterial blight,2,1,train,,
/kaggle/working/exp02_robust_open_set/unknown_sources/cifar10/train/00741_2e945114a470.png,cifar10,cifar10::2e945114a470c620,Unclassified,6,0,train,animal,frog
/kaggle/input/datasets/dhamur/cotton-plant-disease/Cotton leaves/40 Images/Healthy/rotate_zoompil_constract_9.jpg,cotton,cotton::Healthy,Healthy,3,1,train,,
/kaggle/input/datasets/dhamur/cotton-plant-disease/Cotton leaves/40 Images/Bacterial blight/vertical_flippil_sharpness_40.jpg,cotton,cotton::Bacterial blight,Bacterial blight,2,1,train,,
/kaggle/input/datasets/dhamur/cotton-plant-disease/Cotton leaves/40 Images/Powdery mildew/pil_brightness_30.jpg,cotton,cotton::Powdery mildew,Powdery mildew,4,1,train,,
/kaggle/input/datasets/dhamur/cotton-plant-disease/Cotton leaves/40 Images/Powdery mildew/random_crop_pil_sharpness_21.jpg,cotton,cotton::Powdery mildew,Powdery mildew,4,1,train,,
/kaggle/working/exp02_robust_open_set/unknown_sources/cifar10/train/00004_0838fbc1718e.png,cifar10,cifar10::0838fbc1718e4efc,Unclassified,6,0,train,animal,frog
/kaggle/working/exp02_robust_open_set/unknown_sources/cifar10/train/00513_6f331d4217de.png,cifar10,cifar10::6f331d4217de11b2,Unclassified,6,0,train,object_vehicle,ship
/kaggle/working/exp02_robust_open_set/unknown_sources/cifar10/train/00715_a672f1970218.png,cifar10,cifar10::a672f1970218a8eb,Unclassified,6,0,train,object_vehicle,truck
/kaggle/input/datasets/dhamur/cotton-plant-disease/Cotton leaves/40 Images/Healthy/vertical_flippil_sharpness_21.jpg,cotton,cotton::Healthy,Healthy,3,1,train,,
/kaggle/input/datasets/dhamur/cotton-plant-disease/Cotton leaves/40 Images/Target spot/rotate_zoompil_constract_35.jpg,cotton,cotton::Target spot,Target spot,5,1,train,,
/kaggle/input/datasets/dhamur/cotton-plant-disease/Cotton leaves/40 Images/Aphids/random_crop_pil_sharpness_30.jpg,cotton,cotton::Aphids,Aphids,0,1,train,,
/kaggle/working/exp02_robust_open_set/unknown_sources/cifar10/train/00713_754d7bdeb7b6.png,cifar10,cifar10::754d7bdeb7b6b3b3,Unclassified,6,0,train,animal,horse
/kaggle/input/datasets/dhamur/cotton-plant-disease/Cotton leaves/40 Images/Healthy/pil_sharpness_10.jpg,cotton,cotton::Healthy,Healthy,3,1,train,,
/kaggle/working/exp02_robust_open_set/unknown_sources/cifar10/train/00196_f3ba1a79f67b.png,cifar10,cifar10::f3ba1a79f67bc9fd,Unclassified,6,0,train,object_vehicle,airplane
/kaggle/input/datasets/dhamur/cotton-plant-disease/Cotton leaves/40 Images/Target spot/vertical_flippil_constract_33.jpg,cotton,cotton::Target spot,Target spot,5,1,train,,
/kaggle/input/datasets/dhamur/cotton-plant-disease/Cotton leaves/40 Images/Aphids/vertical_flip20.jpg,cotton,cotton::Aphids,Aphids,0,1,train,,
/kaggle/input/datasets/dhamur/cotton-plant-disease/Cotton leaves/40 Images/Army worm/random_translation_pil_sharpness_20.jpg,cotton,cotton::Army worm,Army worm,1,1,train,,
/kaggle/input/datasets/dhamur/cotton-plant-disease/Cotton leaves/40 Images/Healthy/vertical_flip2.jpg,cotton,cotton::Healthy,Healthy,3,1,train,,
/kaggle/input/datasets/dhamur/cotton-plant-disease/Cotton leaves/40 Images/Target spot/random_crop_25.jpg,cotton,cotton::Target spot,Target spot,5,1,train,,
/kaggle/working/exp02_robust_open_set/unknown_sources/cifar10/train/00493_6460e8537a56.png,cifar10,cifar10::6460e8537a56a08e,Unclassified,6,0,train,animal,dog
/kaggle/input/datasets/dhamur/cotton-plant-disease/Cotton leaves/40 Images/Target spot/random_crop_pil_constract_6.jpg,cotton,cotton::Target spot,Target spot,5,1,train,,
/kaggle/working/exp02_robust_open_set/unknown_sources/cifar10/train/00084_0fd73ff66154.png,cifar10,cifar10::0fd73ff66154978a,Unclassified,6,0,train,animal,deer
/kaggle/working/exp02_robust_open_set/unknown_sources/cifar10/train/00148_3dd36ddf362f.png,cifar10,cifar10::3dd36ddf362f3033,Unclassified,6,0,train,object_vehicle,automobile
/kaggle/working/exp02_robust_open_set/unknown_sources/cifar10/train/00566_a5189feefd10.png,cifar10,cifar10::a5189feefd10101f,Unclassified,6,0,train,animal,deer
/kaggle/input/datasets/dhamur/cotton-plant-disease/Cotton leaves/40 Images/Bacterial blight/vertical_flip6.jpg,cotton,cotton::Bacterial blight,Bacterial blight,2,1,train,,
/kaggle/input/datasets/dhamur/cotton-plant-disease/Cotton leaves/40 Images/Healthy/vertical_flippil_constract_32.jpg,cotton,cotton::Healthy,Healthy,3,1,train,,
/kaggle/input/datasets/dhamur/cotton-plant-disease/Cotton leaves/40 Images/Aphids/vertical_flippil_brightness_11.jpg,cotton,cotton::Aphids,Aphids,0,1,train,,
/kaggle/input/datasets/dhamur/cotton-plant-disease/Cotton leaves/40 Images/Healthy/random_crop_pil_constract_5.jpg,cotton,cotton::Healthy,Healthy,3,1,train,,
/kaggle/input/datasets/dhamur/cotton-plant-disease/Cotton leaves/40 Images/Powdery mildew/vertical_flippil_sharpness_16.jpg,cotton,cotton::Powdery mildew,Powdery mildew,4,1,train,,
/kaggle/input/datasets/dhamur/cotton-plant-disease/Cotton leaves/40 Images/Aphids/vertical_flippil_brightness_17.jpg,cotton,cotton::Aphids,Aphids,0,1,train,,
/kaggle/input/datasets/dhamur/cotton-plant-disease/Cotton leaves/40 Images/Aphids/random_crop_pil_brightness_40.jpg,cotton,cotton::Aphids,Aphids,0,1,train,,
/kaggle/input/datasets/dhamur/cotton-plant-disease/Cotton leaves/40 Images/Bacterial blight/rotate_zoompil_brightness_18.jpg,cotton,cotton::Bacterial blight,Bacterial blight,2,1,train,,
/kaggle/input/datasets/dhamur/cotton-plant-disease/Cotton leaves/40 Images/Target spot/rotate_zoompil_color_4.jpg,cotton,cotton::Target spot,Target spot,5,1,train,,
/kaggle/input/datasets/dhamur/cotton-plant-disease/Cotton leaves/40 Images/Healthy/vertical_flippil_sharpness_19.jpg,cotton,cotton::Healthy,Healthy,3,1,train,,
/kaggle/input/datasets/dhamur/cotton-plant-disease/Cotton leaves/40 Images/Bacterial blight/rotate_zoompil_color_3.jpg,cotton,cotton::Bacterial blight,Bacterial blight,2,1,train,,
/kaggle/working/exp02_robust_open_set/unknown_sources/cifar10/train/00535_5414ee36b197.png,cifar10,cifar10::5414ee36b197b99e,Unclassified,6,0,train,object_vehicle,automobile
/kaggle/input/datasets/dhamur/cotton-plant-disease/Cotton leaves/40 Images/Aphids/random_crop_pil_brightness_19.jpg,cotton,cotton::Aphids,Aphids,0,1,train,,
/kaggle/input/datasets/dhamur/cotton-plant-disease/Cotton leaves/40 Images/Bacterial blight/random_crop_pil_color_10.jpg,cotton,cotton::Bacterial blight,Bacterial blight,2,1,train,,
/kaggle/input/datasets/dhamur/cotton-plant-disease/Cotton leaves/40 Images/Target spot/random_crop_18.jpg,cotton,cotton::Target spot,Target spot,5,1,train,,
/kaggle/input/datasets/dhamur/cotton-plant-disease/Cotton leaves/40 Images/Target spot/rotate_zoompil_constract_40.jpg,cotton,cotton::Target spot,Target spot,5,1,train,,
/kaggle/input/datasets/dhamur/cotton-plant-disease/Cotton leaves/40 Images/Target spot/vertical_flippil_brightness_25.jpg,cotton,cotton::Target spot,Target spot,5,1,train,,
/kaggle/input/datasets/dhamur/cotton-plant-disease/Cotton leaves/40 Images/Bacterial blight/random_crop_pil_color_20.jpg,cotton,cotton::Bacterial blight,Bacterial blight,2,1,train,,
/kaggle/working/exp02_robust_open_set/unknown_sources/cifar10/train/00282_f3ccd3878d17.png,cifar10,cifar10::f3ccd3878d175ee9,Unclassified,6,0,train,object_vehicle,automobile
/kaggle/input/datasets/dhamur/cotton-plant-disease/Cotton leaves/40 Images/Healthy/rotate_zoompil_sharpness_7.jpg,cotton,cotton::Healthy,Healthy,3,1,train,,
/kaggle/working/exp02_robust_open_set/unknown_sources/cifar10/train/00749_3512c6012ffb.png,cifar10,cifar10::3512c6012ffbb3f7,Unclassified,6,0,train,animal,dog
/kaggle/input/datasets/dhamur/cotton-plant-disease/Cotton leaves/40 Images/Healthy/vertical_flippil_brightness_39.jpg,cotton,cotton::Healthy,Healthy,3,1,train,,
/kaggle/input/datasets/dhamur/cotton-plant-disease/Cotton leaves/40 Images/Target spot/pil_sharpness_26.jpg,cotton,cotton::Target spot,Target spot,5,1,train,,
/kaggle/input/datasets/dhamur/cotton-plant-disease/Cotton leaves/40 Images/Aphids/pil_constract_21.jpg,cotton,cotton::Aphids,Aphids,0,1,train,,
/kaggle/input/datasets/dhamur/cotton-plant-disease/Cotton leaves/40 Images/Healthy/vertical_flippil_brightness_17.jpg,cotton,cotton::Healthy,Healthy,3,1,train,,
/kaggle/working/exp02_robust_open_set/unknown_sources/cifar10/train/00202_828e7198b48a.png,cifar10,cifar10::828e7198b48a51ed,Unclassified,6,0,train,animal,dog
/kaggle/input/datasets/dhamur/cotton-plant-disease/Cotton leaves/40 Images/Healthy/36.jpg,cotton,cotton::Healthy,Healthy,3,1,train,,
/kaggle/input/datasets/dhamur/cotton-plant-disease/Cotton leaves/40 Images/Army worm/random_translation_39.jpg,cotton,cotton::Army worm,Army worm,1,1,train,,
/kaggle/input/datasets/dhamur/cotton-plant-disease/Cotton leaves/40 Images/Healthy/random_crop_pil_brightness_11.jpg,cotton,cotton::Healthy,Healthy,3,1,train,,
/kaggle/input/datasets/dhamur/cotton-plant-disease/Cotton leaves/40 Images/Army worm/pil_brightness_5.jpg,cotton,cotton::Army worm,Army worm,1,1,train,,
/kaggle/input/datasets/dhamur/cotton-plant-disease/Cotton leaves/40 Images/Aphids/2.jpg,cotton,cotton::Aphids,Aphids,0,1,train,,
/kaggle/working/exp02_robust_open_set/unknown_sources/cifar10/train/00534_9a3152c2bedf.png,cifar10,cifar10::9a3152c2bedf0c4f,Unclassified,6,0,train,animal,bird
/kaggle/working/exp02_robust_open_set/unknown_sources/cifar10/train/00339_7a3bb1fef22b.png,cifar10,cifar10::7a3bb1fef22b9cfa,Unclassified,6,0,train,animal,dog
/kaggle/input/datasets/dhamur/cotton-plant-disease/Cotton leaves/40 Images/Healthy/35.jpg,cotton,cotton::Healthy,Healthy,3,1,train,,
/kaggle/input/datasets/dhamur/cotton-plant-disease/Cotton leaves/40 Images/Army worm/28.jpg,cotton,cotton::Army worm,Army worm,1,1,train,,
/kaggle/working/exp02_robust_open_set/unknown_sources/cifar10/train/00314_ab7589601c7e.png,cifar10,cifar10::ab7589601c7e6604,Unclassified,6,0,train,object_vehicle,airplane
/kaggle/input/datasets/dhamur/cotton-plant-disease/Cotton leaves/40 Images/Bacterial blight/rotate_zoom12.jpg,cotton,cotton::Bacterial blight,Bacterial blight,2,1,train,,
/kaggle/input/datasets/dhamur/cotton-plant-disease/Cotton leaves/40 Images/Army worm/vertical_flippil_color_30.jpg,cotton,cotton::Army worm,Army worm,1,1,train,,
/kaggle/input/datasets/dhamur/cotton-plant-disease/Cotton leaves/40 Images/Target spot/random_crop_pil_color_35.jpg,cotton,cotton::Target spot,Target spot,5,1,train,,
/kaggle/input/datasets/dhamur/cotton-plant-disease/Cotton leaves/40 Images/Bacterial blight/vertical_flippil_constract_17.jpg,cotton,cotton::Bacterial blight,Bacterial blight,2,1,train,,
/kaggle/input/datasets/dhamur/cotton-plant-disease/Cotton leaves/40 Images/Army worm/vertical_flippil_sharpness_20.jpg,cotton,cotton::Army worm,Army worm,1,1,train,,
/kaggle/input/datasets/dhamur/cotton-plant-disease/Cotton leaves/40 Images/Target spot/vertical_flippil_constract_21.jpg,cotton,cotton::Target spot,Target spot,5,1,train,,
/kaggle/input/datasets/dhamur/cotton-plant-disease/Cotton leaves/40 Images/Aphids/vertical_flippil_brightness_37.jpg,cotton,cotton::Aphids,Aphids,0,1,train,,
/kaggle/input/datasets/dhamur/cotton-plant-disease/Cotton leaves/40 Images/Target spot/rotate_zoompil_color_16.jpg,cotton,cotton::Target spot,Target spot,5,1,train,,
/kaggle/input/datasets/dhamur/cotton-plant-disease/Cotton leaves/40 Images/Powdery mildew/vertical_flippil_sharpness_21.jpg,cotton,cotton::Powdery mildew,Powdery mildew,4,1,train,,
/kaggle/input/datasets/dhamur/cotton-plant-disease/Cotton leaves/40 Images/Army worm/vertical_flippil_color_8.jpg,cotton,cotton::Army worm,Army worm,1,1,train,,
/kaggle/input/datasets/dhamur/cotton-plant-disease/Cotton leaves/40 Images/Bacterial blight/random_crop_14.jpg,cotton,cotton::Bacterial blight,Bacterial blight,2,1,train,,
/kaggle/input/datasets/dhamur/cotton-plant-disease/Cotton leaves/40 Images/Powdery mildew/pil_constract_39.jpg,cotton,cotton::Powdery mildew,Powdery mildew,4,1,train,,
/kaggle/working/exp02_robust_open_set/unknown_sources/cifar10/train/00718_c3174d61289c.png,cifar10,cifar10::c3174d61289ced35,Unclassified,6,0,train,object_vehicle,automobile
/kaggle/input/datasets/dhamur/cotton-plant-disease/Cotton leaves/40 Images/Army worm/vertical_flip32.jpg,cotton,cotton::Army worm,Army worm,1,1,train,,
/kaggle/input/datasets/dhamur/cotton-plant-disease/Cotton leaves/40 Images/Healthy/random_crop_pil_constract_29.jpg,cotton,cotton::Healthy,Healthy,3,1,train,,
/kaggle/working/exp02_robust_open_set/unknown_sources/cifar10/train/00557_41fbc90e4c25.png,cifar10,cifar10::41fbc90e4c25d3ed,Unclassified,6,0,train,animal,cat
/kaggle/input/datasets/dhamur/cotton-plant-disease/Cotton leaves/40 Images/Healthy/vertical_flippil_sharpness_38.jpg,cotton,cotton::Healthy,Healthy,3,1,train,,
/kaggle/input/datasets/dhamur/cotton-plant-disease/Cotton leaves/40 Images/Aphids/vertical_flip9.jpg,cotton,cotton::Aphids,Aphids,0,1,train,,
/kaggle/input/datasets/dhamur/cotton-plant-disease/Cotton leaves/40 Images/Powdery mildew/rotate_zoompil_brightness_26.jpg,cotton,cotton::Powdery mildew,Powdery mildew,4,1,train,,
/kaggle/input/datasets/dhamur/cotton-plant-disease/Cotton leaves/40 Images/Army worm/pil_constract_28.jpg,cotton,cotton::Army worm,Army worm,1,1,train,,
/kaggle/input/datasets/dhamur/cotton-plant-disease/Cotton leaves/40 Images/Powdery mildew/random_crop_pil_brightness_38.jpg,cotton,cotton::Powdery mildew,Powdery mildew,4,1,train,,
/kaggle/input/datasets/dhamur/cotton-plant-disease/Cotton leaves/40 Images/Army worm/random_translation_pil_sharpness_1.jpg,cotton,cotton::Army worm,Army worm,1,1,train,,
/kaggle/input/datasets/dhamur/cotton-plant-disease/Cotton leaves/40 Images/Target spot/rotate_zoom17.jpg,cotton,cotton::Target spot,Target spot,5,1,train,,
/kaggle/working/exp02_robust_open_set/unknown_sources/cifar10/train/00739_e55cf5931c4f.png,cifar10,cifar10::e55cf5931c4f7cd1,Unclassified,6,0,train,animal,deer
/kaggle/input/datasets/dhamur/cotton-plant-disease/Cotton leaves/40 Images/Target spot/rotate_zoompil_color_18.jpg,cotton,cotton::Target spot,Target spot,5,1,train,,
/kaggle/input/datasets/dhamur/cotton-plant-disease/Cotton leaves/40 Images/Healthy/13.jpg,cotton,cotton::Healthy,Healthy,3,1,train,,
/kaggle/input/datasets/dhamur/cotton-plant-disease/Cotton leaves/40 Images/Bacterial blight/pil_color_26.jpg,cotton,cotton::Bacterial blight,Bacterial blight,2,1,train,,
/kaggle/input/datasets/dhamur/cotton-plant-disease/Cotton leaves/40 Images/Powdery mildew/vertical_flippil_brightness_5.jpg,cotton,cotton::Powdery mildew,Powdery mildew,4,1,train,,
/kaggle/input/datasets/dhamur/cotton-plant-disease/Cotton leaves/40 Images/Aphids/vertical_flippil_sharpness_37.jpg,cotton,cotton::Aphids,Aphids,0,1,train,,
/kaggle/input/datasets/dhamur/cotton-plant-disease/Cotton leaves/40 Images/Aphids/vertical_flippil_constract_26.jpg,cotton,cotton::Aphids,Aphids,0,1,train,,
/kaggle/input/datasets/dhamur/cotton-plant-disease/Cotton leaves/40 Images/Bacterial blight/random_crop_pil_constract_37.jpg,cotton,cotton::Bacterial blight,Bacterial blight,2,1,train,,
/kaggle/working/exp02_robust_open_set/unknown_sources/cifar10/train/00703_72f95036538e.png,cifar10,cifar10::72f95036538e0f16,Unclassified,6,0,train,object_vehicle,truck
/kaggle/input/datasets/dhamur/cotton-plant-disease/Cotton leaves/40 Images/Aphids/pil_color_37.jpg,cotton,cotton::Aphids,Aphids,0,1,train,,
/kaggle/input/datasets/dhamur/cotton-plant-disease/Cotton leaves/40 Images/Army worm/pil_brightness_30.jpg,cotton,cotton::Army worm,Army worm,1,1,train,,
/kaggle/input/datasets/dhamur/cotton-plant-disease/Cotton leaves/40 Images/Powdery mildew/random_crop_pil_constract_33.jpg,cotton,cotton::Powdery mildew,Powdery mildew,4,1,train,,
/kaggle/input/datasets/dhamur/cotton-plant-disease/Cotton leaves/40 Images/Healthy/vertical_flippil_color_22.jpg,cotton,cotton::Healthy,Healthy,3,1,train,,
/kaggle/input/datasets/dhamur/cotton-plant-disease/Cotton leaves/40 Images/Healthy/31.jpg,cotton,cotton::Healthy,Healthy,3,1,train,,
/kaggle/input/datasets/dhamur/cotton-plant-disease/Cotton leaves/40 Images/Bacterial blight/vertical_flippil_sharpness_29.jpg,cotton,cotton::Bacterial blight,Bacterial blight,2,1,train,,
/kaggle/input/datasets/dhamur/cotton-plant-disease/Cotton leaves/40 Images/Healthy/32.jpg,cotton,cotton::Healthy,Healthy,3,1,train,,
/kaggle/input/datasets/dhamur/cotton-plant-disease/Cotton leaves/40 Images/Target spot/rotate_zoompil_color_26.jpg,cotton,cotton::Target spot,Target spot,5,1,train,,
/kaggle/input/datasets/dhamur/cotton-plant-disease/Cotton leaves/40 Images/Bacterial blight/pil_color_36.jpg,cotton,cotton::Bacterial blight,Bacterial blight,2,1,train,,
/kaggle/input/datasets/dhamur/cotton-plant-disease/Cotton leaves/40 Images/Aphids/pil_color_35.jpg,cotton,cotton::Aphids,Aphids,0,1,train,,
/kaggle/input/datasets/dhamur/cotton-plant-disease/Cotton leaves/40 Images/Army worm/random_translation_pil_color_7.jpg,cotton,cotton::Army worm,Army worm,1,1,train,,
/kaggle/input/datasets/dhamur/cotton-plant-disease/Cotton leaves/40 Images/Bacterial blight/random_crop_pil_brightness_6.jpg,cotton,cotton::Bacterial blight,Bacterial blight,2,1,train,,
/kaggle/input/datasets/dhamur/cotton-plant-disease/Cotton leaves/40 Images/Bacterial blight/pil_color_16.jpg,cotton,cotton::Bacterial blight,Bacterial blight,2,1,train,,
/kaggle/input/datasets/dhamur/cotton-plant-disease/Cotton leaves/40 Images/Healthy/random_crop_27.jpg,cotton,cotton::Healthy,Healthy,3,1,train,,
/kaggle/input/datasets/dhamur/cotton-plant-disease/Cotton leaves/40 Images/Army worm/rotate_zoompil_constract_24.jpg,cotton,cotton::Army worm,Army worm,1,1,train,,
/kaggle/input/datasets/dhamur/cotton-plant-disease/Cotton leaves/40 Images/Bacterial blight/random_crop_pil_sharpness_19.jpg,cotton,cotton::Bacterial blight,Bacterial blight,2,1,train,,
/kaggle/input/datasets/dhamur/cotton-plant-disease/Cotton leaves/40 Images/Army worm/pil_constract_25.jpg,cotton,cotton::Army worm,Army worm,1,1,train,,
/kaggle/input/datasets/dhamur/cotton-plant-disease/Cotton leaves/40 Images/Target spot/random_crop_19.jpg,cotton,cotton::Target spot,Target spot,5,1,train,,
/kaggle/input/datasets/dhamur/cotton-plant-disease/Cotton leaves/40 Images/Bacterial blight/vertical_flippil_brightness_25.jpg,cotton,cotton::Bacterial blight,Bacterial blight,2,1,train,,
/kaggle/input/datasets/dhamur/cotton-plant-disease/Cotton leaves/40 Images/Target spot/vertical_flip29.jpg,cotton,cotton::Target spot,Target spot,5,1,train,,
/kaggle/input/datasets/dhamur/cotton-plant-disease/Cotton leaves/40 Images/Target spot/vertical_flippil_sharpness_15.jpg,cotton,cotton::Target spot,Target spot,5,1,train,,
/kaggle/input/datasets/dhamur/cotton-plant-disease/Cotton leaves/40 Images/Aphids/pil_color_9.jpg,cotton,cotton::Aphids,Aphids,0,1,train,,
/kaggle/input/datasets/dhamur/cotton-plant-disease/Cotton leaves/40 Images/Target spot/rotate_zoom26.jpg,cotton,cotton::Target spot,Target spot,5,1,train,,
/kaggle/input/datasets/dhamur/cotton-plant-disease/Cotton leaves/40 Images/Healthy/vertical_flip39.jpg,cotton,cotton::Healthy,Healthy,3,1,train,,
/kaggle/input/datasets/dhamur/cotton-plant-disease/Cotton leaves/40 Images/Aphids/rotate_zoompil_constract_27.jpg,cotton,cotton::Aphids,Aphids,0,1,train,,
/kaggle/input/datasets/dhamur/cotton-plant-disease/Cotton leaves/40 Images/Powdery mildew/vertical_flippil_brightness_25.jpg,cotton,cotton::Powdery mildew,Powdery mildew,4,1,train,,
/kaggle/working/exp02_robust_open_set/unknown_sources/cifar10/train/00120_44efee092076.png,cifar10,cifar10::44efee092076e86d,Unclassified,6,0,train,object_vehicle,automobile
/kaggle/input/datasets/dhamur/cotton-plant-disease/Cotton leaves/40 Images/Bacterial blight/rotate_zoompil_color_15.jpg,cotton,cotton::Bacterial blight,Bacterial blight,2,1,train,,
/kaggle/input/datasets/dhamur/cotton-plant-disease/Cotton leaves/40 Images/Bacterial blight/vertical_flippil_sharpness_38.jpg,cotton,cotton::Bacterial blight,Bacterial blight,2,1,train,,
/kaggle/input/datasets/dhamur/cotton-plant-disease/Cotton leaves/40 Images/Powdery mildew/pil_constract_16.jpg,cotton,cotton::Powdery mildew,Powdery mildew,4,1,train,,
/kaggle/input/datasets/dhamur/cotton-plant-disease/Cotton leaves/40 Images/Powdery mildew/vertical_flippil_color_7.jpg,cotton,cotton::Powdery mildew,Powdery mildew,4,1,train,,
/kaggle/working/exp02_robust_open_set/unknown_sources/cifar10/train/00304_d5da719a668c.png,cifar10,cifar10::d5da719a668ca0b4,Unclassified,6,0,train,animal,frog
/kaggle/input/datasets/dhamur/cotton-plant-disease/Cotton leaves/40 Images/Army worm/pil_color_11.jpg,cotton,cotton::Army worm,Army worm,1,1,train,,
/kaggle/input/datasets/dhamur/cotton-plant-disease/Cotton leaves/40 Images/Bacterial blight/35.jpg,cotton,cotton::Bacterial blight,Bacterial blight,2,1,train,,
/kaggle/input/datasets/dhamur/cotton-plant-disease/Cotton leaves/40 Images/Powdery mildew/pil_brightness_27.jpg,cotton,cotton::Powdery mildew,Powdery mildew,4,1,train,,
/kaggle/input/datasets/dhamur/cotton-plant-disease/Cotton leaves/40 Images/Army worm/vertical_flippil_constract_15.jpg,cotton,cotton::Army worm,Army worm,1,1,train,,
/kaggle/input/datasets/dhamur/cotton-plant-disease/Cotton leaves/40 Images/Army worm/random_translation_pil_constract_8.jpg,cotton,cotton::Army worm,Army worm,1,1,train,,
/kaggle/working/exp02_robust_open_set/unknown_sources/cifar10/train/00250_0206c4f88b62.png,cifar10,cifar10::0206c4f88b62deac,Unclassified,6,0,train,object_vehicle,ship
/kaggle/input/datasets/dhamur/cotton-plant-disease/Cotton leaves/40 Images/Powdery mildew/vertical_flippil_sharpness_23.jpg,cotton,cotton::Powdery mildew,Powdery mildew,4,1,train,,
/kaggle/input/datasets/dhamur/cotton-plant-disease/Cotton leaves/40 Images/Healthy/random_crop_pil_color_22.jpg,cotton,cotton::Healthy,Healthy,3,1,train,,
/kaggle/input/datasets/dhamur/cotton-plant-disease/Cotton leaves/40 Images/Aphids/pil_sharpness_3.jpg,cotton,cotton::Aphids,Aphids,0,1,train,,
/kaggle/input/datasets/dhamur/cotton-plant-disease/Cotton leaves/40 Images/Powdery mildew/rotate_zoompil_color_7.jpg,cotton,cotton::Powdery mildew,Powdery mildew,4,1,train,,
/kaggle/working/exp02_robust_open_set/unknown_sources/cifar10/train/00019_ed903c797879.png,cifar10,cifar10::ed903c7978794b14,Unclassified,6,0,train,animal,frog
/kaggle/input/datasets/dhamur/cotton-plant-disease/Cotton leaves/40 Images/Aphids/rotate_zoom34.jpg,cotton,cotton::Aphids,Aphids,0,1,train,,
/kaggle/working/exp02_robust_open_set/unknown_sources/cifar10/train/00375_f95286778ba6.png,cifar10,cifar10::f95286778ba6358e,Unclassified,6,0,train,object_vehicle,automobile
/kaggle/input/datasets/dhamur/cotton-plant-disease/Cotton leaves/40 Images/Healthy/random_crop_14.jpg,cotton,cotton::Healthy,Healthy,3,1,train,,
/kaggle/working/exp02_robust_open_set/unknown_sources/cifar10/train/00733_52fb61e22e1d.png,cifar10,cifar10::52fb61e22e1d674b,Unclassified,6,0,train,animal,deer
/kaggle/input/datasets/dhamur/cotton-plant-disease/Cotton leaves/40 Images/Army worm/vertical_flippil_brightness_24.jpg,cotton,cotton::Army worm,Army worm,1,1,train,,
/kaggle/working/exp02_robust_open_set/unknown_sources/cifar10/train/00318_70fc2e4ab3fb.png,cifar10,cifar10::70fc2e4ab3fb3cb8,Unclassified,6,0,train,object_vehicle,ship
/kaggle/input/datasets/dhamur/cotton-plant-disease/Cotton leaves/40 Images/Aphids/pil_brightness_19.jpg,cotton,cotton::Aphids,Aphids,0,1,train,,
/kaggle/input/datasets/dhamur/cotton-plant-disease/Cotton leaves/40 Images/Army worm/random_translation_23.jpg,cotton,cotton::Army worm,Army worm,1,1,train,,
/kaggle/working/exp02_robust_open_set/unknown_sources/cifar10/train/00252_7311d28aeee8.png,cifar10,cifar10::7311d28aeee864f6,Unclassified,6,0,train,animal,frog
/kaggle/input/datasets/dhamur/cotton-plant-disease/Cotton leaves/40 Images/Bacterial blight/random_crop_pil_sharpness_17.jpg,cotton,cotton::Bacterial blight,Bacterial blight,2,1,train,,
/kaggle/input/datasets/dhamur/cotton-plant-disease/Cotton leaves/40 Images/Healthy/rotate_zoom13.jpg,cotton,cotton::Healthy,Healthy,3,1,train,,
/kaggle/working/exp02_robust_open_set/unknown_sources/cifar10/train/00152_debb4e828a6a.png,cifar10,cifar10::debb4e828a6a47ce,Unclassified,6,0,train,animal,horse
/kaggle/working/exp02_robust_open_set/unknown_sources/cifar10/train/00037_a5fac4003afc.png,cifar10,cifar10::a5fac4003afca341,Unclassified,6,0,train,animal,frog
/kaggle/input/datasets/dhamur/cotton-plant-disease/Cotton leaves/40 Images/Bacterial blight/pil_brightness_39.jpg,cotton,cotton::Bacterial blight,Bacterial blight,2,1,train,,
/kaggle/input/datasets/dhamur/cotton-plant-disease/Cotton leaves/40 Images/Powdery mildew/random_crop_pil_color_6.jpg,cotton,cotton::Powdery mildew,Powdery mildew,4,1,train,,
/kaggle/working/exp02_robust_open_set/unknown_sources/cifar10/train/00645_f3ce78ab08ce.png,cifar10,cifar10::f3ce78ab08ce2cb2,Unclassified,6,0,train,animal,cat
/kaggle/working/exp02_robust_open_set/unknown_sources/cifar10/train/00614_add4c4534b71.png,cifar10,cifar10::add4c4534b713593,Unclassified,6,0,train,animal,frog
/kaggle/working/exp02_robust_open_set/unknown_sources/cifar10/train/00498_b42d8b7e2a5a.png,cifar10,cifar10::b42d8b7e2a5afae7,Unclassified,6,0,train,animal,dog
/kaggle/input/datasets/dhamur/cotton-plant-disease/Cotton leaves/40 Images/Powdery mildew/pil_sharpness_5.jpg,cotton,cotton::Powdery mildew,Powdery mildew,4,1,train,,
/kaggle/input/datasets/dhamur/cotton-plant-disease/Cotton leaves/40 Images/Bacterial blight/random_crop_pil_sharpness_30.jpg,cotton,cotton::Bacterial blight,Bacterial blight,2,1,train,,
/kaggle/input/datasets/dhamur/cotton-plant-disease/Cotton leaves/40 Images/Target spot/rotate_zoompil_color_7.jpg,cotton,cotton::Target spot,Target spot,5,1,train,,
/kaggle/input/datasets/dhamur/cotton-plant-disease/Cotton leaves/40 Images/Army worm/rotate_zoompil_sharpness_39.jpg,cotton,cotton::Army worm,Army worm,1,1,train,,
/kaggle/input/datasets/dhamur/cotton-plant-disease/Cotton leaves/40 Images/Army worm/pil_sharpness_28.jpg,cotton,cotton::Army worm,Army worm,1,1,train,,
/kaggle/input/datasets/dhamur/cotton-plant-disease/Cotton leaves/40 Images/Target spot/pil_color_35.jpg,cotton,cotton::Target spot,Target spot,5,1,train,,
/kaggle/input/datasets/dhamur/cotton-plant-disease/Cotton leaves/40 Images/Healthy/rotate_zoom18.jpg,cotton,cotton::Healthy,Healthy,3,1,train,,
/kaggle/working/exp02_robust_open_set/unknown_sources/cifar10/train/00671_7811f69014b5.png,cifar10,cifar10::7811f69014b50278,Unclassified,6,0,train,animal,cat
/kaggle/input/datasets/dhamur/cotton-plant-disease/Cotton leaves/40 Images/Healthy/pil_brightness_10.jpg,cotton,cotton::Healthy,Healthy,3,1,train,,
/kaggle/input/datasets/dhamur/cotton-plant-disease/Cotton leaves/40 Images/Army worm/random_translation_6.jpg,cotton,cotton::Army worm,Army worm,1,1,train,,
/kaggle/working/exp02_robust_open_set/unknown_sources/cifar10/train/00735_e45d306ba122.png,cifar10,cifar10::e45d306ba122a372,Unclassified,6,0,train,object_vehicle,airplane
/kaggle/working/exp02_robust_open_set/unknown_sources/cifar10/train/00342_3b68482af5e4.png,cifar10,cifar10::3b68482af5e4bc23,Unclassified,6,0,train,animal,horse
/kaggle/input/datasets/dhamur/cotton-plant-disease/Cotton leaves/40 Images/Aphids/vertical_flippil_sharpness_19.jpg,cotton,cotton::Aphids,Aphids,0,1,train,,
/kaggle/working/exp02_robust_open_set/unknown_sources/cifar10/train/00365_4e4b7dfcad29.png,cifar10,cifar10::4e4b7dfcad29bd97,Unclassified,6,0,train,animal,deer
/kaggle/input/datasets/dhamur/cotton-plant-disease/Cotton leaves/40 Images/Bacterial blight/vertical_flippil_sharpness_19.jpg,cotton,cotton::Bacterial blight,Bacterial blight,2,1,train,,
/kaggle/input/datasets/dhamur/cotton-plant-disease/Cotton leaves/40 Images/Bacterial blight/vertical_flippil_constract_4.jpg,cotton,cotton::Bacterial blight,Bacterial blight,2,1,train,,
/kaggle/input/datasets/dhamur/cotton-plant-disease/Cotton leaves/40 Images/Aphids/rotate_zoompil_color_11.jpg,cotton,cotton::Aphids,Aphids,0,1,train,,
/kaggle/input/datasets/dhamur/cotton-plant-disease/Cotton leaves/40 Images/Aphids/random_crop_pil_sharpness_20.jpg,cotton,cotton::Aphids,Aphids,0,1,train,,
/kaggle/working/exp02_robust_open_set/unknown_sources/cifar10/train/00681_7b67a4a90a01.png,cifar10,cifar10::7b67a4a90a01f9fd,Unclassified,6,0,train,animal,cat
/kaggle/input/datasets/dhamur/cotton-plant-disease/Cotton leaves/40 Images/Bacterial blight/vertical_flip31.jpg,cotton,cotton::Bacterial blight,Bacterial blight,2,1,train,,
/kaggle/input/datasets/dhamur/cotton-plant-disease/Cotton leaves/40 Images/Healthy/random_crop_pil_constract_39.jpg,cotton,cotton::Healthy,Healthy,3,1,train,,
/kaggle/input/datasets/dhamur/cotton-plant-disease/Cotton leaves/40 Images/Powdery mildew/pil_brightness_19.jpg,cotton,cotton::Powdery mildew,Powdery mildew,4,1,train,,
/kaggle/input/datasets/dhamur/cotton-plant-disease/Cotton leaves/40 Images/Aphids/vertical_flippil_color_38.jpg,cotton,cotton::Aphids,Aphids,0,1,train,,
/kaggle/input/datasets/dhamur/cotton-plant-disease/Cotton leaves/40 Images/Army worm/random_translation_19.jpg,cotton,cotton::Army worm,Army worm,1,1,train,,
/kaggle/working/exp02_robust_open_set/unknown_sources/cifar10/train/00740_ab27cefa6ace.png,cifar10,cifar10::ab27cefa6acea13d,Unclassified,6,0,train,object_vehicle,ship
/kaggle/input/datasets/dhamur/cotton-plant-disease/Cotton leaves/40 Images/Target spot/pil_color_18.jpg,cotton,cotton::Target spot,Target spot,5,1,train,,
/kaggle/input/datasets/dhamur/cotton-plant-disease/Cotton leaves/40 Images/Aphids/vertical_flippil_color_2.jpg,cotton,cotton::Aphids,Aphids,0,1,train,,
/kaggle/input/datasets/dhamur/cotton-plant-disease/Cotton leaves/40 Images/Bacterial blight/pil_constract_1.jpg,cotton,cotton::Bacterial blight,Bacterial blight,2,1,train,,
/kaggle/input/datasets/dhamur/cotton-plant-disease/Cotton leaves/40 Images/Healthy/rotate_zoompil_sharpness_20.jpg,cotton,cotton::Healthy,Healthy,3,1,train,,
/kaggle/input/datasets/dhamur/cotton-plant-disease/Cotton leaves/40 Images/Powdery mildew/random_crop_pil_constract_28.jpg,cotton,cotton::Powdery mildew,Powdery mildew,4,1,train,,
/kaggle/working/exp02_robust_open_set/unknown_sources/cifar10/train/00470_a8e954f6a70b.png,cifar10,cifar10::a8e954f6a70ba309,Unclassified,6,0,train,object_vehicle,airplane
/kaggle/working/exp02_robust_open_set/unknown_sources/cifar10/train/00012_53c5d494c04b.png,cifar10,cifar10::53c5d494c04bcce0,Unclassified,6,0,train,object_vehicle,ship
/kaggle/input/datasets/dhamur/cotton-plant-disease/Cotton leaves/40 Images/Bacterial blight/vertical_flip36.jpg,cotton,cotton::Bacterial blight,Bacterial blight,2,1,train,,
/kaggle/working/exp02_robust_open_set/unknown_sources/cifar10/train/00421_e7a9130570c7.png,cifar10,cifar10::e7a9130570c7823a,Unclassified,6,0,train,animal,bird
/kaggle/input/datasets/dhamur/cotton-plant-disease/Cotton leaves/40 Images/Target spot/random_crop_pil_sharpness_16.jpg,cotton,cotton::Target spot,Target spot,5,1,train,,
/kaggle/working/exp02_robust_open_set/unknown_sources/cifar10/train/00087_f4b7912d921b.png,cifar10,cifar10::f4b7912d921b8a90,Unclassified,6,0,train,animal,deer
/kaggle/input/datasets/dhamur/cotton-plant-disease/Cotton leaves/40 Images/Bacterial blight/pil_sharpness_23.jpg,cotton,cotton::Bacterial blight,Bacterial blight,2,1,train,,
/kaggle/input/datasets/dhamur/cotton-plant-disease/Cotton leaves/40 Images/Target spot/vertical_flip14.jpg,cotton,cotton::Target spot,Target spot,5,1,train,,
/kaggle/input/datasets/dhamur/cotton-plant-disease/Cotton leaves/40 Images/Powdery mildew/rotate_zoompil_color_6.jpg,cotton,cotton::Powdery mildew,Powdery mildew,4,1,train,,
/kaggle/input/datasets/dhamur/cotton-plant-disease/Cotton leaves/40 Images/Bacterial blight/vertical_flippil_color_32.jpg,cotton,cotton::Bacterial blight,Bacterial blight,2,1,train,,
/kaggle/input/datasets/dhamur/cotton-plant-disease/Cotton leaves/40 Images/Bacterial blight/pil_brightness_19.jpg,cotton,cotton::Bacterial blight,Bacterial blight,2,1,train,,
/kaggle/input/datasets/dhamur/cotton-plant-disease/Cotton leaves/40 Images/Healthy/pil_constract_33.jpg,cotton,cotton::Healthy,Healthy,3,1,train,,
/kaggle/input/datasets/dhamur/cotton-plant-disease/Cotton leaves/40 Images/Powdery mildew/rotate_zoompil_sharpness_36.jpg,cotton,cotton::Powdery mildew,Powdery mildew,4,1,train,,
/kaggle/input/datasets/dhamur/cotton-plant-disease/Cotton leaves/40 Images/Aphids/36.jpg,cotton,cotton::Aphids,Aphids,0,1,train,,
/kaggle/working/exp02_robust_open_set/unknown_sources/cifar10/train/00701_1583c422560a.png,cifar10,cifar10::1583c422560a21ab,Unclassified,6,0,train,animal,deer
/kaggle/input/datasets/dhamur/cotton-plant-disease/Cotton leaves/40 Images/Powdery mildew/random_crop_pil_brightness_3.jpg,cotton,cotton::Powdery mildew,Powdery mildew,4,1,train,,
/kaggle/input/datasets/dhamur/cotton-plant-disease/Cotton leaves/40 Images/Healthy/rotate_zoompil_color_37.jpg,cotton,cotton::Healthy,Healthy,3,1,train,,
/kaggle/input/datasets/dhamur/cotton-plant-disease/Cotton leaves/40 Images/Powdery mildew/rotate_zoompil_sharpness_29.jpg,cotton,cotton::Powdery mildew,Powdery mildew,4,1,train,,
/kaggle/input/datasets/dhamur/cotton-plant-disease/Cotton leaves/40 Images/Aphids/pil_brightness_29.jpg,cotton,cotton::Aphids,Aphids,0,1,train,,
/kaggle/input/datasets/dhamur/cotton-plant-disease/Cotton leaves/40 Images/Powdery mildew/rotate_zoompil_constract_32.jpg,cotton,cotton::Powdery mildew,Powdery mildew,4,1,train,,
/kaggle/input/datasets/dhamur/cotton-plant-disease/Cotton leaves/40 Images/Bacterial blight/26.jpg,cotton,cotton::Bacterial blight,Bacterial blight,2,1,train,,
/kaggle/input/datasets/dhamur/cotton-plant-disease/Cotton leaves/40 Images/Aphids/rotate_zoompil_sharpness_39.jpg,cotton,cotton::Aphids,Aphids,0,1,train,,
/kaggle/input/datasets/dhamur/cotton-plant-disease/Cotton leaves/40 Images/Army worm/pil_sharpness_20.jpg,cotton,cotton::Army worm,Army worm,1,1,train,,
/kaggle/input/datasets/dhamur/cotton-plant-disease/Cotton leaves/40 Images/Bacterial blight/vertical_flippil_color_4.jpg,cotton,cotton::Bacterial blight,Bacterial blight,2,1,train,,
/kaggle/input/datasets/dhamur/cotton-plant-disease/Cotton leaves/40 Images/Bacterial blight/vertical_flip17.jpg,cotton,cotton::Bacterial blight,Bacterial blight,2,1,train,,
/kaggle/input/datasets/dhamur/cotton-plant-disease/Cotton leaves/40 Images/Aphids/vertical_flip16.jpg,cotton,cotton::Aphids,Aphids,0,1,train,,
/kaggle/input/datasets/dhamur/cotton-plant-disease/Cotton leaves/40 Images/Target spot/vertical_flippil_sharpness_26.jpg,cotton,cotton::Target spot,Target spot,5,1,train,,
/kaggle/input/datasets/dhamur/cotton-plant-disease/Cotton leaves/40 Images/Powdery mildew/pil_constract_14.jpg,cotton,cotton::Powdery mildew,Powdery mildew,4,1,train,,
/kaggle/input/datasets/dhamur/cotton-plant-disease/Cotton leaves/40 Images/Powdery mildew/rotate_zoom19.jpg,cotton,cotton::Powdery mildew,Powdery mildew,4,1,train,,
/kaggle/input/datasets/dhamur/cotton-plant-disease/Cotton leaves/40 Images/Aphids/40.jpg,cotton,cotton::Aphids,Aphids,0,1,train,,
/kaggle/input/datasets/dhamur/cotton-plant-disease/Cotton leaves/40 Images/Bacterial blight/pil_color_12.jpg,cotton,cotton::Bacterial blight,Bacterial blight,2,1,train,,
/kaggle/input/datasets/dhamur/cotton-plant-disease/Cotton leaves/40 Images/Army worm/vertical_flippil_constract_28.jpg,cotton,cotton::Army worm,Army worm,1,1,train,,
/kaggle/input/datasets/dhamur/cotton-plant-disease/Cotton leaves/40 Images/Bacterial blight/pil_color_24.jpg,cotton,cotton::Bacterial blight,Bacterial blight,2,1,train,,
/kaggle/working/exp02_robust_open_set/unknown_sources/cifar10/train/00057_c7d23829bf21.png,cifar10,cifar10::c7d23829bf21c7c2,Unclassified,6,0,train,object_vehicle,airplane
/kaggle/input/datasets/dhamur/cotton-plant-disease/Cotton leaves/40 Images/Bacterial blight/5.jpg,cotton,cotton::Bacterial blight,Bacterial blight,2,1,train,,
/kaggle/input/datasets/dhamur/cotton-plant-disease/Cotton leaves/40 Images/Healthy/pil_brightness_25.jpg,cotton,cotton::Healthy,Healthy,3,1,train,,
/kaggle/input/datasets/dhamur/cotton-plant-disease/Cotton leaves/40 Images/Target spot/rotate_zoompil_sharpness_15.jpg,cotton,cotton::Target spot,Target spot,5,1,train,,
/kaggle/input/datasets/dhamur/cotton-plant-disease/Cotton leaves/40 Images/Healthy/random_crop_pil_constract_4.jpg,cotton,cotton::Healthy,Healthy,3,1,train,,
/kaggle/input/datasets/dhamur/cotton-plant-disease/Cotton leaves/40 Images/Healthy/pil_brightness_22.jpg,cotton,cotton::Healthy,Healthy,3,1,train,,
/kaggle/working/exp02_robust_open_set/unknown_sources/cifar10/train/00746_e2ddc9083910.png,cifar10,cifar10::e2ddc9083910a96c,Unclassified,6,0,train,object_vehicle,ship
/kaggle/input/datasets/dhamur/cotton-plant-disease/Cotton leaves/40 Images/Target spot/random_crop_pil_color_34.jpg,cotton,cotton::Target spot,Target spot,5,1,train,,
/kaggle/input/datasets/dhamur/cotton-plant-disease/Cotton leaves/40 Images/Powdery mildew/rotate_zoompil_sharpness_39.jpg,cotton,cotton::Powdery mildew,Powdery mildew,4,1,train,,
/kaggle/input/datasets/dhamur/cotton-plant-disease/Cotton leaves/40 Images/Aphids/vertical_flippil_color_35.jpg,cotton,cotton::Aphids,Aphids,0,1,train,,
/kaggle/input/datasets/dhamur/cotton-plant-disease/Cotton leaves/40 Images/Target spot/random_crop_pil_color_29.jpg,cotton,cotton::Target spot,Target spot,5,1,train,,
/kaggle/input/datasets/dhamur/cotton-plant-disease/Cotton leaves/40 Images/Powdery mildew/34.jpg,cotton,cotton::Powdery mildew,Powdery mildew,4,1,train,,
/kaggle/input/datasets/dhamur/cotton-plant-disease/Cotton leaves/40 Images/Powdery mildew/random_crop_pil_constract_9.jpg,cotton,cotton::Powdery mildew,Powdery mildew,4,1,train,,
/kaggle/input/datasets/dhamur/cotton-plant-disease/Cotton leaves/40 Images/Army worm/vertical_flippil_brightness_6.jpg,cotton,cotton::Army worm,Army worm,1,1,train,,
/kaggle/input/datasets/dhamur/cotton-plant-disease/Cotton leaves/40 Images/Target spot/random_crop_pil_color_31.jpg,cotton,cotton::Target spot,Target spot,5,1,train,,
/kaggle/input/datasets/dhamur/cotton-plant-disease/Cotton leaves/40 Images/Bacterial blight/random_crop_pil_brightness_28.jpg,cotton,cotton::Bacterial blight,Bacterial blight,2,1,train,,
/kaggle/input/datasets/dhamur/cotton-plant-disease/Cotton leaves/40 Images/Target spot/pil_constract_10.jpg,cotton,cotton::Target spot,Target spot,5,1,train,,
/kaggle/input/datasets/dhamur/cotton-plant-disease/Cotton leaves/40 Images/Army worm/rotate_zoompil_brightness_21.jpg,cotton,cotton::Army worm,Army worm,1,1,train,,
/kaggle/input/datasets/dhamur/cotton-plant-disease/Cotton leaves/40 Images/Bacterial blight/vertical_flippil_brightness_35.jpg,cotton,cotton::Bacterial blight,Bacterial blight,2,1,train,,
/kaggle/input/datasets/dhamur/cotton-plant-disease/Cotton leaves/40 Images/Army worm/random_translation_pil_brightness_25.jpg,cotton,cotton::Army worm,Army worm,1,1,train,,
/kaggle/working/exp02_robust_open_set/unknown_sources/cifar10/train/00386_5030e6495a02.png,cifar10,cifar10::5030e6495a029893,Unclassified,6,0,train,object_vehicle,airplane
/kaggle/input/datasets/dhamur/cotton-plant-disease/Cotton leaves/40 Images/Bacterial blight/vertical_flippil_constract_35.jpg,cotton,cotton::Bacterial blight,Bacterial blight,2,1,train,,
/kaggle/input/datasets/dhamur/cotton-plant-disease/Cotton leaves/40 Images/Bacterial blight/rotate_zoompil_constract_32.jpg,cotton,cotton::Bacterial blight,Bacterial blight,2,1,train,,
/kaggle/input/datasets/dhamur/cotton-plant-disease/Cotton leaves/40 Images/Aphids/random_crop_pil_sharpness_12.jpg,cotton,cotton::Aphids,Aphids,0,1,train,,
/kaggle/input/datasets/dhamur/cotton-plant-disease/Cotton leaves/40 Images/Aphids/rotate_zoompil_sharpness_11.jpg,cotton,cotton::Aphids,Aphids,0,1,train,,
/kaggle/input/datasets/dhamur/cotton-plant-disease/Cotton leaves/40 Images/Powdery mildew/vertical_flippil_color_25.jpg,cotton,cotton::Powdery mildew,Powdery mildew,4,1,train,,
/kaggle/input/datasets/dhamur/cotton-plant-disease/Cotton leaves/40 Images/Army worm/vertical_flip20.jpg,cotton,cotton::Army worm,Army worm,1,1,train,,
/kaggle/working/exp02_robust_open_set/unknown_sources/cifar10/train/00072_7fbefcdf4512.png,cifar10,cifar10::7fbefcdf45122da4,Unclassified,6,0,train,animal,deer
/kaggle/input/datasets/dhamur/cotton-plant-disease/Cotton leaves/40 Images/Target spot/rotate_zoompil_color_32.jpg,cotton,cotton::Target spot,Target spot,5,1,train,,
/kaggle/input/datasets/dhamur/cotton-plant-disease/Cotton leaves/40 Images/Army worm/vertical_flippil_color_13.jpg,cotton,cotton::Army worm,Army worm,1,1,train,,
/kaggle/input/datasets/dhamur/cotton-plant-disease/Cotton leaves/40 Images/Healthy/random_crop_pil_color_23.jpg,cotton,cotton::Healthy,Healthy,3,1,train,,
/kaggle/working/exp02_robust_open_set/unknown_sources/cifar10/train/00184_6dc1f760a618.png,cifar10,cifar10::6dc1f760a618bba0,Unclassified,6,0,train,animal,frog
/kaggle/working/exp02_robust_open_set/unknown_sources/cifar10/train/00001_21b44a7f8231.png,cifar10,cifar10::21b44a7f823181b8,Unclassified,6,0,train,animal,horse
/kaggle/working/exp02_robust_open_set/unknown_sources/cifar10/train/00031_ab41f5e42fdc.png,cifar10,cifar10::ab41f5e42fdca1bb,Unclassified,6,0,train,animal,dog
/kaggle/working/exp02_robust_open_set/unknown_sources/cifar10/train/00632_f92f76bac9e1.png,cifar10,cifar10::f92f76bac9e194ce,Unclassified,6,0,train,animal,deer
/kaggle/input/datasets/dhamur/cotton-plant-disease/Cotton leaves/40 Images/Aphids/21.jpg,cotton,cotton::Aphids,Aphids,0,1,train,,
/kaggle/input/datasets/dhamur/cotton-plant-disease/Cotton leaves/40 Images/Powdery mildew/random_crop_pil_brightness_21.jpg,cotton,cotton::Powdery mildew,Powdery mildew,4,1,train,,
/kaggle/input/datasets/dhamur/cotton-plant-disease/Cotton leaves/40 Images/Powdery mildew/35.jpg,cotton,cotton::Powdery mildew,Powdery mildew,4,1,train,,
/kaggle/input/datasets/dhamur/cotton-plant-disease/Cotton leaves/40 Images/Army worm/vertical_flippil_sharpness_17.jpg,cotton,cotton::Army worm,Army worm,1,1,train,,
/kaggle/input/datasets/dhamur/cotton-plant-disease/Cotton leaves/40 Images/Powdery mildew/6.jpg,cotton,cotton::Powdery mildew,Powdery mildew,4,1,train,,
/kaggle/input/datasets/dhamur/cotton-plant-disease/Cotton leaves/40 Images/Target spot/40.jpg,cotton,cotton::Target spot,Target spot,5,1,train,,
/kaggle/input/datasets/dhamur/cotton-plant-disease/Cotton leaves/40 Images/Bacterial blight/pil_sharpness_21.jpg,cotton,cotton::Bacterial blight,Bacterial blight,2,1,train,,
/kaggle/input/datasets/dhamur/cotton-plant-disease/Cotton leaves/40 Images/Bacterial blight/vertical_flippil_sharpness_23.jpg,cotton,cotton::Bacterial blight,Bacterial blight,2,1,train,,
/kaggle/input/datasets/dhamur/cotton-plant-disease/Cotton leaves/40 Images/Army worm/random_translation_9.jpg,cotton,cotton::Army worm,Army worm,1,1,train,,
/kaggle/input/datasets/dhamur/cotton-plant-disease/Cotton leaves/40 Images/Army worm/pil_sharpness_23.jpg,cotton,cotton::Army worm,Army worm,1,1,train,,
/kaggle/working/exp02_robust_open_set/unknown_sources/cifar10/train/00328_2c9729170e6a.png,cifar10,cifar10::2c9729170e6aba59,Unclassified,6,0,train,object_vehicle,ship
/kaggle/input/datasets/dhamur/cotton-plant-disease/Cotton leaves/40 Images/Target spot/vertical_flippil_color_36.jpg,cotton,cotton::Target spot,Target spot,5,1,train,,
/kaggle/working/exp02_robust_open_set/unknown_sources/cifar10/train/00541_9e24226a7d8c.png,cifar10,cifar10::9e24226a7d8c800d,Unclassified,6,0,train,animal,cat
/kaggle/input/datasets/dhamur/cotton-plant-disease/Cotton leaves/40 Images/Bacterial blight/random_crop_36.jpg,cotton,cotton::Bacterial blight,Bacterial blight,2,1,train,,
/kaggle/working/exp02_robust_open_set/unknown_sources/cifar10/train/00500_b425e090f0e6.png,cifar10,cifar10::b425e090f0e6dda5,Unclassified,6,0,train,object_vehicle,ship
/kaggle/input/datasets/dhamur/cotton-plant-disease/Cotton leaves/40 Images/Target spot/39.jpg,cotton,cotton::Target spot,Target spot,5,1,train,,
/kaggle/working/exp02_robust_open_set/unknown_sources/cifar10/train/00598_7deebd7a1b1d.png,cifar10,cifar10::7deebd7a1b1d0d8c,Unclassified,6,0,train,animal,deer
/kaggle/input/datasets/dhamur/cotton-plant-disease/Cotton leaves/40 Images/Army worm/random_translation_pil_sharpness_4.jpg,cotton,cotton::Army worm,Army worm,1,1,train,,
/kaggle/input/datasets/dhamur/cotton-plant-disease/Cotton leaves/40 Images/Healthy/random_crop_pil_brightness_36.jpg,cotton,cotton::Healthy,Healthy,3,1,train,,
/kaggle/input/datasets/dhamur/cotton-plant-disease/Cotton leaves/40 Images/Healthy/pil_brightness_28.jpg,cotton,cotton::Healthy,Healthy,3,1,train,,
/kaggle/input/datasets/dhamur/cotton-plant-disease/Cotton leaves/40 Images/Powdery mildew/pil_sharpness_22.jpg,cotton,cotton::Powdery mildew,Powdery mildew,4,1,train,,
/kaggle/input/datasets/dhamur/cotton-plant-disease/Cotton leaves/40 Images/Powdery mildew/random_crop_20.jpg,cotton,cotton::Powdery mildew,Powdery mildew,4,1,train,,
/kaggle/input/datasets/dhamur/cotton-plant-disease/Cotton leaves/40 Images/Healthy/random_crop_pil_sharpness_25.jpg,cotton,cotton::Healthy,Healthy,3,1,train,,
/kaggle/input/datasets/dhamur/cotton-plant-disease/Cotton leaves/40 Images/Army worm/rotate_zoom18.jpg,cotton,cotton::Army worm,Army worm,1,1,train,,
/kaggle/input/datasets/dhamur/cotton-plant-disease/Cotton leaves/40 Images/Powdery mildew/random_crop_pil_brightness_14.jpg,cotton,cotton::Powdery mildew,Powdery mildew,4,1,train,,
/kaggle/input/datasets/dhamur/cotton-plant-disease/Cotton leaves/40 Images/Bacterial blight/rotate_zoompil_color_35.jpg,cotton,cotton::Bacterial blight,Bacterial blight,2,1,train,,
/kaggle/input/datasets/dhamur/cotton-plant-disease/Cotton leaves/40 Images/Bacterial blight/rotate_zoompil_color_27.jpg,cotton,cotton::Bacterial blight,Bacterial blight,2,1,train,,
/kaggle/input/datasets/dhamur/cotton-plant-disease/Cotton leaves/40 Images/Army worm/vertical_flippil_constract_23.jpg,cotton,cotton::Army worm,Army worm,1,1,train,,
/kaggle/working/exp02_robust_open_set/unknown_sources/cifar10/train/00000_553240f2dbe6.png,cifar10,cifar10::553240f2dbe605b8,Unclassified,6,0,train,object_vehicle,automobile
/kaggle/input/datasets/dhamur/cotton-plant-disease/Cotton leaves/40 Images/Powdery mildew/pil_color_21.jpg,cotton,cotton::Powdery mildew,Powdery mildew,4,1,train,,
/kaggle/input/datasets/dhamur/cotton-plant-disease/Cotton leaves/40 Images/Aphids/rotate_zoom5.jpg,cotton,cotton::Aphids,Aphids,0,1,train,,
/kaggle/input/datasets/dhamur/cotton-plant-disease/Cotton leaves/40 Images/Bacterial blight/pil_constract_29.jpg,cotton,cotton::Bacterial blight,Bacterial blight,2,1,train,,
/kaggle/input/datasets/dhamur/cotton-plant-disease/Cotton leaves/40 Images/Target spot/rotate_zoompil_constract_38.jpg,cotton,cotton::Target spot,Target spot,5,1,train,,
/kaggle/input/datasets/dhamur/cotton-plant-disease/Cotton leaves/40 Images/Target spot/22.jpg,cotton,cotton::Target spot,Target spot,5,1,train,,
/kaggle/input/datasets/dhamur/cotton-plant-disease/Cotton leaves/40 Images/Healthy/vertical_flippil_color_27.jpg,cotton,cotton::Healthy,Healthy,3,1,train,,
/kaggle/input/datasets/dhamur/cotton-plant-disease/Cotton leaves/40 Images/Healthy/vertical_flippil_color_13.jpg,cotton,cotton::Healthy,Healthy,3,1,train,,
/kaggle/input/datasets/dhamur/cotton-plant-disease/Cotton leaves/40 Images/Healthy/random_crop_pil_color_8.jpg,cotton,cotton::Healthy,Healthy,3,1,train,,
/kaggle/input/datasets/dhamur/cotton-plant-disease/Cotton leaves/40 Images/Powdery mildew/vertical_flippil_sharpness_38.jpg,cotton,cotton::Powdery mildew,Powdery mildew,4,1,train,,
/kaggle/input/datasets/dhamur/cotton-plant-disease/Cotton leaves/40 Images/Bacterial blight/rotate_zoom26.jpg,cotton,cotton::Bacterial blight,Bacterial blight,2,1,train,,
/kaggle/input/datasets/dhamur/cotton-plant-disease/Cotton leaves/40 Images/Army worm/rotate_zoompil_brightness_38.jpg,cotton,cotton::Army worm,Army worm,1,1,train,,
/kaggle/input/datasets/dhamur/cotton-plant-disease/Cotton leaves/40 Images/Army worm/pil_constract_35.jpg,cotton,cotton::Army worm,Army worm,1,1,train,,
/kaggle/input/datasets/dhamur/cotton-plant-disease/Cotton leaves/40 Images/Army worm/rotate_zoompil_color_37.jpg,cotton,cotton::Army worm,Army worm,1,1,train,,
/kaggle/input/datasets/dhamur/cotton-plant-disease/Cotton leaves/40 Images/Healthy/3.jpg,cotton,cotton::Healthy,Healthy,3,1,train,,
/kaggle/input/datasets/dhamur/cotton-plant-disease/Cotton leaves/40 Images/Target spot/pil_brightness_7.jpg,cotton,cotton::Target spot,Target spot,5,1,train,,
/kaggle/input/datasets/dhamur/cotton-plant-disease/Cotton leaves/40 Images/Healthy/random_crop_pil_brightness_10.jpg,cotton,cotton::Healthy,Healthy,3,1,train,,
/kaggle/input/datasets/dhamur/cotton-plant-disease/Cotton leaves/40 Images/Healthy/vertical_flippil_constract_21.jpg,cotton,cotton::Healthy,Healthy,3,1,train,,
/kaggle/input/datasets/dhamur/cotton-plant-disease/Cotton leaves/40 Images/Aphids/vertical_flip27.jpg,cotton,cotton::Aphids,Aphids,0,1,train,,
/kaggle/input/datasets/dhamur/cotton-plant-disease/Cotton leaves/40 Images/Target spot/vertical_flippil_constract_15.jpg,cotton,cotton::Target spot,Target spot,5,1,train,,
/kaggle/input/datasets/dhamur/cotton-plant-disease/Cotton leaves/40 Images/Bacterial blight/random_crop_5.jpg,cotton,cotton::Bacterial blight,Bacterial blight,2,1,train,,
/kaggle/input/datasets/dhamur/cotton-plant-disease/Cotton leaves/40 Images/Healthy/rotate_zoompil_constract_4.jpg,cotton,cotton::Healthy,Healthy,3,1,train,,
/kaggle/input/datasets/dhamur/cotton-plant-disease/Cotton leaves/40 Images/Army worm/rotate_zoompil_color_19.jpg,cotton,cotton::Army worm,Army worm,1,1,train,,
/kaggle/input/datasets/dhamur/cotton-plant-disease/Cotton leaves/40 Images/Target spot/vertical_flippil_brightness_11.jpg,cotton,cotton::Target spot,Target spot,5,1,train,,
/kaggle/input/datasets/dhamur/cotton-plant-disease/Cotton leaves/40 Images/Healthy/rotate_zoompil_sharpness_5.jpg,cotton,cotton::Healthy,Healthy,3,1,train,,
/kaggle/working/exp02_robust_open_set/unknown_sources/cifar10/train/00621_b3f600b9cc88.png,cifar10,cifar10::b3f600b9cc880378,Unclassified,6,0,train,animal,bird
/kaggle/working/exp02_robust_open_set/unknown_sources/cifar10/train/00327_dbf665386313.png,cifar10,cifar10::dbf6653863135ef8,Unclassified,6,0,train,animal,frog
/kaggle/input/datasets/dhamur/cotton-plant-disease/Cotton leaves/40 Images/Target spot/pil_sharpness_4.jpg,cotton,cotton::Target spot,Target spot,5,1,train,,
/kaggle/input/datasets/dhamur/cotton-plant-disease/Cotton leaves/40 Images/Powdery mildew/vertical_flippil_brightness_7.jpg,cotton,cotton::Powdery mildew,Powdery mildew,4,1,train,,
/kaggle/input/datasets/dhamur/cotton-plant-disease/Cotton leaves/40 Images/Army worm/rotate_zoompil_sharpness_3.jpg,cotton,cotton::Army worm,Army worm,1,1,train,,
/kaggle/input/datasets/dhamur/cotton-plant-disease/Cotton leaves/40 Images/Aphids/random_crop_26.jpg,cotton,cotton::Aphids,Aphids,0,1,train,,
/kaggle/input/datasets/dhamur/cotton-plant-disease/Cotton leaves/40 Images/Aphids/random_crop_pil_constract_33.jpg,cotton,cotton::Aphids,Aphids,0,1,train,,
/kaggle/input/datasets/dhamur/cotton-plant-disease/Cotton leaves/40 Images/Powdery mildew/rotate_zoom40.jpg,cotton,cotton::Powdery mildew,Powdery mildew,4,1,train,,
/kaggle/input/datasets/dhamur/cotton-plant-disease/Cotton leaves/40 Images/Powdery mildew/vertical_flippil_constract_19.jpg,cotton,cotton::Powdery mildew,Powdery mildew,4,1,train,,
/kaggle/input/datasets/dhamur/cotton-plant-disease/Cotton leaves/40 Images/Healthy/random_crop_pil_brightness_13.jpg,cotton,cotton::Healthy,Healthy,3,1,train,,
/kaggle/input/datasets/dhamur/cotton-plant-disease/Cotton leaves/40 Images/Healthy/rotate_zoompil_constract_31.jpg,cotton,cotton::Healthy,Healthy,3,1,train,,
/kaggle/working/exp02_robust_open_set/unknown_sources/cifar10/train/00462_a27b1a8e6f1e.png,cifar10,cifar10::a27b1a8e6f1e3bda,Unclassified,6,0,train,object_vehicle,ship
/kaggle/input/datasets/dhamur/cotton-plant-disease/Cotton leaves/40 Images/Army worm/vertical_flippil_brightness_1.jpg,cotton,cotton::Army worm,Army worm,1,1,train,,
/kaggle/input/datasets/dhamur/cotton-plant-disease/Cotton leaves/40 Images/Bacterial blight/vertical_flippil_constract_10.jpg,cotton,cotton::Bacterial blight,Bacterial blight,2,1,train,,
/kaggle/input/datasets/dhamur/cotton-plant-disease/Cotton leaves/40 Images/Bacterial blight/rotate_zoompil_constract_17.jpg,cotton,cotton::Bacterial blight,Bacterial blight,2,1,train,,
/kaggle/working/exp02_robust_open_set/unknown_sources/cifar10/train/00528_cadfcab514d9.png,cifar10,cifar10::cadfcab514d9579b,Unclassified,6,0,train,animal,bird
/kaggle/input/datasets/dhamur/cotton-plant-disease/Cotton leaves/40 Images/Healthy/random_crop_19.jpg,cotton,cotton::Healthy,Healthy,3,1,train,,
/kaggle/working/exp02_robust_open_set/unknown_sources/cifar10/train/00659_44d412077ddc.png,cifar10,cifar10::44d412077ddcd634,Unclassified,6,0,train,animal,cat
/kaggle/working/exp02_robust_open_set/unknown_sources/cifar10/train/00724_b38057cef04b.png,cifar10,cifar10::b38057cef04b0c60,Unclassified,6,0,train,object_vehicle,ship
/kaggle/input/datasets/dhamur/cotton-plant-disease/Cotton leaves/40 Images/Target spot/vertical_flippil_brightness_36.jpg,cotton,cotton::Target spot,Target spot,5,1,train,,
/kaggle/input/datasets/dhamur/cotton-plant-disease/Cotton leaves/40 Images/Aphids/pil_constract_19.jpg,cotton,cotton::Aphids,Aphids,0,1,train,,
/kaggle/input/datasets/dhamur/cotton-plant-disease/Cotton leaves/40 Images/Bacterial blight/vertical_flippil_sharpness_2.jpg,cotton,cotton::Bacterial blight,Bacterial blight,2,1,train,,
/kaggle/input/datasets/dhamur/cotton-plant-disease/Cotton leaves/40 Images/Powdery mildew/29.jpg,cotton,cotton::Powdery mildew,Powdery mildew,4,1,train,,
/kaggle/input/datasets/dhamur/cotton-plant-disease/Cotton leaves/40 Images/Healthy/rotate_zoom35.jpg,cotton,cotton::Healthy,Healthy,3,1,train,,
/kaggle/input/datasets/dhamur/cotton-plant-disease/Cotton leaves/40 Images/Bacterial blight/rotate_zoompil_sharpness_21.jpg,cotton,cotton::Bacterial blight,Bacterial blight,2,1,train,,
/kaggle/input/datasets/dhamur/cotton-plant-disease/Cotton leaves/40 Images/Target spot/rotate_zoompil_brightness_3.jpg,cotton,cotton::Target spot,Target spot,5,1,train,,
/kaggle/working/exp02_robust_open_set/unknown_sources/cifar10/train/00227_bf874c82b960.png,cifar10,cifar10::bf874c82b960ae25,Unclassified,6,0,train,animal,horse
/kaggle/input/datasets/dhamur/cotton-plant-disease/Cotton leaves/40 Images/Healthy/rotate_zoompil_brightness_37.jpg,cotton,cotton::Healthy,Healthy,3,1,train,,
/kaggle/input/datasets/dhamur/cotton-plant-disease/Cotton leaves/40 Images/Aphids/rotate_zoom4.jpg,cotton,cotton::Aphids,Aphids,0,1,train,,
/kaggle/working/exp02_robust_open_set/unknown_sources/cifar10/train/00654_ebe7ac110fb7.png,cifar10,cifar10::ebe7ac110fb79979,Unclassified,6,0,train,object_vehicle,automobile
/kaggle/input/datasets/dhamur/cotton-plant-disease/Cotton leaves/40 Images/Aphids/random_crop_pil_constract_29.jpg,cotton,cotton::Aphids,Aphids,0,1,train,,
/kaggle/input/datasets/dhamur/cotton-plant-disease/Cotton leaves/40 Images/Powdery mildew/rotate_zoompil_sharpness_33.jpg,cotton,cotton::Powdery mildew,Powdery mildew,4,1,train,,
/kaggle/input/datasets/dhamur/cotton-plant-disease/Cotton leaves/40 Images/Aphids/rotate_zoompil_sharpness_32.jpg,cotton,cotton::Aphids,Aphids,0,1,train,,
/kaggle/working/exp02_robust_open_set/unknown_sources/cifar10/train/00207_de5348bdf31b.png,cifar10,cifar10::de5348bdf31bac7f,Unclassified,6,0,train,animal,deer
/kaggle/input/datasets/dhamur/cotton-plant-disease/Cotton leaves/40 Images/Healthy/random_crop_4.jpg,cotton,cotton::Healthy,Healthy,3,1,train,,
/kaggle/input/datasets/dhamur/cotton-plant-disease/Cotton leaves/40 Images/Healthy/random_crop_24.jpg,cotton,cotton::Healthy,Healthy,3,1,train,,
/kaggle/input/datasets/dhamur/cotton-plant-disease/Cotton leaves/40 Images/Healthy/vertical_flippil_brightness_22.jpg,cotton,cotton::Healthy,Healthy,3,1,train,,
/kaggle/working/exp02_robust_open_set/unknown_sources/cifar10/train/00553_6ee9a3e1c0e4.png,cifar10,cifar10::6ee9a3e1c0e4bd6a,Unclassified,6,0,train,animal,dog
/kaggle/input/datasets/dhamur/cotton-plant-disease/Cotton leaves/40 Images/Aphids/vertical_flip29.jpg,cotton,cotton::Aphids,Aphids,0,1,train,,
/kaggle/input/datasets/dhamur/cotton-plant-disease/Cotton leaves/40 Images/Powdery mildew/pil_brightness_32.jpg,cotton,cotton::Powdery mildew,Powdery mildew,4,1,train,,
/kaggle/input/datasets/dhamur/cotton-plant-disease/Cotton leaves/40 Images/Army worm/vertical_flippil_brightness_8.jpg,cotton,cotton::Army worm,Army worm,1,1,train,,
/kaggle/working/exp02_robust_open_set/unknown_sources/cifar10/train/00423_aa609ebe9e48.png,cifar10,cifar10::aa609ebe9e4868c4,Unclassified,6,0,train,animal,bird
/kaggle/input/datasets/dhamur/cotton-plant-disease/Cotton leaves/40 Images/Target spot/rotate_zoompil_sharpness_18.jpg,cotton,cotton::Target spot,Target spot,5,1,train,,
/kaggle/input/datasets/dhamur/cotton-plant-disease/Cotton leaves/40 Images/Bacterial blight/pil_sharpness_35.jpg,cotton,cotton::Bacterial blight,Bacterial blight,2,1,train,,
/kaggle/input/datasets/dhamur/cotton-plant-disease/Cotton leaves/40 Images/Army worm/pil_constract_14.jpg,cotton,cotton::Army worm,Army worm,1,1,train,,
/kaggle/input/datasets/dhamur/cotton-plant-disease/Cotton leaves/40 Images/Aphids/pil_color_13.jpg,cotton,cotton::Aphids,Aphids,0,1,train,,
/kaggle/input/datasets/dhamur/cotton-plant-disease/Cotton leaves/40 Images/Healthy/pil_constract_40.jpg,cotton,cotton::Healthy,Healthy,3,1,train,,
/kaggle/input/datasets/dhamur/cotton-plant-disease/Cotton leaves/40 Images/Target spot/vertical_flippil_sharpness_39.jpg,cotton,cotton::Target spot,Target spot,5,1,train,,
/kaggle/working/exp02_robust_open_set/unknown_sources/cifar10/train/00237_d0004d5d2cc6.png,cifar10,cifar10::d0004d5d2cc6c843,Unclassified,6,0,train,animal,deer
/kaggle/input/datasets/dhamur/cotton-plant-disease/Cotton leaves/40 Images/Bacterial blight/vertical_flippil_brightness_4.jpg,cotton,cotton::Bacterial blight,Bacterial blight,2,1,train,,
/kaggle/input/datasets/dhamur/cotton-plant-disease/Cotton leaves/40 Images/Healthy/rotate_zoom26.jpg,cotton,cotton::Healthy,Healthy,3,1,train,,
/kaggle/working/exp02_robust_open_set/unknown_sources/cifar10/train/00689_7a5af499e0ac.png,cifar10,cifar10::7a5af499e0ac3d93,Unclassified,6,0,train,animal,cat
/kaggle/input/datasets/dhamur/cotton-plant-disease/Cotton leaves/40 Images/Healthy/pil_constract_1.jpg,cotton,cotton::Healthy,Healthy,3,1,train,,
/kaggle/working/exp02_robust_open_set/unknown_sources/cifar10/train/00588_bf2cbb4d34c3.png,cifar10,cifar10::bf2cbb4d34c30704,Unclassified,6,0,train,object_vehicle,automobile
/kaggle/input/datasets/dhamur/cotton-plant-disease/Cotton leaves/40 Images/Healthy/pil_sharpness_20.jpg,cotton,cotton::Healthy,Healthy,3,1,train,,
/kaggle/input/datasets/dhamur/cotton-plant-disease/Cotton leaves/40 Images/Healthy/random_crop_pil_constract_24.jpg,cotton,cotton::Healthy,Healthy,3,1,train,,
/kaggle/working/exp02_robust_open_set/unknown_sources/cifar10/train/00095_3da23a506286.png,cifar10,cifar10::3da23a506286fb52,Unclassified,6,0,train,animal,deer
/kaggle/input/datasets/dhamur/cotton-plant-disease/Cotton leaves/40 Images/Powdery mildew/19.jpg,cotton,cotton::Powdery mildew,Powdery mildew,4,1,train,,
/kaggle/input/datasets/dhamur/cotton-plant-disease/Cotton leaves/40 Images/Bacterial blight/16.jpg,cotton,cotton::Bacterial blight,Bacterial blight,2,1,train,,
/kaggle/working/exp02_robust_open_set/unknown_sources/cifar10/train/00602_fdbe6dd581f2.png,cifar10,cifar10::fdbe6dd581f2b0c8,Unclassified,6,0,train,animal,horse
/kaggle/input/datasets/dhamur/cotton-plant-disease/Cotton leaves/40 Images/Healthy/rotate_zoom8.jpg,cotton,cotton::Healthy,Healthy,3,1,train,,
/kaggle/input/datasets/dhamur/cotton-plant-disease/Cotton leaves/40 Images/Powdery mildew/random_crop_pil_brightness_18.jpg,cotton,cotton::Powdery mildew,Powdery mildew,4,1,train,,
/kaggle/input/datasets/dhamur/cotton-plant-disease/Cotton leaves/40 Images/Aphids/13.jpg,cotton,cotton::Aphids,Aphids,0,1,train,,
/kaggle/working/exp02_robust_open_set/unknown_sources/cifar10/train/00679_4b14aa60bb93.png,cifar10,cifar10::4b14aa60bb938cd9,Unclassified,6,0,train,object_vehicle,automobile
/kaggle/input/datasets/dhamur/cotton-plant-disease/Cotton leaves/40 Images/Army worm/rotate_zoompil_brightness_39.jpg,cotton,cotton::Army worm,Army worm,1,1,train,,
/kaggle/input/datasets/dhamur/cotton-plant-disease/Cotton leaves/40 Images/Powdery mildew/vertical_flippil_constract_20.jpg,cotton,cotton::Powdery mildew,Powdery mildew,4,1,train,,
/kaggle/input/datasets/dhamur/cotton-plant-disease/Cotton leaves/40 Images/Army worm/random_translation_pil_color_18.jpg,cotton,cotton::Army worm,Army worm,1,1,train,,
/kaggle/input/datasets/dhamur/cotton-plant-disease/Cotton leaves/40 Images/Aphids/rotate_zoompil_sharpness_7.jpg,cotton,cotton::Aphids,Aphids,0,1,train,,
/kaggle/input/datasets/dhamur/cotton-plant-disease/Cotton leaves/40 Images/Target spot/random_crop_pil_color_5.jpg,cotton,cotton::Target spot,Target spot,5,1,train,,
/kaggle/input/datasets/dhamur/cotton-plant-disease/Cotton leaves/40 Images/Target spot/random_crop_pil_constract_29.jpg,cotton,cotton::Target spot,Target spot,5,1,train,,
/kaggle/input/datasets/dhamur/cotton-plant-disease/Cotton leaves/40 Images/Aphids/pil_color_14.jpg,cotton,cotton::Aphids,Aphids,0,1,train,,
/kaggle/input/datasets/dhamur/cotton-plant-disease/Cotton leaves/40 Images/Powdery mildew/pil_brightness_36.jpg,cotton,cotton::Powdery mildew,Powdery mildew,4,1,train,,
/kaggle/working/exp02_robust_open_set/unknown_sources/cifar10/train/00276_d1c2c391c549.png,cifar10,cifar10::d1c2c391c549de8c,Unclassified,6,0,train,animal,horse
/kaggle/working/exp02_robust_open_set/unknown_sources/cifar10/train/00261_eebf27d861a2.png,cifar10,cifar10::eebf27d861a29fa4,Unclassified,6,0,train,object_vehicle,automobile
/kaggle/input/datasets/dhamur/cotton-plant-disease/Cotton leaves/40 Images/Aphids/vertical_flip6.jpg,cotton,cotton::Aphids,Aphids,0,1,train,,
/kaggle/input/datasets/dhamur/cotton-plant-disease/Cotton leaves/40 Images/Target spot/rotate_zoompil_brightness_25.jpg,cotton,cotton::Target spot,Target spot,5,1,train,,
/kaggle/input/datasets/dhamur/cotton-plant-disease/Cotton leaves/40 Images/Powdery mildew/vertical_flippil_color_15.jpg,cotton,cotton::Powdery mildew,Powdery mildew,4,1,train,,
/kaggle/input/datasets/dhamur/cotton-plant-disease/Cotton leaves/40 Images/Aphids/35.jpg,cotton,cotton::Aphids,Aphids,0,1,train,,
/kaggle/working/exp02_robust_open_set/unknown_sources/cifar10/train/00560_ec31e96c813a.png,cifar10,cifar10::ec31e96c813a5caf,Unclassified,6,0,train,animal,dog
/kaggle/input/datasets/dhamur/cotton-plant-disease/Cotton leaves/40 Images/Target spot/random_crop_pil_color_14.jpg,cotton,cotton::Target spot,Target spot,5,1,train,,
/kaggle/input/datasets/dhamur/cotton-plant-disease/Cotton leaves/40 Images/Bacterial blight/vertical_flippil_color_24.jpg,cotton,cotton::Bacterial blight,Bacterial blight,2,1,train,,
/kaggle/input/datasets/dhamur/cotton-plant-disease/Cotton leaves/40 Images/Healthy/rotate_zoompil_color_16.jpg,cotton,cotton::Healthy,Healthy,3,1,train,,
/kaggle/input/datasets/dhamur/cotton-plant-disease/Cotton leaves/40 Images/Healthy/33.jpg,cotton,cotton::Healthy,Healthy,3,1,train,,
/kaggle/input/datasets/dhamur/cotton-plant-disease/Cotton leaves/40 Images/Healthy/rotate_zoompil_sharpness_33.jpg,cotton,cotton::Healthy,Healthy,3,1,train,,
/kaggle/input/datasets/dhamur/cotton-plant-disease/Cotton leaves/40 Images/Aphids/vertical_flippil_sharpness_25.jpg,cotton,cotton::Aphids,Aphids,0,1,train,,
/kaggle/working/exp02_robust_open_set/unknown_sources/cifar10/train/00086_25dc82998be9.png,cifar10,cifar10::25dc82998be9753c,Unclassified,6,0,train,animal,dog
/kaggle/input/datasets/dhamur/cotton-plant-disease/Cotton leaves/40 Images/Bacterial blight/vertical_flip30.jpg,cotton,cotton::Bacterial blight,Bacterial blight,2,1,train,,
/kaggle/working/exp02_robust_open_set/unknown_sources/cifar10/train/00783_495f028d3da5.png,cifar10,cifar10::495f028d3da53cb9,Unclassified,6,0,train,animal,horse
/kaggle/input/datasets/dhamur/cotton-plant-disease/Cotton leaves/40 Images/Army worm/random_translation_pil_color_37.jpg,cotton,cotton::Army worm,Army worm,1,1,train,,
/kaggle/working/exp02_robust_open_set/unknown_sources/cifar10/train/00232_f644bb0ea4a6.png,cifar10,cifar10::f644bb0ea4a6ff55,Unclassified,6,0,train,object_vehicle,automobile
/kaggle/input/datasets/dhamur/cotton-plant-disease/Cotton leaves/40 Images/Aphids/rotate_zoompil_brightness_35.jpg,cotton,cotton::Aphids,Aphids,0,1,train,,
/kaggle/input/datasets/dhamur/cotton-plant-disease/Cotton leaves/40 Images/Healthy/20.jpg,cotton,cotton::Healthy,Healthy,3,1,train,,
/kaggle/working/exp02_robust_open_set/unknown_sources/cifar10/train/00482_3d4deb62acff.png,cifar10,cifar10::3d4deb62acff67c8,Unclassified,6,0,train,object_vehicle,truck
/kaggle/input/datasets/dhamur/cotton-plant-disease/Cotton leaves/40 Images/Aphids/random_crop_pil_brightness_24_.jpg,cotton,cotton::Aphids,Aphids,0,1,train,,
/kaggle/working/exp02_robust_open_set/unknown_sources/cifar10/train/00705_dea5ff8855ce.png,cifar10,cifar10::dea5ff8855cec259,Unclassified,6,0,train,animal,deer
/kaggle/input/datasets/dhamur/cotton-plant-disease/Cotton leaves/40 Images/Army worm/random_translation_pil_brightness_40.jpg,cotton,cotton::Army worm,Army worm,1,1,train,,
/kaggle/input/datasets/dhamur/cotton-plant-disease/Cotton leaves/40 Images/Target spot/pil_constract_16.jpg,cotton,cotton::Target spot,Target spot,5,1,train,,
/kaggle/input/datasets/dhamur/cotton-plant-disease/Cotton leaves/40 Images/Powdery mildew/vertical_flip26.jpg,cotton,cotton::Powdery mildew,Powdery mildew,4,1,train,,
/kaggle/working/exp02_robust_open_set/unknown_sources/cifar10/train/00791_801a1af72b4c.png,cifar10,cifar10::801a1af72b4c79e7,Unclassified,6,0,train,animal,frog
/kaggle/input/datasets/dhamur/cotton-plant-disease/Cotton leaves/40 Images/Powdery mildew/vertical_flippil_constract_38.jpg,cotton,cotton::Powdery mildew,Powdery mildew,4,1,train,,
/kaggle/input/datasets/dhamur/cotton-plant-disease/Cotton leaves/40 Images/Powdery mildew/vertical_flippil_color_4.jpg,cotton,cotton::Powdery mildew,Powdery mildew,4,1,train,,
/kaggle/input/datasets/dhamur/cotton-plant-disease/Cotton leaves/40 Images/Bacterial blight/random_crop_pil_constract_12.jpg,cotton,cotton::Bacterial blight,Bacterial blight,2,1,train,,
/kaggle/input/datasets/dhamur/cotton-plant-disease/Cotton leaves/40 Images/Aphids/rotate_zoompil_constract_33.jpg,cotton,cotton::Aphids,Aphids,0,1,train,,
/kaggle/input/datasets/dhamur/cotton-plant-disease/Cotton leaves/40 Images/Target spot/vertical_flip20.jpg,cotton,cotton::Target spot,Target spot,5,1,train,,
/kaggle/input/datasets/dhamur/cotton-plant-disease/Cotton leaves/40 Images/Powdery mildew/rotate_zoompil_sharpness_2.jpg,cotton,cotton::Powdery mildew,Powdery mildew,4,1,train,,
/kaggle/input/datasets/dhamur/cotton-plant-disease/Cotton leaves/40 Images/Aphids/vertical_flip32.jpg,cotton,cotton::Aphids,Aphids,0,1,train,,
/kaggle/input/datasets/dhamur/cotton-plant-disease/Cotton leaves/40 Images/Healthy/rotate_zoom19.jpg,cotton,cotton::Healthy,Healthy,3,1,train,,
/kaggle/input/datasets/dhamur/cotton-plant-disease/Cotton leaves/40 Images/Powdery mildew/random_crop_34.jpg,cotton,cotton::Powdery mildew,Powdery mildew,4,1,train,,
/kaggle/input/datasets/dhamur/cotton-plant-disease/Cotton leaves/40 Images/Army worm/random_translation_pil_color_1.jpg,cotton,cotton::Army worm,Army worm,1,1,train,,
/kaggle/input/datasets/dhamur/cotton-plant-disease/Cotton leaves/40 Images/Healthy/pil_brightness_29.jpg,cotton,cotton::Healthy,Healthy,3,1,train,,
/kaggle/input/datasets/dhamur/cotton-plant-disease/Cotton leaves/40 Images/Army worm/random_translation_pil_color_14.jpg,cotton,cotton::Army worm,Army worm,1,1,train,,
/kaggle/input/datasets/dhamur/cotton-plant-disease/Cotton leaves/40 Images/Army worm/pil_brightness_33.jpg,cotton,cotton::Army worm,Army worm,1,1,train,,
/kaggle/input/datasets/dhamur/cotton-plant-disease/Cotton leaves/40 Images/Target spot/vertical_flip36.jpg,cotton,cotton::Target spot,Target spot,5,1,train,,
/kaggle/working/exp02_robust_open_set/unknown_sources/cifar10/train/00630_17f091c1f2a8.png,cifar10,cifar10::17f091c1f2a8e98c,Unclassified,6,0,train,animal,horse
/kaggle/input/datasets/dhamur/cotton-plant-disease/Cotton leaves/40 Images/Bacterial blight/rotate_zoompil_color_34.jpg,cotton,cotton::Bacterial blight,Bacterial blight,2,1,train,,
/kaggle/input/datasets/dhamur/cotton-plant-disease/Cotton leaves/40 Images/Bacterial blight/vertical_flippil_color_25.jpg,cotton,cotton::Bacterial blight,Bacterial blight,2,1,train,,
/kaggle/input/datasets/dhamur/cotton-plant-disease/Cotton leaves/40 Images/Powdery mildew/random_crop_pil_sharpness_30.jpg,cotton,cotton::Powdery mildew,Powdery mildew,4,1,train,,
/kaggle/input/datasets/dhamur/cotton-plant-disease/Cotton leaves/40 Images/Target spot/vertical_flippil_color_10.jpg,cotton,cotton::Target spot,Target spot,5,1,train,,
/kaggle/input/datasets/dhamur/cotton-plant-disease/Cotton leaves/40 Images/Target spot/pil_constract_21.jpg,cotton,cotton::Target spot,Target spot,5,1,train,,
/kaggle/input/datasets/dhamur/cotton-plant-disease/Cotton leaves/40 Images/Aphids/random_crop_pil_color_22_.jpg,cotton,cotton::Aphids,Aphids,0,1,train,,
/kaggle/working/exp02_robust_open_set/unknown_sources/cifar10/train/00404_a187eacfe1cc.png,cifar10,cifar10::a187eacfe1cc28b8,Unclassified,6,0,train,object_vehicle,airplane
/kaggle/input/datasets/dhamur/cotton-plant-disease/Cotton leaves/40 Images/Aphids/rotate_zoom8.jpg,cotton,cotton::Aphids,Aphids,0,1,train,,
/kaggle/input/datasets/dhamur/cotton-plant-disease/Cotton leaves/40 Images/Army worm/random_translation_pil_constract_16.jpg,cotton,cotton::Army worm,Army worm,1,1,train,,
/kaggle/input/datasets/dhamur/cotton-plant-disease/Cotton leaves/40 Images/Powdery mildew/vertical_flippil_sharpness_6.jpg,cotton,cotton::Powdery mildew,Powdery mildew,4,1,train,,
/kaggle/working/exp02_robust_open_set/unknown_sources/cifar10/train/00199_2a436589e0d2.png,cifar10,cifar10::2a436589e0d2e50e,Unclassified,6,0,train,object_vehicle,airplane
/kaggle/input/datasets/dhamur/cotton-plant-disease/Cotton leaves/40 Images/Target spot/rotate_zoom39.jpg,cotton,cotton::Target spot,Target spot,5,1,train,,
/kaggle/input/datasets/dhamur/cotton-plant-disease/Cotton leaves/40 Images/Bacterial blight/pil_color_35.jpg,cotton,cotton::Bacterial blight,Bacterial blight,2,1,train,,
/kaggle/input/datasets/dhamur/cotton-plant-disease/Cotton leaves/40 Images/Healthy/rotate_zoompil_brightness_2.jpg,cotton,cotton::Healthy,Healthy,3,1,train,,
/kaggle/input/datasets/dhamur/cotton-plant-disease/Cotton leaves/40 Images/Healthy/pil_brightness_17.jpg,cotton,cotton::Healthy,Healthy,3,1,train,,
/kaggle/input/datasets/dhamur/cotton-plant-disease/Cotton leaves/40 Images/Target spot/random_crop_1.jpg,cotton,cotton::Target spot,Target spot,5,1,train,,
/kaggle/working/exp02_robust_open_set/unknown_sources/cifar10/train/00496_f8873fa3da7e.png,cifar10,cifar10::f8873fa3da7e1741,Unclassified,6,0,train,object_vehicle,ship
/kaggle/input/datasets/dhamur/cotton-plant-disease/Cotton leaves/40 Images/Aphids/pil_color_26.jpg,cotton,cotton::Aphids,Aphids,0,1,train,,
/kaggle/input/datasets/dhamur/cotton-plant-disease/Cotton leaves/40 Images/Army worm/pil_brightness_16.jpg,cotton,cotton::Army worm,Army worm,1,1,train,,
/kaggle/input/datasets/dhamur/cotton-plant-disease/Cotton leaves/40 Images/Healthy/pil_color_4.jpg,cotton,cotton::Healthy,Healthy,3,1,train,,
/kaggle/input/datasets/dhamur/cotton-plant-disease/Cotton leaves/40 Images/Bacterial blight/vertical_flippil_constract_15.jpg,cotton,cotton::Bacterial blight,Bacterial blight,2,1,train,,
/kaggle/input/datasets/dhamur/cotton-plant-disease/Cotton leaves/40 Images/Healthy/vertical_flippil_constract_16.jpg,cotton,cotton::Healthy,Healthy,3,1,train,,
/kaggle/input/datasets/dhamur/cotton-plant-disease/Cotton leaves/40 Images/Healthy/pil_brightness_6.jpg,cotton,cotton::Healthy,Healthy,3,1,train,,
/kaggle/working/exp02_robust_open_set/unknown_sources/cifar10/train/00549_7842c08c570c.png,cifar10,cifar10::7842c08c570cb584,Unclassified,6,0,train,object_vehicle,automobile
/kaggle/input/datasets/dhamur/cotton-plant-disease/Cotton leaves/40 Images/Powdery mildew/pil_sharpness_23.jpg,cotton,cotton::Powdery mildew,Powdery mildew,4,1,train,,
/kaggle/input/datasets/dhamur/cotton-plant-disease/Cotton leaves/40 Images/Aphids/vertical_flippil_sharpness_22_.jpg,cotton,cotton::Aphids,Aphids,0,1,train,,
/kaggle/input/datasets/dhamur/cotton-plant-disease/Cotton leaves/40 Images/Powdery mildew/random_crop_pil_brightness_40.jpg,cotton,cotton::Powdery mildew,Powdery mildew,4,1,train,,
/kaggle/input/datasets/dhamur/cotton-plant-disease/Cotton leaves/40 Images/Healthy/random_crop_pil_color_21.jpg,cotton,cotton::Healthy,Healthy,3,1,train,,
/kaggle/input/datasets/dhamur/cotton-plant-disease/Cotton leaves/40 Images/Bacterial blight/random_crop_pil_brightness_35.jpg,cotton,cotton::Bacterial blight,Bacterial blight,2,1,train,,
/kaggle/input/datasets/dhamur/cotton-plant-disease/Cotton leaves/40 Images/Army worm/pil_color_1.jpg,cotton,cotton::Army worm,Army worm,1,1,train,,
/kaggle/input/datasets/dhamur/cotton-plant-disease/Cotton leaves/40 Images/Army worm/random_translation_pil_brightness_37.jpg,cotton,cotton::Army worm,Army worm,1,1,train,,
/kaggle/working/exp02_robust_open_set/unknown_sources/cifar10/train/00059_0d8132a79886.png,cifar10,cifar10::0d8132a79886c276,Unclassified,6,0,train,object_vehicle,airplane
/kaggle/input/datasets/dhamur/cotton-plant-disease/Cotton leaves/40 Images/Powdery mildew/random_crop_17.jpg,cotton,cotton::Powdery mildew,Powdery mildew,4,1,train,,
/kaggle/input/datasets/dhamur/cotton-plant-disease/Cotton leaves/40 Images/Target spot/rotate_zoompil_constract_21.jpg,cotton,cotton::Target spot,Target spot,5,1,train,,
/kaggle/input/datasets/dhamur/cotton-plant-disease/Cotton leaves/40 Images/Target spot/random_crop_pil_color_19.jpg,cotton,cotton::Target spot,Target spot,5,1,train,,
/kaggle/input/datasets/dhamur/cotton-plant-disease/Cotton leaves/40 Images/Powdery mildew/rotate_zoompil_color_8.jpg,cotton,cotton::Powdery mildew,Powdery mildew,4,1,train,,
/kaggle/input/datasets/dhamur/cotton-plant-disease/Cotton leaves/40 Images/Bacterial blight/random_crop_pil_color_11.jpg,cotton,cotton::Bacterial blight,Bacterial blight,2,1,train,,
/kaggle/input/datasets/dhamur/cotton-plant-disease/Cotton leaves/40 Images/Bacterial blight/vertical_flippil_constract_29.jpg,cotton,cotton::Bacterial blight,Bacterial blight,2,1,train,,
/kaggle/working/exp02_robust_open_set/unknown_sources/cifar10/train/00051_b31a1408541e.png,cifar10,cifar10::b31a1408541eadb3,Unclassified,6,0,train,animal,cat
/kaggle/input/datasets/dhamur/cotton-plant-disease/Cotton leaves/40 Images/Aphids/rotate_zoompil_color_23.jpg,cotton,cotton::Aphids,Aphids,0,1,train,,
/kaggle/input/datasets/dhamur/cotton-plant-disease/Cotton leaves/40 Images/Bacterial blight/rotate_zoompil_sharpness_20.jpg,cotton,cotton::Bacterial blight,Bacterial blight,2,1,train,,
/kaggle/input/datasets/dhamur/cotton-plant-disease/Cotton leaves/40 Images/Target spot/vertical_flippil_brightness_38.jpg,cotton,cotton::Target spot,Target spot,5,1,train,,
/kaggle/input/datasets/dhamur/cotton-plant-disease/Cotton leaves/40 Images/Army worm/pil_constract_39.jpg,cotton,cotton::Army worm,Army worm,1,1,train,,
/kaggle/input/datasets/dhamur/cotton-plant-disease/Cotton leaves/40 Images/Target spot/vertical_flip37.jpg,cotton,cotton::Target spot,Target spot,5,1,train,,
/kaggle/input/datasets/dhamur/cotton-plant-disease/Cotton leaves/40 Images/Bacterial blight/pil_constract_7.jpg,cotton,cotton::Bacterial blight,Bacterial blight,2,1,train,,
/kaggle/input/datasets/dhamur/cotton-plant-disease/Cotton leaves/40 Images/Powdery mildew/rotate_zoom15.jpg,cotton,cotton::Powdery mildew,Powdery mildew,4,1,train,,
/kaggle/input/datasets/dhamur/cotton-plant-disease/Cotton leaves/40 Images/Aphids/rotate_zoom3.jpg,cotton,cotton::Aphids,Aphids,0,1,train,,
/kaggle/input/datasets/dhamur/cotton-plant-disease/Cotton leaves/40 Images/Healthy/rotate_zoompil_sharpness_24.jpg,cotton,cotton::Healthy,Healthy,3,1,train,,
/kaggle/working/exp02_robust_open_set/unknown_sources/cifar10/train/00712_36f79816fde3.png,cifar10,cifar10::36f79816fde3418f,Unclassified,6,0,train,animal,cat
/kaggle/input/datasets/dhamur/cotton-plant-disease/Cotton leaves/40 Images/Target spot/vertical_flippil_color_13.jpg,cotton,cotton::Target spot,Target spot,5,1,train,,
/kaggle/working/exp02_robust_open_set/unknown_sources/cifar10/train/00278_06ad7a57eae9.png,cifar10,cifar10::06ad7a57eae91913,Unclassified,6,0,train,animal,cat
/kaggle/input/datasets/dhamur/cotton-plant-disease/Cotton leaves/40 Images/Aphids/pil_brightness_11.jpg,cotton,cotton::Aphids,Aphids,0,1,train,,
/kaggle/input/datasets/dhamur/cotton-plant-disease/Cotton leaves/40 Images/Target spot/pil_sharpness_38.jpg,cotton,cotton::Target spot,Target spot,5,1,train,,
/kaggle/input/datasets/dhamur/cotton-plant-disease/Cotton leaves/40 Images/Army worm/random_translation_34.jpg,cotton,cotton::Army worm,Army worm,1,1,train,,
/kaggle/input/datasets/dhamur/cotton-plant-disease/Cotton leaves/40 Images/Bacterial blight/pil_sharpness_8.jpg,cotton,cotton::Bacterial blight,Bacterial blight,2,1,train,,
/kaggle/input/datasets/dhamur/cotton-plant-disease/Cotton leaves/40 Images/Aphids/random_crop_pil_sharpness_15.jpg,cotton,cotton::Aphids,Aphids,0,1,train,,
/kaggle/input/datasets/dhamur/cotton-plant-disease/Cotton leaves/40 Images/Healthy/vertical_flip13.jpg,cotton,cotton::Healthy,Healthy,3,1,train,,
/kaggle/working/exp02_robust_open_set/unknown_sources/cifar10/train/00757_18f656e514ae.png,cifar10,cifar10::18f656e514ae624b,Unclassified,6,0,train,animal,cat
/kaggle/working/exp02_robust_open_set/unknown_sources/cifar10/train/00103_13508dc0b2ae.png,cifar10,cifar10::13508dc0b2ae97a1,Unclassified,6,0,train,object_vehicle,airplane
/kaggle/working/exp02_robust_open_set/unknown_sources/cifar10/train/00447_bbdf93d81157.png,cifar10,cifar10::bbdf93d811576617,Unclassified,6,0,train,animal,bird
/kaggle/input/datasets/dhamur/cotton-plant-disease/Cotton leaves/40 Images/Healthy/random_crop_pil_color_14.jpg,cotton,cotton::Healthy,Healthy,3,1,train,,
/kaggle/input/datasets/dhamur/cotton-plant-disease/Cotton leaves/40 Images/Healthy/pil_constract_19.jpg,cotton,cotton::Healthy,Healthy,3,1,train,,
/kaggle/input/datasets/dhamur/cotton-plant-disease/Cotton leaves/40 Images/Bacterial blight/rotate_zoompil_brightness_39.jpg,cotton,cotton::Bacterial blight,Bacterial blight,2,1,train,,
/kaggle/working/exp02_robust_open_set/unknown_sources/cifar10/train/00262_ea3927c0f1b3.png,cifar10,cifar10::ea3927c0f1b3ca1c,Unclassified,6,0,train,object_vehicle,airplane
/kaggle/input/datasets/dhamur/cotton-plant-disease/Cotton leaves/40 Images/Powdery mildew/rotate_zoompil_constract_27.jpg,cotton,cotton::Powdery mildew,Powdery mildew,4,1,train,,
/kaggle/input/datasets/dhamur/cotton-plant-disease/Cotton leaves/40 Images/Aphids/vertical_flippil_constract_14.jpg,cotton,cotton::Aphids,Aphids,0,1,train,,
/kaggle/input/datasets/dhamur/cotton-plant-disease/Cotton leaves/40 Images/Army worm/rotate_zoompil_sharpness_17.jpg,cotton,cotton::Army worm,Army worm,1,1,train,,
/kaggle/input/datasets/dhamur/cotton-plant-disease/Cotton leaves/40 Images/Healthy/pil_sharpness_28.jpg,cotton,cotton::Healthy,Healthy,3,1,train,,
/kaggle/input/datasets/dhamur/cotton-plant-disease/Cotton leaves/40 Images/Healthy/vertical_flip11.jpg,cotton,cotton::Healthy,Healthy,3,1,train,,
/kaggle/input/datasets/dhamur/cotton-plant-disease/Cotton leaves/40 Images/Bacterial blight/pil_sharpness_9.jpg,cotton,cotton::Bacterial blight,Bacterial blight,2,1,train,,
/kaggle/input/datasets/dhamur/cotton-plant-disease/Cotton leaves/40 Images/Bacterial blight/rotate_zoompil_color_32.jpg,cotton,cotton::Bacterial blight,Bacterial blight,2,1,train,,
/kaggle/input/datasets/dhamur/cotton-plant-disease/Cotton leaves/40 Images/Healthy/random_crop_pil_sharpness_26.jpg,cotton,cotton::Healthy,Healthy,3,1,train,,
/kaggle/input/datasets/dhamur/cotton-plant-disease/Cotton leaves/40 Images/Bacterial blight/random_crop_pil_constract_33.jpg,cotton,cotton::Bacterial blight,Bacterial blight,2,1,train,,
/kaggle/input/datasets/dhamur/cotton-plant-disease/Cotton leaves/40 Images/Healthy/vertical_flippil_constract_8.jpg,cotton,cotton::Healthy,Healthy,3,1,train,,
/kaggle/input/datasets/dhamur/cotton-plant-disease/Cotton leaves/40 Images/Army worm/vertical_flip29.jpg,cotton,cotton::Army worm,Army worm,1,1,train,,
/kaggle/input/datasets/dhamur/cotton-plant-disease/Cotton leaves/40 Images/Powdery mildew/random_crop_pil_sharpness_17.jpg,cotton,cotton::Powdery mildew,Powdery mildew,4,1,train,,
/kaggle/input/datasets/dhamur/cotton-plant-disease/Cotton leaves/40 Images/Aphids/rotate_zoompil_constract_17.jpg,cotton,cotton::Aphids,Aphids,0,1,train,,
/kaggle/input/datasets/dhamur/cotton-plant-disease/Cotton leaves/40 Images/Target spot/vertical_flippil_constract_32.jpg,cotton,cotton::Target spot,Target spot,5,1,train,,
/kaggle/input/datasets/dhamur/cotton-plant-disease/Cotton leaves/40 Images/Bacterial blight/rotate_zoom13.jpg,cotton,cotton::Bacterial blight,Bacterial blight,2,1,train,,
/kaggle/input/datasets/dhamur/cotton-plant-disease/Cotton leaves/40 Images/Target spot/random_crop_10.jpg,cotton,cotton::Target spot,Target spot,5,1,train,,
/kaggle/input/datasets/dhamur/cotton-plant-disease/Cotton leaves/40 Images/Target spot/random_crop_pil_constract_12.jpg,cotton,cotton::Target spot,Target spot,5,1,train,,
/kaggle/input/datasets/dhamur/cotton-plant-disease/Cotton leaves/40 Images/Healthy/vertical_flippil_color_17.jpg,cotton,cotton::Healthy,Healthy,3,1,train,,
/kaggle/input/datasets/dhamur/cotton-plant-disease/Cotton leaves/40 Images/Healthy/vertical_flippil_color_32.jpg,cotton,cotton::Healthy,Healthy,3,1,train,,
/kaggle/input/datasets/dhamur/cotton-plant-disease/Cotton leaves/40 Images/Target spot/random_crop_pil_sharpness_9.jpg,cotton,cotton::Target spot,Target spot,5,1,train,,
/kaggle/working/exp02_robust_open_set/unknown_sources/cifar10/train/00617_0797692aa177.png,cifar10,cifar10::0797692aa17715b5,Unclassified,6,0,train,animal,frog
/kaggle/working/exp02_robust_open_set/unknown_sources/cifar10/train/00026_e974621fe27e.png,cifar10,cifar10::e974621fe27e8569,Unclassified,6,0,train,object_vehicle,automobile
/kaggle/input/datasets/dhamur/cotton-plant-disease/Cotton leaves/40 Images/Aphids/pil_brightness_40.jpg,cotton,cotton::Aphids,Aphids,0,1,train,,
/kaggle/input/datasets/dhamur/cotton-plant-disease/Cotton leaves/40 Images/Healthy/random_crop_pil_sharpness_4.jpg,cotton,cotton::Healthy,Healthy,3,1,train,,
/kaggle/input/datasets/dhamur/cotton-plant-disease/Cotton leaves/40 Images/Army worm/pil_sharpness_3.jpg,cotton,cotton::Army worm,Army worm,1,1,train,,
/kaggle/input/datasets/dhamur/cotton-plant-disease/Cotton leaves/40 Images/Army worm/rotate_zoompil_sharpness_32.jpg,cotton,cotton::Army worm,Army worm,1,1,train,,
/kaggle/input/datasets/dhamur/cotton-plant-disease/Cotton leaves/40 Images/Bacterial blight/vertical_flippil_brightness_11.jpg,cotton,cotton::Bacterial blight,Bacterial blight,2,1,train,,
/kaggle/working/exp02_robust_open_set/unknown_sources/cifar10/train/00264_d68ace910bad.png,cifar10,cifar10::d68ace910bad7284,Unclassified,6,0,train,animal,bird
/kaggle/input/datasets/dhamur/cotton-plant-disease/Cotton leaves/40 Images/Army worm/pil_color_19.jpg,cotton,cotton::Army worm,Army worm,1,1,train,,
/kaggle/input/datasets/dhamur/cotton-plant-disease/Cotton leaves/40 Images/Target spot/rotate_zoompil_brightness_20.jpg,cotton,cotton::Target spot,Target spot,5,1,train,,
/kaggle/working/exp02_robust_open_set/unknown_sources/cifar10/train/00444_c8dbe85869e8.png,cifar10,cifar10::c8dbe85869e8ae15,Unclassified,6,0,train,animal,cat
/kaggle/working/exp02_robust_open_set/unknown_sources/cifar10/train/00408_04a1e5048dd2.png,cifar10,cifar10::04a1e5048dd279dd,Unclassified,6,0,train,object_vehicle,automobile
/kaggle/input/datasets/dhamur/cotton-plant-disease/Cotton leaves/40 Images/Target spot/vertical_flippil_brightness_24.jpg,cotton,cotton::Target spot,Target spot,5,1,train,,
/kaggle/input/datasets/dhamur/cotton-plant-disease/Cotton leaves/40 Images/Healthy/rotate_zoompil_brightness_19.jpg,cotton,cotton::Healthy,Healthy,3,1,train,,
/kaggle/working/exp02_robust_open_set/unknown_sources/cifar10/train/00586_2b19df48c2f5.png,cifar10,cifar10::2b19df48c2f5ca0b,Unclassified,6,0,train,animal,horse
/kaggle/working/exp02_robust_open_set/unknown_sources/cifar10/train/00041_94c2d1417c4f.png,cifar10,cifar10::94c2d1417c4f544d,Unclassified,6,0,train,object_vehicle,airplane
/kaggle/input/datasets/dhamur/cotton-plant-disease/Cotton leaves/40 Images/Army worm/random_translation_pil_sharpness_14.jpg,cotton,cotton::Army worm,Army worm,1,1,train,,
/kaggle/input/datasets/dhamur/cotton-plant-disease/Cotton leaves/40 Images/Aphids/rotate_zoompil_sharpness_26.jpg,cotton,cotton::Aphids,Aphids,0,1,train,,
/kaggle/input/datasets/dhamur/cotton-plant-disease/Cotton leaves/40 Images/Aphids/vertical_flippil_brightness_40.jpg,cotton,cotton::Aphids,Aphids,0,1,train,,
/kaggle/input/datasets/dhamur/cotton-plant-disease/Cotton leaves/40 Images/Army worm/random_translation_pil_color_15.jpg,cotton,cotton::Army worm,Army worm,1,1,train,,
/kaggle/input/datasets/dhamur/cotton-plant-disease/Cotton leaves/40 Images/Aphids/random_crop_pil_constract_26.jpg,cotton,cotton::Aphids,Aphids,0,1,train,,
/kaggle/input/datasets/dhamur/cotton-plant-disease/Cotton leaves/40 Images/Target spot/vertical_flippil_sharpness_19.jpg,cotton,cotton::Target spot,Target spot,5,1,train,,
/kaggle/input/datasets/dhamur/cotton-plant-disease/Cotton leaves/40 Images/Aphids/vertical_flippil_color_14.jpg,cotton,cotton::Aphids,Aphids,0,1,train,,
/kaggle/input/datasets/dhamur/cotton-plant-disease/Cotton leaves/40 Images/Healthy/rotate_zoompil_sharpness_15.jpg,cotton,cotton::Healthy,Healthy,3,1,train,,
/kaggle/working/exp02_robust_open_set/unknown_sources/cifar10/train/00728_87f3e71c139e.png,cifar10,cifar10::87f3e71c139ea2a8,Unclassified,6,0,train,object_vehicle,ship
/kaggle/input/datasets/dhamur/cotton-plant-disease/Cotton leaves/40 Images/Bacterial blight/random_crop_pil_constract_25.jpg,cotton,cotton::Bacterial blight,Bacterial blight,2,1,train,,
/kaggle/input/datasets/dhamur/cotton-plant-disease/Cotton leaves/40 Images/Army worm/vertical_flippil_sharpness_11.jpg,cotton,cotton::Army worm,Army worm,1,1,train,,
/kaggle/input/datasets/dhamur/cotton-plant-disease/Cotton leaves/40 Images/Aphids/rotate_zoompil_constract_14.jpg,cotton,cotton::Aphids,Aphids,0,1,train,,
/kaggle/working/exp02_robust_open_set/unknown_sources/cifar10/train/00494_8fb7d4da5a9f.png,cifar10,cifar10::8fb7d4da5a9fc3e7,Unclassified,6,0,train,object_vehicle,ship
/kaggle/working/exp02_robust_open_set/unknown_sources/cifar10/train/00171_c1cdd17f82bc.png,cifar10,cifar10::c1cdd17f82bc6f4a,Unclassified,6,0,train,animal,dog
/kaggle/input/datasets/dhamur/cotton-plant-disease/Cotton leaves/40 Images/Target spot/rotate_zoompil_brightness_16.jpg,cotton,cotton::Target spot,Target spot,5,1,train,,
/kaggle/input/datasets/dhamur/cotton-plant-disease/Cotton leaves/40 Images/Target spot/rotate_zoom18.jpg,cotton,cotton::Target spot,Target spot,5,1,train,,
/kaggle/input/datasets/dhamur/cotton-plant-disease/Cotton leaves/40 Images/Aphids/pil_color_39.jpg,cotton,cotton::Aphids,Aphids,0,1,train,,
/kaggle/input/datasets/dhamur/cotton-plant-disease/Cotton leaves/40 Images/Bacterial blight/random_crop_pil_color_28.jpg,cotton,cotton::Bacterial blight,Bacterial blight,2,1,train,,
/kaggle/input/datasets/dhamur/cotton-plant-disease/Cotton leaves/40 Images/Army worm/rotate_zoompil_brightness_19.jpg,cotton,cotton::Army worm,Army worm,1,1,train,,
/kaggle/input/datasets/dhamur/cotton-plant-disease/Cotton leaves/40 Images/Healthy/rotate_zoompil_constract_16.jpg,cotton,cotton::Healthy,Healthy,3,1,train,,
/kaggle/input/datasets/dhamur/cotton-plant-disease/Cotton leaves/40 Images/Healthy/pil_color_35.jpg,cotton,cotton::Healthy,Healthy,3,1,train,,
/kaggle/input/datasets/dhamur/cotton-plant-disease/Cotton leaves/40 Images/Powdery mildew/1.jpg,cotton,cotton::Powdery mildew,Powdery mildew,4,1,train,,
/kaggle/input/datasets/dhamur/cotton-plant-disease/Cotton leaves/40 Images/Aphids/pil_constract_4.jpg,cotton,cotton::Aphids,Aphids,0,1,train,,
/kaggle/input/datasets/dhamur/cotton-plant-disease/Cotton leaves/40 Images/Healthy/random_crop_pil_constract_18.jpg,cotton,cotton::Healthy,Healthy,3,1,train,,
/kaggle/input/datasets/dhamur/cotton-plant-disease/Cotton leaves/40 Images/Aphids/rotate_zoompil_sharpness_12.jpg,cotton,cotton::Aphids,Aphids,0,1,train,,
/kaggle/working/exp02_robust_open_set/unknown_sources/cifar10/train/00508_b352e62a725a.png,cifar10,cifar10::b352e62a725acbb0,Unclassified,6,0,train,object_vehicle,truck
/kaggle/input/datasets/dhamur/cotton-plant-disease/Cotton leaves/40 Images/Powdery mildew/vertical_flippil_color_36.jpg,cotton,cotton::Powdery mildew,Powdery mildew,4,1,train,,
/kaggle/input/datasets/dhamur/cotton-plant-disease/Cotton leaves/40 Images/Powdery mildew/23.jpg,cotton,cotton::Powdery mildew,Powdery mildew,4,1,train,,
/kaggle/input/datasets/dhamur/cotton-plant-disease/Cotton leaves/40 Images/Powdery mildew/vertical_flippil_brightness_27.jpg,cotton,cotton::Powdery mildew,Powdery mildew,4,1,train,,
/kaggle/working/exp02_robust_open_set/unknown_sources/cifar10/train/00020_e52a27c8e719.png,cifar10,cifar10::e52a27c8e719b85e,Unclassified,6,0,train,animal,frog
/kaggle/input/datasets/dhamur/cotton-plant-disease/Cotton leaves/40 Images/Powdery mildew/vertical_flip4.jpg,cotton,cotton::Powdery mildew,Powdery mildew,4,1,train,,
/kaggle/input/datasets/dhamur/cotton-plant-disease/Cotton leaves/40 Images/Target spot/rotate_zoompil_sharpness_20.jpg,cotton,cotton::Target spot,Target spot,5,1,train,,
/kaggle/input/datasets/dhamur/cotton-plant-disease/Cotton leaves/40 Images/Bacterial blight/rotate_zoompil_brightness_28.jpg,cotton,cotton::Bacterial blight,Bacterial blight,2,1,train,,
/kaggle/input/datasets/dhamur/cotton-plant-disease/Cotton leaves/40 Images/Healthy/vertical_flippil_color_21.jpg,cotton,cotton::Healthy,Healthy,3,1,train,,
/kaggle/input/datasets/dhamur/cotton-plant-disease/Cotton leaves/40 Images/Healthy/random_crop_pil_sharpness_1.jpg,cotton,cotton::Healthy,Healthy,3,1,train,,
/kaggle/input/datasets/dhamur/cotton-plant-disease/Cotton leaves/40 Images/Bacterial blight/rotate_zoompil_brightness_26.jpg,cotton,cotton::Bacterial blight,Bacterial blight,2,1,train,,
/kaggle/input/datasets/dhamur/cotton-plant-disease/Cotton leaves/40 Images/Aphids/rotate_zoompil_constract_38.jpg,cotton,cotton::Aphids,Aphids,0,1,train,,
/kaggle/input/datasets/dhamur/cotton-plant-disease/Cotton leaves/40 Images/Aphids/vertical_flippil_brightness_1.jpg,cotton,cotton::Aphids,Aphids,0,1,train,,
/kaggle/working/exp02_robust_open_set/unknown_sources/cifar10/train/00190_c9258e699a14.png,cifar10,cifar10::c9258e699a148859,Unclassified,6,0,train,animal,cat
/kaggle/input/datasets/dhamur/cotton-plant-disease/Cotton leaves/40 Images/Aphids/pil_brightness_1.jpg,cotton,cotton::Aphids,Aphids,0,1,train,,
/kaggle/input/datasets/dhamur/cotton-plant-disease/Cotton leaves/40 Images/Healthy/rotate_zoompil_constract_39.jpg,cotton,cotton::Healthy,Healthy,3,1,train,,
/kaggle/input/datasets/dhamur/cotton-plant-disease/Cotton leaves/40 Images/Healthy/pil_sharpness_18.jpg,cotton,cotton::Healthy,Healthy,3,1,train,,
/kaggle/input/datasets/dhamur/cotton-plant-disease/Cotton leaves/40 Images/Powdery mildew/rotate_zoom11.jpg,cotton,cotton::Powdery mildew,Powdery mildew,4,1,train,,
/kaggle/working/exp02_robust_open_set/unknown_sources/cifar10/train/00055_550b1b0974a9.png,cifar10,cifar10::550b1b0974a903b2,Unclassified,6,0,train,object_vehicle,ship
/kaggle/input/datasets/dhamur/cotton-plant-disease/Cotton leaves/40 Images/Target spot/random_crop_21.jpg,cotton,cotton::Target spot,Target spot,5,1,train,,
/kaggle/input/datasets/dhamur/cotton-plant-disease/Cotton leaves/40 Images/Powdery mildew/random_crop_pil_color_4.jpg,cotton,cotton::Powdery mildew,Powdery mildew,4,1,train,,
/kaggle/input/datasets/dhamur/cotton-plant-disease/Cotton leaves/40 Images/Aphids/random_crop_38.jpg,cotton,cotton::Aphids,Aphids,0,1,train,,
/kaggle/input/datasets/dhamur/cotton-plant-disease/Cotton leaves/40 Images/Powdery mildew/random_crop_pil_sharpness_38.jpg,cotton,cotton::Powdery mildew,Powdery mildew,4,1,train,,
/kaggle/input/datasets/dhamur/cotton-plant-disease/Cotton leaves/40 Images/Army worm/vertical_flippil_sharpness_5.jpg,cotton,cotton::Army worm,Army worm,1,1,train,,
/kaggle/working/exp02_robust_open_set/unknown_sources/cifar10/train/00752_9dc5a06f4880.png,cifar10,cifar10::9dc5a06f4880447a,Unclassified,6,0,train,object_vehicle,airplane
/kaggle/input/datasets/dhamur/cotton-plant-disease/Cotton leaves/40 Images/Healthy/pil_constract_26.jpg,cotton,cotton::Healthy,Healthy,3,1,train,,
/kaggle/input/datasets/dhamur/cotton-plant-disease/Cotton leaves/40 Images/Healthy/random_crop_pil_color_26.jpg,cotton,cotton::Healthy,Healthy,3,1,train,,
/kaggle/input/datasets/dhamur/cotton-plant-disease/Cotton leaves/40 Images/Army worm/pil_color_3.jpg,cotton,cotton::Army worm,Army worm,1,1,train,,
/kaggle/working/exp02_robust_open_set/unknown_sources/cifar10/train/00052_cbbb45fcc59c.png,cifar10,cifar10::cbbb45fcc59c76ef,Unclassified,6,0,train,animal,cat
/kaggle/input/datasets/dhamur/cotton-plant-disease/Cotton leaves/40 Images/Aphids/random_crop_pil_sharpness_24_.jpg,cotton,cotton::Aphids,Aphids,0,1,train,,
/kaggle/working/exp02_robust_open_set/unknown_sources/cifar10/train/00123_3642136ca7c6.png,cifar10,cifar10::3642136ca7c6546b,Unclassified,6,0,train,object_vehicle,automobile
/kaggle/input/datasets/dhamur/cotton-plant-disease/Cotton leaves/40 Images/Army worm/pil_sharpness_35.jpg,cotton,cotton::Army worm,Army worm,1,1,train,,
/kaggle/input/datasets/dhamur/cotton-plant-disease/Cotton leaves/40 Images/Target spot/rotate_zoompil_sharpness_3.jpg,cotton,cotton::Target spot,Target spot,5,1,train,,
/kaggle/working/exp02_robust_open_set/unknown_sources/cifar10/train/00361_c8a33e58d0d3.png,cifar10,cifar10::c8a33e58d0d310b2,Unclassified,6,0,train,animal,deer
/kaggle/input/datasets/dhamur/cotton-plant-disease/Cotton leaves/40 Images/Powdery mildew/vertical_flippil_constract_15.jpg,cotton,cotton::Powdery mildew,Powdery mildew,4,1,train,,
/kaggle/input/datasets/dhamur/cotton-plant-disease/Cotton leaves/40 Images/Target spot/pil_constract_13.jpg,cotton,cotton::Target spot,Target spot,5,1,train,,
/kaggle/input/datasets/dhamur/cotton-plant-disease/Cotton leaves/40 Images/Healthy/rotate_zoompil_sharpness_22.jpg,cotton,cotton::Healthy,Healthy,3,1,train,,
/kaggle/input/datasets/dhamur/cotton-plant-disease/Cotton leaves/40 Images/Army worm/random_translation_pil_constract_36.jpg,cotton,cotton::Army worm,Army worm,1,1,train,,
/kaggle/working/exp02_robust_open_set/unknown_sources/cifar10/train/00167_9c4b6f2eefc6.png,cifar10,cifar10::9c4b6f2eefc67036,Unclassified,6,0,train,animal,bird
/kaggle/input/datasets/dhamur/cotton-plant-disease/Cotton leaves/40 Images/Healthy/vertical_flippil_brightness_40.jpg,cotton,cotton::Healthy,Healthy,3,1,train,,
/kaggle/input/datasets/dhamur/cotton-plant-disease/Cotton leaves/40 Images/Healthy/vertical_flippil_sharpness_37.jpg,cotton,cotton::Healthy,Healthy,3,1,train,,
/kaggle/input/datasets/dhamur/cotton-plant-disease/Cotton leaves/40 Images/Powdery mildew/vertical_flippil_color_19.jpg,cotton,cotton::Powdery mildew,Powdery mildew,4,1,train,,
/kaggle/input/datasets/dhamur/cotton-plant-disease/Cotton leaves/40 Images/Bacterial blight/pil_brightness_22.jpg,cotton,cotton::Bacterial blight,Bacterial blight,2,1,train,,
/kaggle/working/exp02_robust_open_set/unknown_sources/cifar10/train/00571_0ee9ed4d482d.png,cifar10,cifar10::0ee9ed4d482d356b,Unclassified,6,0,train,animal,dog
/kaggle/input/datasets/dhamur/cotton-plant-disease/Cotton leaves/40 Images/Target spot/pil_color_13.jpg,cotton,cotton::Target spot,Target spot,5,1,train,,
/kaggle/input/datasets/dhamur/cotton-plant-disease/Cotton leaves/40 Images/Army worm/random_translation_pil_constract_26.jpg,cotton,cotton::Army worm,Army worm,1,1,train,,
/kaggle/input/datasets/dhamur/cotton-plant-disease/Cotton leaves/40 Images/Bacterial blight/pil_sharpness_29.jpg,cotton,cotton::Bacterial blight,Bacterial blight,2,1,train,,
/kaggle/input/datasets/dhamur/cotton-plant-disease/Cotton leaves/40 Images/Aphids/random_crop_pil_color_21.jpg,cotton,cotton::Aphids,Aphids,0,1,train,,
/kaggle/input/datasets/dhamur/cotton-plant-disease/Cotton leaves/40 Images/Powdery mildew/random_crop_pil_brightness_24.jpg,cotton,cotton::Powdery mildew,Powdery mildew,4,1,train,,
/kaggle/input/datasets/dhamur/cotton-plant-disease/Cotton leaves/40 Images/Bacterial blight/random_crop_pil_brightness_11.jpg,cotton,cotton::Bacterial blight,Bacterial blight,2,1,train,,
/kaggle/input/datasets/dhamur/cotton-plant-disease/Cotton leaves/40 Images/Army worm/vertical_flippil_color_40.jpg,cotton,cotton::Army worm,Army worm,1,1,train,,
/kaggle/input/datasets/dhamur/cotton-plant-disease/Cotton leaves/40 Images/Powdery mildew/random_crop_29.jpg,cotton,cotton::Powdery mildew,Powdery mildew,4,1,train,,
/kaggle/input/datasets/dhamur/cotton-plant-disease/Cotton leaves/40 Images/Powdery mildew/rotate_zoompil_brightness_18.jpg,cotton,cotton::Powdery mildew,Powdery mildew,4,1,train,,
/kaggle/input/datasets/dhamur/cotton-plant-disease/Cotton leaves/40 Images/Army worm/rotate_zoompil_sharpness_12.jpg,cotton,cotton::Army worm,Army worm,1,1,train,,
/kaggle/input/datasets/dhamur/cotton-plant-disease/Cotton leaves/40 Images/Army worm/vertical_flippil_sharpness_1.jpg,cotton,cotton::Army worm,Army worm,1,1,train,,
/kaggle/input/datasets/dhamur/cotton-plant-disease/Cotton leaves/40 Images/Bacterial blight/vertical_flippil_constract_7.jpg,cotton,cotton::Bacterial blight,Bacterial blight,2,1,train,,
/kaggle/input/datasets/dhamur/cotton-plant-disease/Cotton leaves/40 Images/Bacterial blight/vertical_flippil_sharpness_6.jpg,cotton,cotton::Bacterial blight,Bacterial blight,2,1,train,,
/kaggle/input/datasets/dhamur/cotton-plant-disease/Cotton leaves/40 Images/Army worm/pil_brightness_29.jpg,cotton,cotton::Army worm,Army worm,1,1,train,,
/kaggle/working/exp02_robust_open_set/unknown_sources/cifar10/train/00638_e83f27648db9.png,cifar10,cifar10::e83f27648db9ece0,Unclassified,6,0,train,object_vehicle,airplane
/kaggle/input/datasets/dhamur/cotton-plant-disease/Cotton leaves/40 Images/Powdery mildew/9.jpg,cotton,cotton::Powdery mildew,Powdery mildew,4,1,train,,
/kaggle/input/datasets/dhamur/cotton-plant-disease/Cotton leaves/40 Images/Powdery mildew/random_crop_pil_brightness_7.jpg,cotton,cotton::Powdery mildew,Powdery mildew,4,1,train,,
/kaggle/working/exp02_robust_open_set/unknown_sources/cifar10/train/00223_86c53195e001.png,cifar10,cifar10::86c53195e00136df,Unclassified,6,0,train,animal,frog
/kaggle/input/datasets/dhamur/cotton-plant-disease/Cotton leaves/40 Images/Powdery mildew/vertical_flippil_brightness_24.jpg,cotton,cotton::Powdery mildew,Powdery mildew,4,1,train,,
/kaggle/working/exp02_robust_open_set/unknown_sources/cifar10/train/00188_f0204bf01a4e.png,cifar10,cifar10::f0204bf01a4e8766,Unclassified,6,0,train,animal,cat
/kaggle/input/datasets/dhamur/cotton-plant-disease/Cotton leaves/40 Images/Powdery mildew/pil_brightness_38.jpg,cotton,cotton::Powdery mildew,Powdery mildew,4,1,train,,
/kaggle/input/datasets/dhamur/cotton-plant-disease/Cotton leaves/40 Images/Aphids/pil_color_34.jpg,cotton,cotton::Aphids,Aphids,0,1,train,,
/kaggle/input/datasets/dhamur/cotton-plant-disease/Cotton leaves/40 Images/Healthy/vertical_flippil_brightness_16.jpg,cotton,cotton::Healthy,Healthy,3,1,train,,
/kaggle/input/datasets/dhamur/cotton-plant-disease/Cotton leaves/40 Images/Aphids/pil_constract_26.jpg,cotton,cotton::Aphids,Aphids,0,1,train,,
/kaggle/input/datasets/dhamur/cotton-plant-disease/Cotton leaves/40 Images/Army worm/vertical_flippil_constract_20.jpg,cotton,cotton::Army worm,Army worm,1,1,train,,
/kaggle/input/datasets/dhamur/cotton-plant-disease/Cotton leaves/40 Images/Target spot/random_crop_pil_constract_35.jpg,cotton,cotton::Target spot,Target spot,5,1,train,,
/kaggle/input/datasets/dhamur/cotton-plant-disease/Cotton leaves/40 Images/Powdery mildew/rotate_zoompil_brightness_4.jpg,cotton,cotton::Powdery mildew,Powdery mildew,4,1,train,,
/kaggle/input/datasets/dhamur/cotton-plant-disease/Cotton leaves/40 Images/Aphids/random_crop_pil_brightness_12.jpg,cotton,cotton::Aphids,Aphids,0,1,train,,
/kaggle/input/datasets/dhamur/cotton-plant-disease/Cotton leaves/40 Images/Target spot/vertical_flippil_sharpness_9.jpg,cotton,cotton::Target spot,Target spot,5,1,train,,
/kaggle/input/datasets/dhamur/cotton-plant-disease/Cotton leaves/40 Images/Healthy/rotate_zoompil_color_29.jpg,cotton,cotton::Healthy,Healthy,3,1,train,,
/kaggle/input/datasets/dhamur/cotton-plant-disease/Cotton leaves/40 Images/Powdery mildew/rotate_zoompil_color_15.jpg,cotton,cotton::Powdery mildew,Powdery mildew,4,1,train,,
/kaggle/input/datasets/dhamur/cotton-plant-disease/Cotton leaves/40 Images/Aphids/3.jpg,cotton,cotton::Aphids,Aphids,0,1,train,,
/kaggle/working/exp02_robust_open_set/unknown_sources/cifar10/train/00605_165fa53c3c0d.png,cifar10,cifar10::165fa53c3c0dbfb1,Unclassified,6,0,train,animal,deer
/kaggle/input/datasets/dhamur/cotton-plant-disease/Cotton leaves/40 Images/Target spot/pil_color_39.jpg,cotton,cotton::Target spot,Target spot,5,1,train,,
/kaggle/input/datasets/dhamur/cotton-plant-disease/Cotton leaves/40 Images/Target spot/pil_brightness_35.jpg,cotton,cotton::Target spot,Target spot,5,1,train,,
/kaggle/input/datasets/dhamur/cotton-plant-disease/Cotton leaves/40 Images/Target spot/random_crop_pil_constract_18.jpg,cotton,cotton::Target spot,Target spot,5,1,train,,
/kaggle/input/datasets/dhamur/cotton-plant-disease/Cotton leaves/40 Images/Bacterial blight/vertical_flip13.jpg,cotton,cotton::Bacterial blight,Bacterial blight,2,1,train,,
/kaggle/working/exp02_robust_open_set/unknown_sources/cifar10/train/00326_a2a9b2dd0001.png,cifar10,cifar10::a2a9b2dd0001f483,Unclassified,6,0,train,object_vehicle,truck
/kaggle/input/datasets/dhamur/cotton-plant-disease/Cotton leaves/40 Images/Powdery mildew/random_crop_23.jpg,cotton,cotton::Powdery mildew,Powdery mildew,4,1,train,,
/kaggle/working/exp02_robust_open_set/unknown_sources/cifar10/train/00414_92bcf3687827.png,cifar10,cifar10::92bcf36878277830,Unclassified,6,0,train,object_vehicle,ship
/kaggle/input/datasets/dhamur/cotton-plant-disease/Cotton leaves/40 Images/Bacterial blight/random_crop_pil_constract_32.jpg,cotton,cotton::Bacterial blight,Bacterial blight,2,1,train,,
/kaggle/input/datasets/dhamur/cotton-plant-disease/Cotton leaves/40 Images/Healthy/random_crop_pil_color_11.jpg,cotton,cotton::Healthy,Healthy,3,1,train,,
/kaggle/input/datasets/dhamur/cotton-plant-disease/Cotton leaves/40 Images/Bacterial blight/rotate_zoompil_sharpness_6.jpg,cotton,cotton::Bacterial blight,Bacterial blight,2,1,train,,
/kaggle/input/datasets/dhamur/cotton-plant-disease/Cotton leaves/40 Images/Powdery mildew/vertical_flippil_sharpness_13.jpg,cotton,cotton::Powdery mildew,Powdery mildew,4,1,train,,
/kaggle/input/datasets/dhamur/cotton-plant-disease/Cotton leaves/40 Images/Bacterial blight/vertical_flippil_constract_27.jpg,cotton,cotton::Bacterial blight,Bacterial blight,2,1,train,,
/kaggle/input/datasets/dhamur/cotton-plant-disease/Cotton leaves/40 Images/Bacterial blight/vertical_flip12.jpg,cotton,cotton::Bacterial blight,Bacterial blight,2,1,train,,
/kaggle/input/datasets/dhamur/cotton-plant-disease/Cotton leaves/40 Images/Target spot/random_crop_pil_constract_9.jpg,cotton,cotton::Target spot,Target spot,5,1,train,,
/kaggle/input/datasets/dhamur/cotton-plant-disease/Cotton leaves/40 Images/Bacterial blight/6.jpg,cotton,cotton::Bacterial blight,Bacterial blight,2,1,train,,
/kaggle/input/datasets/dhamur/cotton-plant-disease/Cotton leaves/40 Images/Healthy/vertical_flip23.jpg,cotton,cotton::Healthy,Healthy,3,1,train,,
/kaggle/input/datasets/dhamur/cotton-plant-disease/Cotton leaves/40 Images/Powdery mildew/rotate_zoompil_constract_38.jpg,cotton,cotton::Powdery mildew,Powdery mildew,4,1,train,,
/kaggle/working/exp02_robust_open_set/unknown_sources/cifar10/train/00210_317780711569.png,cifar10,cifar10::3177807115697a7b,Unclassified,6,0,train,object_vehicle,ship
/kaggle/input/datasets/dhamur/cotton-plant-disease/Cotton leaves/40 Images/Army worm/8.jpg,cotton,cotton::Army worm,Army worm,1,1,train,,
/kaggle/input/datasets/dhamur/cotton-plant-disease/Cotton leaves/40 Images/Target spot/pil_constract_17.jpg,cotton,cotton::Target spot,Target spot,5,1,train,,
/kaggle/input/datasets/dhamur/cotton-plant-disease/Cotton leaves/40 Images/Powdery mildew/rotate_zoompil_sharpness_35.jpg,cotton,cotton::Powdery mildew,Powdery mildew,4,1,train,,
/kaggle/input/datasets/dhamur/cotton-plant-disease/Cotton leaves/40 Images/Army worm/vertical_flippil_constract_34.jpg,cotton,cotton::Army worm,Army worm,1,1,train,,
/kaggle/input/datasets/dhamur/cotton-plant-disease/Cotton leaves/40 Images/Bacterial blight/vertical_flippil_brightness_15.jpg,cotton,cotton::Bacterial blight,Bacterial blight,2,1,train,,
/kaggle/input/datasets/dhamur/cotton-plant-disease/Cotton leaves/40 Images/Healthy/random_crop_pil_constract_3.jpg,cotton,cotton::Healthy,Healthy,3,1,train,,
/kaggle/input/datasets/dhamur/cotton-plant-disease/Cotton leaves/40 Images/Powdery mildew/pil_color_33.jpg,cotton,cotton::Powdery mildew,Powdery mildew,4,1,train,,
/kaggle/input/datasets/dhamur/cotton-plant-disease/Cotton leaves/40 Images/Bacterial blight/rotate_zoompil_color_1.jpg,cotton,cotton::Bacterial blight,Bacterial blight,2,1,train,,
/kaggle/input/datasets/dhamur/cotton-plant-disease/Cotton leaves/40 Images/Army worm/rotate_zoompil_sharpness_9.jpg,cotton,cotton::Army worm,Army worm,1,1,train,,
/kaggle/input/datasets/dhamur/cotton-plant-disease/Cotton leaves/40 Images/Powdery mildew/vertical_flippil_sharpness_39.jpg,cotton,cotton::Powdery mildew,Powdery mildew,4,1,train,,
/kaggle/working/exp02_robust_open_set/unknown_sources/cifar10/train/00773_a100ac0a4742.png,cifar10,cifar10::a100ac0a4742c6f6,Unclassified,6,0,train,animal,bird
/kaggle/working/exp02_robust_open_set/unknown_sources/cifar10/train/00078_f5b38753ccd9.png,cifar10,cifar10::f5b38753ccd9a3ea,Unclassified,6,0,train,object_vehicle,automobile
/kaggle/input/datasets/dhamur/cotton-plant-disease/Cotton leaves/40 Images/Healthy/rotate_zoom5.jpg,cotton,cotton::Healthy,Healthy,3,1,train,,
/kaggle/input/datasets/dhamur/cotton-plant-disease/Cotton leaves/40 Images/Army worm/random_translation_pil_brightness_21.jpg,cotton,cotton::Army worm,Army worm,1,1,train,,
/kaggle/input/datasets/dhamur/cotton-plant-disease/Cotton leaves/40 Images/Target spot/rotate_zoompil_sharpness_2.jpg,cotton,cotton::Target spot,Target spot,5,1,train,,
/kaggle/input/datasets/dhamur/cotton-plant-disease/Cotton leaves/40 Images/Healthy/pil_color_22.jpg,cotton,cotton::Healthy,Healthy,3,1,train,,
/kaggle/working/exp02_robust_open_set/unknown_sources/cifar10/train/00100_82606d211f0f.png,cifar10,cifar10::82606d211f0f1aa0,Unclassified,6,0,train,animal,deer
/kaggle/input/datasets/dhamur/cotton-plant-disease/Cotton leaves/40 Images/Powdery mildew/vertical_flippil_brightness_10.jpg,cotton,cotton::Powdery mildew,Powdery mildew,4,1,train,,
/kaggle/working/exp02_robust_open_set/unknown_sources/cifar10/train/00554_79bcc18d6a21.png,cifar10,cifar10::79bcc18d6a218fd6,Unclassified,6,0,train,animal,horse
/kaggle/input/datasets/dhamur/cotton-plant-disease/Cotton leaves/40 Images/Bacterial blight/pil_sharpness_30.jpg,cotton,cotton::Bacterial blight,Bacterial blight,2,1,train,,
/kaggle/input/datasets/dhamur/cotton-plant-disease/Cotton leaves/40 Images/Healthy/rotate_zoom20.jpg,cotton,cotton::Healthy,Healthy,3,1,train,,
/kaggle/input/datasets/dhamur/cotton-plant-disease/Cotton leaves/40 Images/Army worm/rotate_zoompil_sharpness_20.jpg,cotton,cotton::Army worm,Army worm,1,1,train,,
/kaggle/input/datasets/dhamur/cotton-plant-disease/Cotton leaves/40 Images/Aphids/rotate_zoompil_brightness_31.jpg,cotton,cotton::Aphids,Aphids,0,1,train,,
/kaggle/input/datasets/dhamur/cotton-plant-disease/Cotton leaves/40 Images/Army worm/random_translation_pil_color_35.jpg,cotton,cotton::Army worm,Army worm,1,1,train,,
/kaggle/input/datasets/dhamur/cotton-plant-disease/Cotton leaves/40 Images/Powdery mildew/18.jpg,cotton,cotton::Powdery mildew,Powdery mildew,4,1,train,,
/kaggle/input/datasets/dhamur/cotton-plant-disease/Cotton leaves/40 Images/Army worm/rotate_zoompil_color_5.jpg,cotton,cotton::Army worm,Army worm,1,1,train,,
/kaggle/input/datasets/dhamur/cotton-plant-disease/Cotton leaves/40 Images/Aphids/27.jpg,cotton,cotton::Aphids,Aphids,0,1,train,,
/kaggle/input/datasets/dhamur/cotton-plant-disease/Cotton leaves/40 Images/Powdery mildew/pil_constract_11.jpg,cotton,cotton::Powdery mildew,Powdery mildew,4,1,train,,
/kaggle/input/datasets/dhamur/cotton-plant-disease/Cotton leaves/40 Images/Bacterial blight/random_crop_pil_constract_16.jpg,cotton,cotton::Bacterial blight,Bacterial blight,2,1,train,,
/kaggle/input/datasets/dhamur/cotton-plant-disease/Cotton leaves/40 Images/Bacterial blight/pil_constract_10.jpg,cotton,cotton::Bacterial blight,Bacterial blight,2,1,train,,
/kaggle/input/datasets/dhamur/cotton-plant-disease/Cotton leaves/40 Images/Target spot/rotate_zoompil_constract_2.jpg,cotton,cotton::Target spot,Target spot,5,1,train,,
/kaggle/input/datasets/dhamur/cotton-plant-disease/Cotton leaves/40 Images/Target spot/rotate_zoom31.jpg,cotton,cotton::Target spot,Target spot,5,1,train,,
/kaggle/input/datasets/dhamur/cotton-plant-disease/Cotton leaves/40 Images/Powdery mildew/vertical_flippil_brightness_17.jpg,cotton,cotton::Powdery mildew,Powdery mildew,4,1,train,,
/kaggle/input/datasets/dhamur/cotton-plant-disease/Cotton leaves/40 Images/Target spot/37.jpg,cotton,cotton::Target spot,Target spot,5,1,train,,
/kaggle/input/datasets/dhamur/cotton-plant-disease/Cotton leaves/40 Images/Aphids/rotate_zoompil_sharpness_36.jpg,cotton,cotton::Aphids,Aphids,0,1,train,,
/kaggle/input/datasets/dhamur/cotton-plant-disease/Cotton leaves/40 Images/Target spot/random_crop_13.jpg,cotton,cotton::Target spot,Target spot,5,1,train,,
/kaggle/input/datasets/dhamur/cotton-plant-disease/Cotton leaves/40 Images/Healthy/vertical_flippil_color_28.jpg,cotton,cotton::Healthy,Healthy,3,1,train,,
/kaggle/input/datasets/dhamur/cotton-plant-disease/Cotton leaves/40 Images/Aphids/vertical_flippil_constract_7.jpg,cotton,cotton::Aphids,Aphids,0,1,train,,
/kaggle/input/datasets/dhamur/cotton-plant-disease/Cotton leaves/40 Images/Powdery mildew/pil_color_13.jpg,cotton,cotton::Powdery mildew,Powdery mildew,4,1,train,,
/kaggle/input/datasets/dhamur/cotton-plant-disease/Cotton leaves/40 Images/Aphids/pil_sharpness_15.jpg,cotton,cotton::Aphids,Aphids,0,1,train,,
/kaggle/working/exp02_robust_open_set/unknown_sources/cifar10/train/00257_04a66fe19864.png,cifar10,cifar10::04a66fe19864f3fe,Unclassified,6,0,train,animal,dog
/kaggle/input/datasets/dhamur/cotton-plant-disease/Cotton leaves/40 Images/Aphids/random_crop_pil_sharpness_22_.jpg,cotton,cotton::Aphids,Aphids,0,1,train,,
/kaggle/input/datasets/dhamur/cotton-plant-disease/Cotton leaves/40 Images/Powdery mildew/vertical_flippil_brightness_32.jpg,cotton,cotton::Powdery mildew,Powdery mildew,4,1,train,,
/kaggle/input/datasets/dhamur/cotton-plant-disease/Cotton leaves/40 Images/Target spot/random_crop_pil_brightness_30.jpg,cotton,cotton::Target spot,Target spot,5,1,train,,
/kaggle/input/datasets/dhamur/cotton-plant-disease/Cotton leaves/40 Images/Target spot/rotate_zoompil_brightness_32.jpg,cotton,cotton::Target spot,Target spot,5,1,train,,
/kaggle/input/datasets/dhamur/cotton-plant-disease/Cotton leaves/40 Images/Powdery mildew/vertical_flippil_constract_28.jpg,cotton,cotton::Powdery mildew,Powdery mildew,4,1,train,,
/kaggle/input/datasets/dhamur/cotton-plant-disease/Cotton leaves/40 Images/Army worm/random_translation_pil_color_23.jpg,cotton,cotton::Army worm,Army worm,1,1,train,,
/kaggle/working/exp02_robust_open_set/unknown_sources/cifar10/train/00035_87932f096f6d.png,cifar10,cifar10::87932f096f6d99d0,Unclassified,6,0,train,animal,frog
/kaggle/input/datasets/dhamur/cotton-plant-disease/Cotton leaves/40 Images/Powdery mildew/rotate_zoompil_color_14.jpg,cotton,cotton::Powdery mildew,Powdery mildew,4,1,train,,
/kaggle/input/datasets/dhamur/cotton-plant-disease/Cotton leaves/40 Images/Healthy/vertical_flippil_sharpness_2.jpg,cotton,cotton::Healthy,Healthy,3,1,train,,
/kaggle/input/datasets/dhamur/cotton-plant-disease/Cotton leaves/40 Images/Aphids/rotate_zoom30.jpg,cotton,cotton::Aphids,Aphids,0,1,train,,
/kaggle/input/datasets/dhamur/cotton-plant-disease/Cotton leaves/40 Images/Healthy/pil_color_21.jpg,cotton,cotton::Healthy,Healthy,3,1,train,,
/kaggle/working/exp02_robust_open_set/unknown_sources/cifar10/train/00309_c5afa8649cbc.png,cifar10,cifar10::c5afa8649cbc9fe9,Unclassified,6,0,train,animal,deer
/kaggle/input/datasets/dhamur/cotton-plant-disease/Cotton leaves/40 Images/Powdery mildew/random_crop_pil_constract_30.jpg,cotton,cotton::Powdery mildew,Powdery mildew,4,1,train,,
/kaggle/input/datasets/dhamur/cotton-plant-disease/Cotton leaves/40 Images/Bacterial blight/random_crop_pil_sharpness_40.jpg,cotton,cotton::Bacterial blight,Bacterial blight,2,1,train,,
/kaggle/input/datasets/dhamur/cotton-plant-disease/Cotton leaves/40 Images/Bacterial blight/rotate_zoompil_brightness_17.jpg,cotton,cotton::Bacterial blight,Bacterial blight,2,1,train,,
/kaggle/input/datasets/dhamur/cotton-plant-disease/Cotton leaves/40 Images/Aphids/vertical_flippil_color_13.jpg,cotton,cotton::Aphids,Aphids,0,1,train,,
/kaggle/working/exp02_robust_open_set/unknown_sources/cifar10/train/00405_4c07bc0f98ff.png,cifar10,cifar10::4c07bc0f98ff46a1,Unclassified,6,0,train,object_vehicle,automobile
/kaggle/input/datasets/dhamur/cotton-plant-disease/Cotton leaves/40 Images/Bacterial blight/vertical_flip26.jpg,cotton,cotton::Bacterial blight,Bacterial blight,2,1,train,,
/kaggle/input/datasets/dhamur/cotton-plant-disease/Cotton leaves/40 Images/Target spot/rotate_zoompil_sharpness_32.jpg,cotton,cotton::Target spot,Target spot,5,1,train,,
/kaggle/input/datasets/dhamur/cotton-plant-disease/Cotton leaves/40 Images/Powdery mildew/vertical_flip20.jpg,cotton,cotton::Powdery mildew,Powdery mildew,4,1,train,,
/kaggle/input/datasets/dhamur/cotton-plant-disease/Cotton leaves/40 Images/Aphids/vertical_flippil_sharpness_40.jpg,cotton,cotton::Aphids,Aphids,0,1,train,,
/kaggle/input/datasets/dhamur/cotton-plant-disease/Cotton leaves/40 Images/Healthy/vertical_flippil_constract_15.jpg,cotton,cotton::Healthy,Healthy,3,1,train,,
/kaggle/input/datasets/dhamur/cotton-plant-disease/Cotton leaves/40 Images/Healthy/random_crop_pil_color_7.jpg,cotton,cotton::Healthy,Healthy,3,1,train,,
/kaggle/input/datasets/dhamur/cotton-plant-disease/Cotton leaves/40 Images/Army worm/vertical_flip33.jpg,cotton,cotton::Army worm,Army worm,1,1,train,,
/kaggle/input/datasets/dhamur/cotton-plant-disease/Cotton leaves/40 Images/Target spot/30.jpg,cotton,cotton::Target spot,Target spot,5,1,train,,
/kaggle/input/datasets/dhamur/cotton-plant-disease/Cotton leaves/40 Images/Powdery mildew/random_crop_pil_color_11.jpg,cotton,cotton::Powdery mildew,Powdery mildew,4,1,train,,
/kaggle/input/datasets/dhamur/cotton-plant-disease/Cotton leaves/40 Images/Powdery mildew/pil_color_19.jpg,cotton,cotton::Powdery mildew,Powdery mildew,4,1,train,,
/kaggle/input/datasets/dhamur/cotton-plant-disease/Cotton leaves/40 Images/Army worm/random_translation_pil_constract_38.jpg,cotton,cotton::Army worm,Army worm,1,1,train,,
/kaggle/input/datasets/dhamur/cotton-plant-disease/Cotton leaves/40 Images/Powdery mildew/rotate_zoom1.jpg,cotton,cotton::Powdery mildew,Powdery mildew,4,1,train,,
/kaggle/input/datasets/dhamur/cotton-plant-disease/Cotton leaves/40 Images/Powdery mildew/vertical_flippil_brightness_19.jpg,cotton,cotton::Powdery mildew,Powdery mildew,4,1,train,,
/kaggle/input/datasets/dhamur/cotton-plant-disease/Cotton leaves/40 Images/Target spot/vertical_flippil_sharpness_33.jpg,cotton,cotton::Target spot,Target spot,5,1,train,,
/kaggle/working/exp02_robust_open_set/unknown_sources/cifar10/train/00503_dcef5754b3aa.png,cifar10,cifar10::dcef5754b3aa3353,Unclassified,6,0,train,object_vehicle,automobile
/kaggle/input/datasets/dhamur/cotton-plant-disease/Cotton leaves/40 Images/Powdery mildew/pil_brightness_34.jpg,cotton,cotton::Powdery mildew,Powdery mildew,4,1,train,,
/kaggle/input/datasets/dhamur/cotton-plant-disease/Cotton leaves/40 Images/Army worm/vertical_flip12.jpg,cotton,cotton::Army worm,Army worm,1,1,train,,
/kaggle/input/datasets/dhamur/cotton-plant-disease/Cotton leaves/40 Images/Powdery mildew/vertical_flip12.jpg,cotton,cotton::Powdery mildew,Powdery mildew,4,1,train,,
/kaggle/input/datasets/dhamur/cotton-plant-disease/Cotton leaves/40 Images/Aphids/vertical_flippil_constract_38.jpg,cotton,cotton::Aphids,Aphids,0,1,train,,
/kaggle/input/datasets/dhamur/cotton-plant-disease/Cotton leaves/40 Images/Powdery mildew/vertical_flippil_color_12.jpg,cotton,cotton::Powdery mildew,Powdery mildew,4,1,train,,
/kaggle/input/datasets/dhamur/cotton-plant-disease/Cotton leaves/40 Images/Army worm/pil_constract_19.jpg,cotton,cotton::Army worm,Army worm,1,1,train,,
/kaggle/working/exp02_robust_open_set/unknown_sources/cifar10/train/00730_9dec3e2a7cca.png,cifar10,cifar10::9dec3e2a7cca1f37,Unclassified,6,0,train,object_vehicle,truck
/kaggle/input/datasets/dhamur/cotton-plant-disease/Cotton leaves/40 Images/Healthy/random_crop_pil_constract_33.jpg,cotton,cotton::Healthy,Healthy,3,1,train,,
/kaggle/input/datasets/dhamur/cotton-plant-disease/Cotton leaves/40 Images/Healthy/random_crop_pil_color_38.jpg,cotton,cotton::Healthy,Healthy,3,1,train,,
/kaggle/input/datasets/dhamur/cotton-plant-disease/Cotton leaves/40 Images/Powdery mildew/rotate_zoompil_sharpness_28.jpg,cotton,cotton::Powdery mildew,Powdery mildew,4,1,train,,
/kaggle/input/datasets/dhamur/cotton-plant-disease/Cotton leaves/40 Images/Target spot/vertical_flippil_color_11.jpg,cotton,cotton::Target spot,Target spot,5,1,train,,
/kaggle/input/datasets/dhamur/cotton-plant-disease/Cotton leaves/40 Images/Bacterial blight/vertical_flippil_sharpness_1.jpg,cotton,cotton::Bacterial blight,Bacterial blight,2,1,train,,
/kaggle/input/datasets/dhamur/cotton-plant-disease/Cotton leaves/40 Images/Aphids/rotate_zoompil_sharpness_25.jpg,cotton,cotton::Aphids,Aphids,0,1,train,,
/kaggle/input/datasets/dhamur/cotton-plant-disease/Cotton leaves/40 Images/Powdery mildew/10.jpg,cotton,cotton::Powdery mildew,Powdery mildew,4,1,train,,
/kaggle/input/datasets/dhamur/cotton-plant-disease/Cotton leaves/40 Images/Target spot/random_crop_pil_brightness_15.jpg,cotton,cotton::Target spot,Target spot,5,1,train,,
/kaggle/input/datasets/dhamur/cotton-plant-disease/Cotton leaves/40 Images/Target spot/rotate_zoompil_sharpness_16.jpg,cotton,cotton::Target spot,Target spot,5,1,train,,
/kaggle/input/datasets/dhamur/cotton-plant-disease/Cotton leaves/40 Images/Bacterial blight/33.jpg,cotton,cotton::Bacterial blight,Bacterial blight,2,1,train,,
/kaggle/input/datasets/dhamur/cotton-plant-disease/Cotton leaves/40 Images/Army worm/pil_constract_30.jpg,cotton,cotton::Army worm,Army worm,1,1,train,,
/kaggle/working/exp02_robust_open_set/unknown_sources/cifar10/train/00618_b097804dc4d8.png,cifar10,cifar10::b097804dc4d86412,Unclassified,6,0,train,animal,dog
/kaggle/input/datasets/dhamur/cotton-plant-disease/Cotton leaves/40 Images/Aphids/random_crop_pil_brightness_17.jpg,cotton,cotton::Aphids,Aphids,0,1,train,,
/kaggle/input/datasets/dhamur/cotton-plant-disease/Cotton leaves/40 Images/Target spot/random_crop_32.jpg,cotton,cotton::Target spot,Target spot,5,1,train,,
/kaggle/input/datasets/dhamur/cotton-plant-disease/Cotton leaves/40 Images/Target spot/random_crop_2.jpg,cotton,cotton::Target spot,Target spot,5,1,train,,
/kaggle/working/exp02_robust_open_set/unknown_sources/cifar10/train/00546_bdaefcdbe834.png,cifar10,cifar10::bdaefcdbe834d73f,Unclassified,6,0,train,animal,deer
/kaggle/input/datasets/dhamur/cotton-plant-disease/Cotton leaves/40 Images/Army worm/pil_color_6.jpg,cotton,cotton::Army worm,Army worm,1,1,train,,
/kaggle/input/datasets/dhamur/cotton-plant-disease/Cotton leaves/40 Images/Healthy/pil_brightness_19.jpg,cotton,cotton::Healthy,Healthy,3,1,train,,
/kaggle/input/datasets/dhamur/cotton-plant-disease/Cotton leaves/40 Images/Bacterial blight/vertical_flippil_brightness_16.jpg,cotton,cotton::Bacterial blight,Bacterial blight,2,1,train,,
/kaggle/input/datasets/dhamur/cotton-plant-disease/Cotton leaves/40 Images/Bacterial blight/vertical_flip18.jpg,cotton,cotton::Bacterial blight,Bacterial blight,2,1,train,,
/kaggle/input/datasets/dhamur/cotton-plant-disease/Cotton leaves/40 Images/Powdery mildew/vertical_flippil_brightness_15.jpg,cotton,cotton::Powdery mildew,Powdery mildew,4,1,train,,
/kaggle/working/exp02_robust_open_set/unknown_sources/cifar10/train/00578_67d72247ea55.png,cifar10,cifar10::67d72247ea55fa7d,Unclassified,6,0,train,object_vehicle,automobile
/kaggle/input/datasets/dhamur/cotton-plant-disease/Cotton leaves/40 Images/Target spot/pil_constract_38.jpg,cotton,cotton::Target spot,Target spot,5,1,train,,
/kaggle/input/datasets/dhamur/cotton-plant-disease/Cotton leaves/40 Images/Target spot/random_crop_pil_constract_2.jpg,cotton,cotton::Target spot,Target spot,5,1,train,,
/kaggle/input/datasets/dhamur/cotton-plant-disease/Cotton leaves/40 Images/Powdery mildew/pil_constract_31.jpg,cotton,cotton::Powdery mildew,Powdery mildew,4,1,train,,
/kaggle/input/datasets/dhamur/cotton-plant-disease/Cotton leaves/40 Images/Powdery mildew/pil_sharpness_33.jpg,cotton,cotton::Powdery mildew,Powdery mildew,4,1,train,,
/kaggle/input/datasets/dhamur/cotton-plant-disease/Cotton leaves/40 Images/Powdery mildew/pil_brightness_33.jpg,cotton,cotton::Powdery mildew,Powdery mildew,4,1,train,,
/kaggle/input/datasets/dhamur/cotton-plant-disease/Cotton leaves/40 Images/Healthy/rotate_zoompil_constract_17.jpg,cotton,cotton::Healthy,Healthy,3,1,train,,
/kaggle/working/exp02_robust_open_set/unknown_sources/cifar10/train/00581_947d9d6f5dca.png,cifar10,cifar10::947d9d6f5dcad66a,Unclassified,6,0,train,animal,deer
/kaggle/input/datasets/dhamur/cotton-plant-disease/Cotton leaves/40 Images/Aphids/vertical_flippil_sharpness_1.jpg,cotton,cotton::Aphids,Aphids,0,1,train,,
/kaggle/input/datasets/dhamur/cotton-plant-disease/Cotton leaves/40 Images/Army worm/random_translation_pil_brightness_30.jpg,cotton,cotton::Army worm,Army worm,1,1,train,,
/kaggle/input/datasets/dhamur/cotton-plant-disease/Cotton leaves/40 Images/Bacterial blight/pil_brightness_36.jpg,cotton,cotton::Bacterial blight,Bacterial blight,2,1,train,,
/kaggle/input/datasets/dhamur/cotton-plant-disease/Cotton leaves/40 Images/Healthy/vertical_flippil_color_19.jpg,cotton,cotton::Healthy,Healthy,3,1,train,,
/kaggle/input/datasets/dhamur/cotton-plant-disease/Cotton leaves/40 Images/Target spot/rotate_zoompil_brightness_33.jpg,cotton,cotton::Target spot,Target spot,5,1,train,,
/kaggle/input/datasets/dhamur/cotton-plant-disease/Cotton leaves/40 Images/Powdery mildew/rotate_zoompil_constract_5.jpg,cotton,cotton::Powdery mildew,Powdery mildew,4,1,train,,
/kaggle/input/datasets/dhamur/cotton-plant-disease/Cotton leaves/40 Images/Powdery mildew/random_crop_7.jpg,cotton,cotton::Powdery mildew,Powdery mildew,4,1,train,,
/kaggle/working/exp02_robust_open_set/unknown_sources/cifar10/train/00515_1c5403938aaf.png,cifar10,cifar10::1c5403938aafe953,Unclassified,6,0,train,animal,dog
/kaggle/input/datasets/dhamur/cotton-plant-disease/Cotton leaves/40 Images/Target spot/rotate_zoompil_brightness_4.jpg,cotton,cotton::Target spot,Target spot,5,1,train,,
/kaggle/input/datasets/dhamur/cotton-plant-disease/Cotton leaves/40 Images/Aphids/rotate_zoompil_sharpness_10.jpg,cotton,cotton::Aphids,Aphids,0,1,train,,
/kaggle/input/datasets/dhamur/cotton-plant-disease/Cotton leaves/40 Images/Powdery mildew/random_crop_pil_constract_37.jpg,cotton,cotton::Powdery mildew,Powdery mildew,4,1,train,,
/kaggle/input/datasets/dhamur/cotton-plant-disease/Cotton leaves/40 Images/Aphids/random_crop_pil_constract_6.jpg,cotton,cotton::Aphids,Aphids,0,1,train,,
/kaggle/input/datasets/dhamur/cotton-plant-disease/Cotton leaves/40 Images/Aphids/rotate_zoompil_color_9.jpg,cotton,cotton::Aphids,Aphids,0,1,train,,
/kaggle/input/datasets/dhamur/cotton-plant-disease/Cotton leaves/40 Images/Powdery mildew/rotate_zoompil_color_19.jpg,cotton,cotton::Powdery mildew,Powdery mildew,4,1,train,,
/kaggle/working/exp02_robust_open_set/unknown_sources/cifar10/train/00138_86cae402c11e.png,cifar10,cifar10::86cae402c11e96cc,Unclassified,6,0,train,object_vehicle,airplane
/kaggle/input/datasets/dhamur/cotton-plant-disease/Cotton leaves/40 Images/Healthy/vertical_flippil_constract_1.jpg,cotton,cotton::Healthy,Healthy,3,1,train,,
/kaggle/input/datasets/dhamur/cotton-plant-disease/Cotton leaves/40 Images/Healthy/random_crop_pil_brightness_26.jpg,cotton,cotton::Healthy,Healthy,3,1,train,,
/kaggle/input/datasets/dhamur/cotton-plant-disease/Cotton leaves/40 Images/Bacterial blight/rotate_zoompil_color_23.jpg,cotton,cotton::Bacterial blight,Bacterial blight,2,1,train,,
/kaggle/input/datasets/dhamur/cotton-plant-disease/Cotton leaves/40 Images/Bacterial blight/rotate_zoompil_sharpness_16.jpg,cotton,cotton::Bacterial blight,Bacterial blight,2,1,train,,
/kaggle/input/datasets/dhamur/cotton-plant-disease/Cotton leaves/40 Images/Powdery mildew/pil_brightness_35.jpg,cotton,cotton::Powdery mildew,Powdery mildew,4,1,train,,
/kaggle/working/exp02_robust_open_set/unknown_sources/cifar10/train/00792_9f168b263f86.png,cifar10,cifar10::9f168b263f86aa24,Unclassified,6,0,train,animal,bird
/kaggle/input/datasets/dhamur/cotton-plant-disease/Cotton leaves/40 Images/Healthy/vertical_flippil_sharpness_30.jpg,cotton,cotton::Healthy,Healthy,3,1,train,,
/kaggle/working/exp02_robust_open_set/unknown_sources/cifar10/train/00182_88b0f5393e6b.png,cifar10,cifar10::88b0f5393e6b76f4,Unclassified,6,0,train,animal,bird
/kaggle/input/datasets/dhamur/cotton-plant-disease/Cotton leaves/40 Images/Army worm/pil_brightness_28.jpg,cotton,cotton::Army worm,Army worm,1,1,train,,
/kaggle/input/datasets/dhamur/cotton-plant-disease/Cotton leaves/40 Images/Healthy/vertical_flippil_constract_28.jpg,cotton,cotton::Healthy,Healthy,3,1,train,,
/kaggle/input/datasets/dhamur/cotton-plant-disease/Cotton leaves/40 Images/Army worm/random_translation_pil_constract_9.jpg,cotton,cotton::Army worm,Army worm,1,1,train,,
/kaggle/input/datasets/dhamur/cotton-plant-disease/Cotton leaves/40 Images/Aphids/vertical_flippil_color_26.jpg,cotton,cotton::Aphids,Aphids,0,1,train,,
/kaggle/input/datasets/dhamur/cotton-plant-disease/Cotton leaves/40 Images/Target spot/random_crop_pil_color_20.jpg,cotton,cotton::Target spot,Target spot,5,1,train,,
/kaggle/input/datasets/dhamur/cotton-plant-disease/Cotton leaves/40 Images/Powdery mildew/pil_brightness_20.jpg,cotton,cotton::Powdery mildew,Powdery mildew,4,1,train,,
/kaggle/input/datasets/dhamur/cotton-plant-disease/Cotton leaves/40 Images/Powdery mildew/pil_color_37.jpg,cotton,cotton::Powdery mildew,Powdery mildew,4,1,train,,
/kaggle/working/exp02_robust_open_set/unknown_sources/cifar10/train/00453_a54497fddca4.png,cifar10,cifar10::a54497fddca4a87f,Unclassified,6,0,train,object_vehicle,truck
/kaggle/input/datasets/dhamur/cotton-plant-disease/Cotton leaves/40 Images/Target spot/pil_color_3.jpg,cotton,cotton::Target spot,Target spot,5,1,train,,
/kaggle/input/datasets/dhamur/cotton-plant-disease/Cotton leaves/40 Images/Aphids/30.jpg,cotton,cotton::Aphids,Aphids,0,1,train,,
/kaggle/input/datasets/dhamur/cotton-plant-disease/Cotton leaves/40 Images/Healthy/vertical_flippil_sharpness_7.jpg,cotton,cotton::Healthy,Healthy,3,1,train,,
/kaggle/input/datasets/dhamur/cotton-plant-disease/Cotton leaves/40 Images/Aphids/vertical_flip18.jpg,cotton,cotton::Aphids,Aphids,0,1,train,,
/kaggle/input/datasets/dhamur/cotton-plant-disease/Cotton leaves/40 Images/Target spot/random_crop_pil_sharpness_39.jpg,cotton,cotton::Target spot,Target spot,5,1,train,,
/kaggle/input/datasets/dhamur/cotton-plant-disease/Cotton leaves/40 Images/Army worm/vertical_flippil_constract_12.jpg,cotton,cotton::Army worm,Army worm,1,1,train,,
/kaggle/input/datasets/dhamur/cotton-plant-disease/Cotton leaves/40 Images/Target spot/pil_sharpness_14.jpg,cotton,cotton::Target spot,Target spot,5,1,train,,
/kaggle/input/datasets/dhamur/cotton-plant-disease/Cotton leaves/40 Images/Army worm/pil_constract_40.jpg,cotton,cotton::Army worm,Army worm,1,1,train,,
/kaggle/input/datasets/dhamur/cotton-plant-disease/Cotton leaves/40 Images/Bacterial blight/random_crop_21.jpg,cotton,cotton::Bacterial blight,Bacterial blight,2,1,train,,
/kaggle/working/exp02_robust_open_set/unknown_sources/cifar10/train/00391_69f3e7fed057.png,cifar10,cifar10::69f3e7fed057cb49,Unclassified,6,0,train,object_vehicle,airplane
/kaggle/input/datasets/dhamur/cotton-plant-disease/Cotton leaves/40 Images/Bacterial blight/random_crop_pil_color_25.jpg,cotton,cotton::Bacterial blight,Bacterial blight,2,1,train,,
/kaggle/input/datasets/dhamur/cotton-plant-disease/Cotton leaves/40 Images/Bacterial blight/random_crop_pil_color_18.jpg,cotton,cotton::Bacterial blight,Bacterial blight,2,1,train,,
/kaggle/input/datasets/dhamur/cotton-plant-disease/Cotton leaves/40 Images/Target spot/vertical_flippil_brightness_34.jpg,cotton,cotton::Target spot,Target spot,5,1,train,,
/kaggle/input/datasets/dhamur/cotton-plant-disease/Cotton leaves/40 Images/Aphids/rotate_zoompil_sharpness_31.jpg,cotton,cotton::Aphids,Aphids,0,1,train,,
/kaggle/input/datasets/dhamur/cotton-plant-disease/Cotton leaves/40 Images/Healthy/pil_brightness_8.jpg,cotton,cotton::Healthy,Healthy,3,1,train,,
/kaggle/working/exp02_robust_open_set/unknown_sources/cifar10/train/00119_b715834d59ce.png,cifar10,cifar10::b715834d59ce6218,Unclassified,6,0,train,animal,horse
/kaggle/working/exp02_robust_open_set/unknown_sources/cifar10/train/00646_88a5fddff5c1.png,cifar10,cifar10::88a5fddff5c1caef,Unclassified,6,0,train,animal,frog
/kaggle/input/datasets/dhamur/cotton-plant-disease/Cotton leaves/40 Images/Healthy/pil_constract_37.jpg,cotton,cotton::Healthy,Healthy,3,1,train,,
/kaggle/working/exp02_robust_open_set/unknown_sources/cifar10/train/00333_fe65882b1cc1.png,cifar10,cifar10::fe65882b1cc121e2,Unclassified,6,0,train,animal,bird
/kaggle/input/datasets/dhamur/cotton-plant-disease/Cotton leaves/40 Images/Powdery mildew/random_crop_pil_color_24.jpg,cotton,cotton::Powdery mildew,Powdery mildew,4,1,train,,
/kaggle/input/datasets/dhamur/cotton-plant-disease/Cotton leaves/40 Images/Aphids/rotate_zoompil_constract_26.jpg,cotton,cotton::Aphids,Aphids,0,1,train,,
/kaggle/input/datasets/dhamur/cotton-plant-disease/Cotton leaves/40 Images/Bacterial blight/pil_constract_37.jpg,cotton,cotton::Bacterial blight,Bacterial blight,2,1,train,,
/kaggle/input/datasets/dhamur/cotton-plant-disease/Cotton leaves/40 Images/Healthy/vertical_flippil_constract_35.jpg,cotton,cotton::Healthy,Healthy,3,1,train,,
/kaggle/working/exp02_robust_open_set/unknown_sources/cifar10/train/00164_65466abf9421.png,cifar10,cifar10::65466abf9421f7f7,Unclassified,6,0,train,object_vehicle,automobile
/kaggle/working/exp02_robust_open_set/unknown_sources/cifar10/train/00596_b697652d0a9c.png,cifar10,cifar10::b697652d0a9c5f98,Unclassified,6,0,train,animal,frog
/kaggle/input/datasets/dhamur/cotton-plant-disease/Cotton leaves/40 Images/Bacterial blight/pil_brightness_7.jpg,cotton,cotton::Bacterial blight,Bacterial blight,2,1,train,,
/kaggle/working/exp02_robust_open_set/unknown_sources/cifar10/train/00668_ac41c8ae8d7b.png,cifar10,cifar10::ac41c8ae8d7bf227,Unclassified,6,0,train,animal,bird
/kaggle/working/exp02_robust_open_set/unknown_sources/cifar10/train/00344_200baa47769f.png,cifar10,cifar10::200baa47769ff7b6,Unclassified,6,0,train,object_vehicle,automobile
/kaggle/input/datasets/dhamur/cotton-plant-disease/Cotton leaves/40 Images/Army worm/rotate_zoom9.jpg,cotton,cotton::Army worm,Army worm,1,1,train,,
/kaggle/input/datasets/dhamur/cotton-plant-disease/Cotton leaves/40 Images/Target spot/vertical_flippil_brightness_14.jpg,cotton,cotton::Target spot,Target spot,5,1,train,,
/kaggle/input/datasets/dhamur/cotton-plant-disease/Cotton leaves/40 Images/Army worm/random_translation_31.jpg,cotton,cotton::Army worm,Army worm,1,1,train,,
/kaggle/input/datasets/dhamur/cotton-plant-disease/Cotton leaves/40 Images/Aphids/rotate_zoom22_.jpg,cotton,cotton::Aphids,Aphids,0,1,train,,
/kaggle/input/datasets/dhamur/cotton-plant-disease/Cotton leaves/40 Images/Healthy/pil_color_1.jpg,cotton,cotton::Healthy,Healthy,3,1,train,,
/kaggle/working/exp02_robust_open_set/unknown_sources/cifar10/train/00116_99115aca8865.png,cifar10,cifar10::99115aca8865798b,Unclassified,6,0,train,animal,deer
/kaggle/input/datasets/dhamur/cotton-plant-disease/Cotton leaves/40 Images/Aphids/rotate_zoom20.jpg,cotton,cotton::Aphids,Aphids,0,1,train,,
/kaggle/input/datasets/dhamur/cotton-plant-disease/Cotton leaves/40 Images/Healthy/random_crop_25.jpg,cotton,cotton::Healthy,Healthy,3,1,train,,
/kaggle/input/datasets/dhamur/cotton-plant-disease/Cotton leaves/40 Images/Bacterial blight/random_crop_pil_color_14.jpg,cotton,cotton::Bacterial blight,Bacterial blight,2,1,train,,
/kaggle/working/exp02_robust_open_set/unknown_sources/cifar10/train/00093_e8bba4d23094.png,cifar10,cifar10::e8bba4d23094f785,Unclassified,6,0,train,object_vehicle,truck
/kaggle/input/datasets/dhamur/cotton-plant-disease/Cotton leaves/40 Images/Army worm/random_translation_pil_brightness_13.jpg,cotton,cotton::Army worm,Army worm,1,1,train,,
/kaggle/input/datasets/dhamur/cotton-plant-disease/Cotton leaves/40 Images/Army worm/rotate_zoom24.jpg,cotton,cotton::Army worm,Army worm,1,1,train,,
/kaggle/working/exp02_robust_open_set/unknown_sources/cifar10/train/00157_92509a563d4b.png,cifar10,cifar10::92509a563d4bdd78,Unclassified,6,0,train,animal,horse
/kaggle/input/datasets/dhamur/cotton-plant-disease/Cotton leaves/40 Images/Bacterial blight/random_crop_13.jpg,cotton,cotton::Bacterial blight,Bacterial blight,2,1,train,,
/kaggle/input/datasets/dhamur/cotton-plant-disease/Cotton leaves/40 Images/Target spot/random_crop_pil_sharpness_32.jpg,cotton,cotton::Target spot,Target spot,5,1,train,,
/kaggle/input/datasets/dhamur/cotton-plant-disease/Cotton leaves/40 Images/Target spot/random_crop_28.jpg,cotton,cotton::Target spot,Target spot,5,1,train,,
/kaggle/working/exp02_robust_open_set/unknown_sources/cifar10/train/00789_3c67595dd4ce.png,cifar10,cifar10::3c67595dd4ceb776,Unclassified,6,0,train,object_vehicle,airplane
/kaggle/input/datasets/dhamur/cotton-plant-disease/Cotton leaves/40 Images/Target spot/random_crop_9.jpg,cotton,cotton::Target spot,Target spot,5,1,train,,
/kaggle/input/datasets/dhamur/cotton-plant-disease/Cotton leaves/40 Images/Aphids/random_crop_pil_constract_32.jpg,cotton,cotton::Aphids,Aphids,0,1,train,,
/kaggle/working/exp02_robust_open_set/unknown_sources/cifar10/train/00302_d1215c5d41d8.png,cifar10,cifar10::d1215c5d41d8bcde,Unclassified,6,0,train,animal,horse
/kaggle/input/datasets/dhamur/cotton-plant-disease/Cotton leaves/40 Images/Army worm/vertical_flip13.jpg,cotton,cotton::Army worm,Army worm,1,1,train,,
/kaggle/input/datasets/dhamur/cotton-plant-disease/Cotton leaves/40 Images/Bacterial blight/rotate_zoompil_color_18.jpg,cotton,cotton::Bacterial blight,Bacterial blight,2,1,train,,
/kaggle/working/exp02_robust_open_set/unknown_sources/cifar10/train/00272_f0fe83179220.png,cifar10,cifar10::f0fe83179220e41f,Unclassified,6,0,train,animal,deer
/kaggle/input/datasets/dhamur/cotton-plant-disease/Cotton leaves/40 Images/Healthy/vertical_flippil_sharpness_17.jpg,cotton,cotton::Healthy,Healthy,3,1,train,,
/kaggle/input/datasets/dhamur/cotton-plant-disease/Cotton leaves/40 Images/Powdery mildew/random_crop_pil_sharpness_24.jpg,cotton,cotton::Powdery mildew,Powdery mildew,4,1,train,,
/kaggle/input/datasets/dhamur/cotton-plant-disease/Cotton leaves/40 Images/Healthy/random_crop_pil_sharpness_27.jpg,cotton,cotton::Healthy,Healthy,3,1,train,,
/kaggle/working/exp02_robust_open_set/unknown_sources/cifar10/train/00777_5eee74eb1532.png,cifar10,cifar10::5eee74eb15329020,Unclassified,6,0,train,animal,cat
/kaggle/input/datasets/dhamur/cotton-plant-disease/Cotton leaves/40 Images/Target spot/vertical_flip28.jpg,cotton,cotton::Target spot,Target spot,5,1,train,,
/kaggle/input/datasets/dhamur/cotton-plant-disease/Cotton leaves/40 Images/Army worm/random_translation_pil_brightness_8.jpg,cotton,cotton::Army worm,Army worm,1,1,train,,
/kaggle/working/exp02_robust_open_set/unknown_sources/cifar10/train/00074_138592c35511.png,cifar10,cifar10::138592c355110610,Unclassified,6,0,train,animal,bird
/kaggle/input/datasets/dhamur/cotton-plant-disease/Cotton leaves/40 Images/Bacterial blight/vertical_flippil_sharpness_21.jpg,cotton,cotton::Bacterial blight,Bacterial blight,2,1,train,,
/kaggle/working/exp02_robust_open_set/unknown_sources/cifar10/train/00189_c4a9dc527219.png,cifar10,cifar10::c4a9dc5272190718,Unclassified,6,0,train,animal,bird
/kaggle/input/datasets/dhamur/cotton-plant-disease/Cotton leaves/40 Images/Powdery mildew/random_crop_pil_sharpness_13.jpg,cotton,cotton::Powdery mildew,Powdery mildew,4,1,train,,
/kaggle/input/datasets/dhamur/cotton-plant-disease/Cotton leaves/40 Images/Powdery mildew/32.jpg,cotton,cotton::Powdery mildew,Powdery mildew,4,1,train,,
/kaggle/input/datasets/dhamur/cotton-plant-disease/Cotton leaves/40 Images/Aphids/rotate_zoompil_constract_6.jpg,cotton,cotton::Aphids,Aphids,0,1,train,,
/kaggle/input/datasets/dhamur/cotton-plant-disease/Cotton leaves/40 Images/Army worm/vertical_flippil_color_5.jpg,cotton,cotton::Army worm,Army worm,1,1,train,,
/kaggle/input/datasets/dhamur/cotton-plant-disease/Cotton leaves/40 Images/Powdery mildew/rotate_zoompil_brightness_6.jpg,cotton,cotton::Powdery mildew,Powdery mildew,4,1,train,,
/kaggle/input/datasets/dhamur/cotton-plant-disease/Cotton leaves/40 Images/Army worm/rotate_zoompil_color_16.jpg,cotton,cotton::Army worm,Army worm,1,1,train,,
/kaggle/input/datasets/dhamur/cotton-plant-disease/Cotton leaves/40 Images/Army worm/rotate_zoompil_sharpness_26.jpg,cotton,cotton::Army worm,Army worm,1,1,train,,
/kaggle/input/datasets/dhamur/cotton-plant-disease/Cotton leaves/40 Images/Aphids/random_crop_pil_constract_2.jpg,cotton,cotton::Aphids,Aphids,0,1,train,,
/kaggle/input/datasets/dhamur/cotton-plant-disease/Cotton leaves/40 Images/Army worm/vertical_flippil_constract_32.jpg,cotton,cotton::Army worm,Army worm,1,1,train,,
/kaggle/input/datasets/dhamur/cotton-plant-disease/Cotton leaves/40 Images/Powdery mildew/vertical_flip31.jpg,cotton,cotton::Powdery mildew,Powdery mildew,4,1,train,,
/kaggle/input/datasets/dhamur/cotton-plant-disease/Cotton leaves/40 Images/Target spot/pil_sharpness_18.jpg,cotton,cotton::Target spot,Target spot,5,1,train,,
/kaggle/working/exp02_robust_open_set/unknown_sources/cifar10/train/00259_a58aa85cb6ff.png,cifar10,cifar10::a58aa85cb6ffff1f,Unclassified,6,0,train,animal,dog
/kaggle/input/datasets/dhamur/cotton-plant-disease/Cotton leaves/40 Images/Bacterial blight/random_crop_pil_color_17.jpg,cotton,cotton::Bacterial blight,Bacterial blight,2,1,train,,
/kaggle/input/datasets/dhamur/cotton-plant-disease/Cotton leaves/40 Images/Target spot/vertical_flip15.jpg,cotton,cotton::Target spot,Target spot,5,1,train,,
/kaggle/input/datasets/dhamur/cotton-plant-disease/Cotton leaves/40 Images/Healthy/vertical_flippil_constract_25.jpg,cotton,cotton::Healthy,Healthy,3,1,train,,
/kaggle/input/datasets/dhamur/cotton-plant-disease/Cotton leaves/40 Images/Powdery mildew/pil_sharpness_20.jpg,cotton,cotton::Powdery mildew,Powdery mildew,4,1,train,,
/kaggle/working/exp02_robust_open_set/unknown_sources/cifar10/train/00395_6c716f15bf2a.png,cifar10,cifar10::6c716f15bf2ac71b,Unclassified,6,0,train,animal,horse
/kaggle/input/datasets/dhamur/cotton-plant-disease/Cotton leaves/40 Images/Aphids/rotate_zoom9.jpg,cotton,cotton::Aphids,Aphids,0,1,train,,
/kaggle/input/datasets/dhamur/cotton-plant-disease/Cotton leaves/40 Images/Healthy/pil_color_23.jpg,cotton,cotton::Healthy,Healthy,3,1,train,,
/kaggle/input/datasets/dhamur/cotton-plant-disease/Cotton leaves/40 Images/Bacterial blight/random_crop_pil_color_9.jpg,cotton,cotton::Bacterial blight,Bacterial blight,2,1,train,,
/kaggle/input/datasets/dhamur/cotton-plant-disease/Cotton leaves/40 Images/Target spot/rotate_zoom29.jpg,cotton,cotton::Target spot,Target spot,5,1,train,,
/kaggle/input/datasets/dhamur/cotton-plant-disease/Cotton leaves/40 Images/Bacterial blight/pil_brightness_28.jpg,cotton,cotton::Bacterial blight,Bacterial blight,2,1,train,,
/kaggle/input/datasets/dhamur/cotton-plant-disease/Cotton leaves/40 Images/Healthy/pil_color_17.jpg,cotton,cotton::Healthy,Healthy,3,1,train,,
/kaggle/input/datasets/dhamur/cotton-plant-disease/Cotton leaves/40 Images/Army worm/pil_brightness_38.jpg,cotton,cotton::Army worm,Army worm,1,1,train,,
/kaggle/input/datasets/dhamur/cotton-plant-disease/Cotton leaves/40 Images/Bacterial blight/pil_constract_13.jpg,cotton,cotton::Bacterial blight,Bacterial blight,2,1,train,,
/kaggle/input/datasets/dhamur/cotton-plant-disease/Cotton leaves/40 Images/Target spot/pil_brightness_31.jpg,cotton,cotton::Target spot,Target spot,5,1,train,,
/kaggle/input/datasets/dhamur/cotton-plant-disease/Cotton leaves/40 Images/Aphids/vertical_flippil_color_24_.jpg,cotton,cotton::Aphids,Aphids,0,1,train,,
/kaggle/input/datasets/dhamur/cotton-plant-disease/Cotton leaves/40 Images/Army worm/vertical_flip37.jpg,cotton,cotton::Army worm,Army worm,1,1,train,,
/kaggle/input/datasets/dhamur/cotton-plant-disease/Cotton leaves/40 Images/Army worm/random_translation_pil_sharpness_30.jpg,cotton,cotton::Army worm,Army worm,1,1,train,,
/kaggle/working/exp02_robust_open_set/unknown_sources/cifar10/train/00203_c754f8eb8d5d.png,cifar10,cifar10::c754f8eb8d5d024d,Unclassified,6,0,train,object_vehicle,automobile
/kaggle/working/exp02_robust_open_set/unknown_sources/cifar10/train/00615_ecbfa8f2d98d.png,cifar10,cifar10::ecbfa8f2d98d0243,Unclassified,6,0,train,object_vehicle,airplane
/kaggle/input/datasets/dhamur/cotton-plant-disease/Cotton leaves/40 Images/Target spot/pil_constract_29.jpg,cotton,cotton::Target spot,Target spot,5,1,train,,
/kaggle/input/datasets/dhamur/cotton-plant-disease/Cotton leaves/40 Images/Aphids/random_crop_pil_constract_10.jpg,cotton,cotton::Aphids,Aphids,0,1,train,,
/kaggle/input/datasets/dhamur/cotton-plant-disease/Cotton leaves/40 Images/Aphids/rotate_zoompil_color_25.jpg,cotton,cotton::Aphids,Aphids,0,1,train,,
/kaggle/input/datasets/dhamur/cotton-plant-disease/Cotton leaves/40 Images/Powdery mildew/random_crop_9.jpg,cotton,cotton::Powdery mildew,Powdery mildew,4,1,train,,
/kaggle/input/datasets/dhamur/cotton-plant-disease/Cotton leaves/40 Images/Target spot/32.jpg,cotton,cotton::Target spot,Target spot,5,1,train,,
/kaggle/input/datasets/dhamur/cotton-plant-disease/Cotton leaves/40 Images/Aphids/rotate_zoompil_brightness_6.jpg,cotton,cotton::Aphids,Aphids,0,1,train,,
/kaggle/input/datasets/dhamur/cotton-plant-disease/Cotton leaves/40 Images/Bacterial blight/pil_constract_23.jpg,cotton,cotton::Bacterial blight,Bacterial blight,2,1,train,,
/kaggle/working/exp02_robust_open_set/unknown_sources/cifar10/train/00775_e3aad5e0313c.png,cifar10,cifar10::e3aad5e0313c89c8,Unclassified,6,0,train,object_vehicle,automobile
/kaggle/input/datasets/dhamur/cotton-plant-disease/Cotton leaves/40 Images/Bacterial blight/vertical_flip8.jpg,cotton,cotton::Bacterial blight,Bacterial blight,2,1,train,,
/kaggle/working/exp02_robust_open_set/unknown_sources/cifar10/train/00667_0920cf848ded.png,cifar10,cifar10::0920cf848ded5a6b,Unclassified,6,0,train,object_vehicle,truck
/kaggle/working/exp02_robust_open_set/unknown_sources/cifar10/train/00402_0f771a6b8acc.png,cifar10,cifar10::0f771a6b8acc54cd,Unclassified,6,0,train,animal,bird
/kaggle/working/exp02_robust_open_set/unknown_sources/cifar10/train/00022_c2e571f0cfef.png,cifar10,cifar10::c2e571f0cfefec97,Unclassified,6,0,train,object_vehicle,ship
/kaggle/input/datasets/dhamur/cotton-plant-disease/Cotton leaves/40 Images/Bacterial blight/pil_sharpness_2.jpg,cotton,cotton::Bacterial blight,Bacterial blight,2,1,train,,
/kaggle/input/datasets/dhamur/cotton-plant-disease/Cotton leaves/40 Images/Army worm/random_translation_4.jpg,cotton,cotton::Army worm,Army worm,1,1,train,,
/kaggle/input/datasets/dhamur/cotton-plant-disease/Cotton leaves/40 Images/Bacterial blight/random_crop_11.jpg,cotton,cotton::Bacterial blight,Bacterial blight,2,1,train,,
/kaggle/input/datasets/dhamur/cotton-plant-disease/Cotton leaves/40 Images/Powdery mildew/pil_brightness_37.jpg,cotton,cotton::Powdery mildew,Powdery mildew,4,1,train,,
/kaggle/input/datasets/dhamur/cotton-plant-disease/Cotton leaves/40 Images/Army worm/random_translation_pil_brightness_14.jpg,cotton,cotton::Army worm,Army worm,1,1,train,,
/kaggle/working/exp02_robust_open_set/unknown_sources/cifar10/train/00362_e310d24a39dd.png,cifar10,cifar10::e310d24a39ddfc85,Unclassified,6,0,train,animal,cat
/kaggle/working/exp02_robust_open_set/unknown_sources/cifar10/train/00131_bc842f6137c9.png,cifar10,cifar10::bc842f6137c90bfb,Unclassified,6,0,train,animal,horse
/kaggle/input/datasets/dhamur/cotton-plant-disease/Cotton leaves/40 Images/Bacterial blight/rotate_zoompil_constract_16.jpg,cotton,cotton::Bacterial blight,Bacterial blight,2,1,train,,
/kaggle/input/datasets/dhamur/cotton-plant-disease/Cotton leaves/40 Images/Aphids/vertical_flippil_constract_20.jpg,cotton,cotton::Aphids,Aphids,0,1,train,,
/kaggle/input/datasets/dhamur/cotton-plant-disease/Cotton leaves/40 Images/Healthy/rotate_zoompil_color_26.jpg,cotton,cotton::Healthy,Healthy,3,1,train,,
/kaggle/input/datasets/dhamur/cotton-plant-disease/Cotton leaves/40 Images/Target spot/vertical_flip3.jpg,cotton,cotton::Target spot,Target spot,5,1,train,,
/kaggle/working/exp02_robust_open_set/unknown_sources/cifar10/train/00469_3b23d117c3c2.png,cifar10,cifar10::3b23d117c3c26b5b,Unclassified,6,0,train,animal,bird
/kaggle/working/exp02_robust_open_set/unknown_sources/cifar10/train/00097_2ae26cd67180.png,cifar10,cifar10::2ae26cd67180e69f,Unclassified,6,0,train,animal,horse
/kaggle/input/datasets/dhamur/cotton-plant-disease/Cotton leaves/40 Images/Bacterial blight/pil_constract_15.jpg,cotton,cotton::Bacterial blight,Bacterial blight,2,1,train,,
/kaggle/input/datasets/dhamur/cotton-plant-disease/Cotton leaves/40 Images/Target spot/pil_brightness_25.jpg,cotton,cotton::Target spot,Target spot,5,1,train,,
/kaggle/input/datasets/dhamur/cotton-plant-disease/Cotton leaves/40 Images/Healthy/vertical_flip3.jpg,cotton,cotton::Healthy,Healthy,3,1,train,,
/kaggle/working/exp02_robust_open_set/unknown_sources/cifar10/train/00355_2647632303d8.png,cifar10,cifar10::2647632303d84b10,Unclassified,6,0,train,object_vehicle,automobile
/kaggle/input/datasets/dhamur/cotton-plant-disease/Cotton leaves/40 Images/Bacterial blight/vertical_flippil_sharpness_15.jpg,cotton,cotton::Bacterial blight,Bacterial blight,2,1,train,,
/kaggle/input/datasets/dhamur/cotton-plant-disease/Cotton leaves/40 Images/Army worm/vertical_flip6.jpg,cotton,cotton::Army worm,Army worm,1,1,train,,
/kaggle/working/exp02_robust_open_set/unknown_sources/cifar10/train/00797_d688e7e0b4ba.png,cifar10,cifar10::d688e7e0b4ba6bea,Unclassified,6,0,train,animal,horse
/kaggle/input/datasets/dhamur/cotton-plant-disease/Cotton leaves/40 Images/Aphids/pil_brightness_17.jpg,cotton,cotton::Aphids,Aphids,0,1,train,,
/kaggle/input/datasets/dhamur/cotton-plant-disease/Cotton leaves/40 Images/Healthy/pil_constract_31.jpg,cotton,cotton::Healthy,Healthy,3,1,train,,
/kaggle/working/exp02_robust_open_set/unknown_sources/cifar10/train/00707_f69b25572175.png,cifar10,cifar10::f69b255721757a5b,Unclassified,6,0,train,animal,horse
/kaggle/input/datasets/dhamur/cotton-plant-disease/Cotton leaves/40 Images/Bacterial blight/vertical_flippil_color_36.jpg,cotton,cotton::Bacterial blight,Bacterial blight,2,1,train,,
/kaggle/input/datasets/dhamur/cotton-plant-disease/Cotton leaves/40 Images/Army worm/rotate_zoompil_constract_37.jpg,cotton,cotton::Army worm,Army worm,1,1,train,,
/kaggle/input/datasets/dhamur/cotton-plant-disease/Cotton leaves/40 Images/Target spot/pil_constract_5.jpg,cotton,cotton::Target spot,Target spot,5,1,train,,
/kaggle/input/datasets/dhamur/cotton-plant-disease/Cotton leaves/40 Images/Powdery mildew/rotate_zoom26.jpg,cotton,cotton::Powdery mildew,Powdery mildew,4,1,train,,
/kaggle/input/datasets/dhamur/cotton-plant-disease/Cotton leaves/40 Images/Bacterial blight/pil_color_3.jpg,cotton,cotton::Bacterial blight,Bacterial blight,2,1,train,,
/kaggle/input/datasets/dhamur/cotton-plant-disease/Cotton leaves/40 Images/Target spot/random_crop_pil_constract_40.jpg,cotton,cotton::Target spot,Target spot,5,1,train,,
/kaggle/input/datasets/dhamur/cotton-plant-disease/Cotton leaves/40 Images/Aphids/pil_constract_24_.jpg,cotton,cotton::Aphids,Aphids,0,1,train,,
/kaggle/input/datasets/dhamur/cotton-plant-disease/Cotton leaves/40 Images/Army worm/random_translation_pil_sharpness_2.jpg,cotton,cotton::Army worm,Army worm,1,1,train,,
/kaggle/working/exp02_robust_open_set/unknown_sources/cifar10/train/00329_eac2f917df5d.png,cifar10,cifar10::eac2f917df5de456,Unclassified,6,0,train,object_vehicle,truck
/kaggle/working/exp02_robust_open_set/unknown_sources/cifar10/train/00303_8bf8b5f6b873.png,cifar10,cifar10::8bf8b5f6b873f802,Unclassified,6,0,train,animal,bird
/kaggle/input/datasets/dhamur/cotton-plant-disease/Cotton leaves/40 Images/Aphids/pil_color_6.jpg,cotton,cotton::Aphids,Aphids,0,1,train,,
/kaggle/input/datasets/dhamur/cotton-plant-disease/Cotton leaves/40 Images/Bacterial blight/random_crop_pil_sharpness_4.jpg,cotton,cotton::Bacterial blight,Bacterial blight,2,1,train,,
/kaggle/working/exp02_robust_open_set/unknown_sources/cifar10/train/00220_2e4e62a07ae1.png,cifar10,cifar10::2e4e62a07ae1446d,Unclassified,6,0,train,animal,dog
/kaggle/input/datasets/dhamur/cotton-plant-disease/Cotton leaves/40 Images/Bacterial blight/pil_color_10.jpg,cotton,cotton::Bacterial blight,Bacterial blight,2,1,train,,
/kaggle/input/datasets/dhamur/cotton-plant-disease/Cotton leaves/40 Images/Target spot/random_crop_pil_color_9.jpg,cotton,cotton::Target spot,Target spot,5,1,train,,
/kaggle/input/datasets/dhamur/cotton-plant-disease/Cotton leaves/40 Images/Target spot/rotate_zoompil_brightness_7.jpg,cotton,cotton::Target spot,Target spot,5,1,train,,
